borough,time_of_day,incident_severity_level,call_volume_density,response_minutes
BROOKLYN,day,1,0.1335284925527765,14.844047297926611
STATEN ISLAND,night,2,0.12371259897452586,14.409563326609412
QUEENS,night,4,0.7652122004228916,15.30709139712473
BROOKLYN,day,4,0.3862087343328683,9.903471342188823
MANHATTAN,night,3,0.8166701673708973,17.47293406718392
MANHATTAN,day,3,0.4885595414585643,14.8763090102883
MANHATTAN,night,3,0.5076982907469675,15.991782622885802
BRONX,day,1,0.5615943422586164,16.65638870369894
QUEENS,night,2,0.7417283107375935,15.613703973345551
QUEENS,day,2,0.34615257924673637,13.238706906751455
MANHATTAN,day,2,0.2094286145801742,13.974971739333013
STATEN ISLAND,day,4,0.6004516016723154,12.681324411040865
BRONX,night,2,0.39427986091846534,13.44537768819137
MANHATTAN,night,2,0.4982421823012336,15.791437505006837
MANHATTAN,night,3,0.6822520375035749,13.987823375171505
MANHATTAN,night,4,0.5447131670271436,14.84917697377128
BROOKLYN,day,2,0.6582509353907586,18.4038671993573
BROOKLYN,day,1,0.5897800019022651,17.64108189532818
BROOKLYN,day,3,0.7658167347424892,15.620269538050312
MANHATTAN,day,4,0.735342955940458,15.423595496352451
QUEENS,day,3,0.5807709026277573,15.744389275934328
MANHATTAN,day,4,0.7110127187737362,15.211915569105987
MANHATTAN,day,5,0.8862036420453515,13.423273342324647
BROOKLYN,day,4,0.4890441590093517,10.636199947177058
BROOKLYN,day,3,0.4714867654739143,12.726512460384257
QUEENS,day,3,0.7878210587671421,15.408700222361382
MANHATTAN,night,1,0.6242984533377947,18.171546918854713
BROOKLYN,night,5,0.1639061022003297,9.099350911491053
BROOKLYN,night,3,0.9029008141219732,16.205346472309344
MANHATTAN,day,2,0.12770479201387613,12.8603054305369
QUEENS,day,3,0.7735567205887688,13.81568072608331
MANHATTAN,night,2,0.7829147284338815,20.26377114606811
MANHATTAN,day,3,0.9577999767537374,18.992485147919663
BRONX,day,3,0.1487209675620887,13.743307831347126
STATEN ISLAND,day,3,0.6371711747060419,14.189553716495395
BRONX,day,4,0.48505651356434765,11.736877647830452
BROOKLYN,day,2,0.3975696593735878,16.772211892916246
MANHATTAN,day,3,0.18128670426916574,12.838681976115454
QUEENS,night,3,0.6063887077041783,14.406536724425582
BROOKLYN,day,3,0.5311366531071523,14.400998990305867
MANHATTAN,day,4,0.19409901233592186,7.825358517042674
BROOKLYN,night,3,0.651240556387375,17.158745631271763
MANHATTAN,day,3,0.7641578082276446,17.256230488628994
BRONX,day,2,0.7905504709482835,17.834365734206056
MANHATTAN,night,5,0.9148358694361847,14.372301876610527
QUEENS,day,3,0.4685236676998995,13.441517224512703
BROOKLYN,day,4,0.9577654917599233,14.908740973424004
BROOKLYN,day,1,0.8788864645744174,20.652657242502443
BROOKLYN,day,2,0.3668514139215452,13.416016177211086
MANHATTAN,day,3,0.24335473361451265,13.505087887458988
STATEN ISLAND,night,4,0.4918504565152121,11.670916132034202
QUEENS,day,3,0.4617088371603699,12.96270448095492
BRONX,day,5,0.6181473747980839,11.962999287152776
BRONX,day,3,0.6250476090949731,13.573208188436224
BROOKLYN,day,3,0.7749882859419777,14.878431733547698
BRONX,day,2,0.5589009533850492,16.216916742234492
MANHATTAN,day,4,0.19434037684668898,12.17747203504874
MANHATTAN,day,2,0.8724622019977955,16.72116552638362
MANHATTAN,day,4,0.37878812486666835,13.188547573766265
BROOKLYN,day,5,0.9741677142759329,13.48024834234196
BROOKLYN,day,5,0.20607409781179314,8.908114331007761
MANHATTAN,night,3,0.9624260550092529,16.3483478492821
BRONX,day,3,0.1819106261942653,10.860478382038675
BROOKLYN,day,4,0.3079325241523535,12.560911797626671
MANHATTAN,day,2,0.14192194787788745,14.261928709982525
BROOKLYN,night,3,0.7346018319750954,15.31557782578665
MANHATTAN,day,1,0.8652688629146126,20.38446158578774
BRONX,night,3,0.4906639736343824,14.476370018220646
MANHATTAN,night,2,0.9356698675381867,19.91044753439422
STATEN ISLAND,night,2,0.6312691645800397,15.013217169294096
QUEENS,day,3,0.6670064219018709,15.847092675438162
MANHATTAN,day,3,0.8608772815306929,18.460257494237503
MANHATTAN,night,3,0.36712018454665507,14.582327634509731
BRONX,night,1,0.4188391491948632,16.687988609258692
QUEENS,night,3,0.9153567272751799,16.938604041432114
QUEENS,day,2,0.9108671464348874,18.09775735798819
QUEENS,day,3,0.9788344985807838,17.835384326942233
MANHATTAN,day,3,0.911654484797504,18.705227803269747
BROOKLYN,night,3,0.2146348324300248,11.173221729093887
MANHATTAN,day,4,0.8413518575232886,14.265631269011328
BRONX,day,2,0.4688546302986347,14.506055643656236
QUEENS,night,4,0.9917212203513441,16.21755436036404
BROOKLYN,day,3,0.525052867895921,12.521272845197993
MANHATTAN,night,3,0.5984524742519985,16.063649949567584
BROOKLYN,day,3,0.5767974237311188,15.184234963563826
BROOKLYN,day,1,0.38956332687245,18.12733929509436
QUEENS,day,3,0.16751988000362636,11.505285648820236
QUEENS,night,3,0.9060861073617267,14.47770842915054
BRONX,day,2,0.8224082312736581,16.494427550501033
BROOKLYN,day,1,0.22557410250370236,14.247837039996677
MANHATTAN,night,1,0.7990914442150656,19.44856162779816
QUEENS,day,5,0.663261999445549,11.091721115487356
QUEENS,day,3,0.4682294091258601,11.844961327852822
BROOKLYN,day,2,0.32861903418600646,16.50081811099179
QUEENS,day,3,0.8737559051520092,14.28907573714513
BROOKLYN,day,3,0.7301694333646477,17.361425425505185
BROOKLYN,day,4,0.5929659185222232,14.67647410812166
BROOKLYN,day,1,0.6486116805086177,19.49393898293286
MANHATTAN,day,2,0.1819595638739629,13.650217236184659
MANHATTAN,night,4,0.5265277848200728,13.933371656342755
MANHATTAN,day,1,0.2743302635071318,15.150301352535616
QUEENS,day,2,0.28754531110794285,14.762132964242127
BROOKLYN,day,5,0.69517356605818,12.229846441534649
BROOKLYN,day,3,0.9201305366508593,16.48966423072656
BRONX,day,2,0.4633809494305119,13.843482355310805
MANHATTAN,day,1,0.28697434571097136,13.792325904766493
BROOKLYN,night,1,0.6838722435129888,17.39892055439152
QUEENS,day,2,0.8840683417152859,18.881802055884844
MANHATTAN,night,4,0.7734869210102417,14.644264872396807
MANHATTAN,night,3,0.8818815074829285,17.22903517010098
MANHATTAN,day,4,0.5828992039097194,14.67551005535932
MANHATTAN,day,5,0.7766886199322718,15.715278683299285
BRONX,day,3,0.22605810342304283,13.759383258184545
BRONX,night,2,0.41344715382687236,13.820604495295246
QUEENS,day,3,0.4505942480333702,10.797777926492019
BRONX,day,5,0.5601661716214311,13.972617226459427
BRONX,day,4,0.9361687242311414,17.907886641493764
MANHATTAN,night,1,0.8868669041999568,20.890779193014858
BRONX,night,3,0.2210729430602661,10.612388235193544
BROOKLYN,day,3,0.2555106866942169,13.816691304185138
BRONX,night,5,0.4218764946300202,10.112616791879999
BRONX,day,2,0.36166947930160653,14.51527426773251
BROOKLYN,day,3,0.6532938578406361,16.31976068769029
MANHATTAN,night,4,0.9124984429880904,16.432489575670544
MANHATTAN,day,3,0.9660623875053281,16.5564276255667
BROOKLYN,day,3,0.6882426572817039,15.083886950232705
BRONX,day,1,0.854343281260978,20.246614842589974
BRONX,night,2,0.5726819802077174,16.634735538236185
MANHATTAN,night,2,0.2874942521740358,15.483132528361404
BROOKLYN,day,5,0.5722195708841297,12.63953475611788
BROOKLYN,night,2,0.599574341293886,16.06317283302954
MANHATTAN,day,3,0.7682118077922009,16.907780480912194
MANHATTAN,day,3,0.29789469073661423,9.585620569574871
BROOKLYN,day,2,0.43147934387805853,14.865035502596006
BRONX,day,3,0.42762472229310966,14.396244185195986
BROOKLYN,day,4,0.9634956361670484,15.194248274545243
BROOKLYN,night,4,0.49955046429404704,12.087605147850772
QUEENS,day,3,0.7795845705683319,14.017556166564376
BROOKLYN,day,3,0.7757302432369951,17.246285652315443
STATEN ISLAND,day,2,0.3389897663229172,13.861589409347646
STATEN ISLAND,day,5,0.6146827204345588,11.185935200212334
MANHATTAN,night,2,0.9048726039867833,17.110215171564626
BROOKLYN,day,4,0.5276779475112545,12.637366606904395
BROOKLYN,day,2,0.9506057566082915,18.442804208653886
MANHATTAN,night,5,0.2930124063917454,10.067894593628083
MANHATTAN,day,4,0.16674319519662767,10.444597716316533
QUEENS,day,4,0.9023084858302743,14.049680031760765
BROOKLYN,day,2,0.8629130781659949,19.228508747326952
MANHATTAN,day,3,0.9933308883404602,15.861229150195596
MANHATTAN,night,3,0.7114541393011834,18.457205627094236
BRONX,night,4,0.9430191340004346,15.810233721034578
MANHATTAN,day,2,0.8442541225756998,18.736853521949794
MANHATTAN,night,5,0.8599836998080782,15.17809502440002
BROOKLYN,day,4,0.6122274134088415,11.63727649295535
STATEN ISLAND,day,2,0.4441281381250398,13.089191811631542
MANHATTAN,day,4,0.9411022652889537,16.071874205509538
QUEENS,day,3,0.4889054580543051,15.016557921871597
QUEENS,day,3,0.5849374305247022,13.946297401058695
MANHATTAN,day,2,0.501502876412669,17.099834302104522
QUEENS,night,3,0.6083364825641774,13.4466923415438
BROOKLYN,day,4,0.5234545710930945,13.386665194866103
QUEENS,day,3,0.1431708027215283,13.143297729259281
QUEENS,day,3,0.8938433674069287,17.20461391815397
BROOKLYN,day,3,0.49995443702419284,14.151956655323799
MANHATTAN,day,4,0.6300492836566138,15.005909360486552
BRONX,day,1,0.22526902248218833,16.05726899166288
BROOKLYN,night,4,0.10304906318437523,10.67772411673517
MANHATTAN,day,3,0.3207610842792787,15.119291080847802
MANHATTAN,day,2,0.7341274289200153,19.39720153258506
BROOKLYN,day,2,0.18927507710159075,13.677697684910479
QUEENS,day,3,0.917998696347821,16.93724640003416
MANHATTAN,day,4,0.29352031242056614,11.548168125341927
BROOKLYN,night,3,0.28413425286259825,11.739185768028195
MANHATTAN,day,4,0.26335716545934595,11.488429068640965
QUEENS,day,1,0.11258354167422828,14.040259238794984
MANHATTAN,day,3,0.7946249216304111,14.87116480358408
QUEENS,day,5,0.8875310781207327,13.801351079084826
BROOKLYN,day,4,0.652746432354579,10.322061303181886
BRONX,night,2,0.2693799835118761,17.308750220210783
MANHATTAN,day,3,0.3567501972467918,15.821131242659728
BROOKLYN,night,2,0.5283340276284669,15.720960710578261
MANHATTAN,day,3,0.9589113564609707,17.944235449672835
BRONX,night,4,0.32261623463596856,11.560571773438534
BRONX,day,4,0.7584813135278993,13.323136072344615
MANHATTAN,night,2,0.4955034009636283,16.75191508336791
QUEENS,day,5,0.3680626135240196,9.219607014664135
BRONX,night,3,0.5103243433199024,13.903980970902206
BROOKLYN,day,3,0.16408604578710928,12.284312573792977
BROOKLYN,day,3,0.8188186338373262,14.746087761917828
MANHATTAN,day,3,0.3189717351846704,13.820799947660735
MANHATTAN,night,3,0.7528709108736734,16.789798216619847
BRONX,day,3,0.16151353430337526,11.904457518599036
BRONX,night,3,0.9595887005491175,16.678329647045878
QUEENS,day,2,0.27371348686512875,14.944566995786584
BROOKLYN,day,4,0.8944678685863724,14.78965807995356
BROOKLYN,day,3,0.828525888653891,16.65820936443812
QUEENS,night,2,0.9710739316732744,19.66873759658694
BRONX,night,4,0.5301015948511747,12.45040899850826
BRONX,night,5,0.7546575644613563,12.662630089959876
QUEENS,day,5,0.43363959133400565,9.70299578009316
QUEENS,day,3,0.2659314142177245,13.413397944691528
MANHATTAN,night,2,0.4987683396401039,16.23272473375712
MANHATTAN,day,3,0.2491741138496094,14.859657232768306
BRONX,night,2,0.9838401605077456,18.57065556972387
QUEENS,night,5,0.18662184202664472,7.181690305035571
MANHATTAN,night,2,0.6302905511073583,18.212136386886776
MANHATTAN,night,2,0.6638174697286503,17.24921215272944
QUEENS,day,3,0.5842715885866488,14.742366404732211
MANHATTAN,day,3,0.6959672971406502,12.948502169505746
MANHATTAN,night,4,0.20456269751070186,11.435903848093497
BROOKLYN,day,3,0.599516671784762,14.345332008091976
QUEENS,night,2,0.3584913140146254,12.854283117257532
QUEENS,night,2,0.9461584569709509,17.286140768103422
MANHATTAN,day,3,0.7858644880957532,16.119675399471213
QUEENS,night,2,0.9752630339437685,18.081626766813798
MANHATTAN,day,3,0.1338004627661706,10.92891125443816
BROOKLYN,day,3,0.3566198576626378,13.697557611118803
QUEENS,day,4,0.2758803279745141,12.032679874081287
QUEENS,day,5,0.11003912858064746,8.0523685321116
BRONX,day,5,0.3180931572216893,10.53839185301579
QUEENS,day,5,0.710898385168386,12.934314449131065
BROOKLYN,night,2,0.30798002992111173,16.08565760910824
MANHATTAN,night,2,0.5581031009343564,19.171836587458884
BROOKLYN,day,2,0.8990363034684987,17.84469357461413
MANHATTAN,day,4,0.7243821283141677,13.94630305184875
MANHATTAN,night,5,0.4551661629154288,12.398738836939968
STATEN ISLAND,day,4,0.43522204502089745,11.47886275622471
BROOKLYN,day,2,0.5101622326076363,16.846864871488464
BRONX,day,5,0.2593372969539157,11.452831375300754
QUEENS,day,3,0.6706006906743893,14.572548379941722
QUEENS,day,1,0.427737537194145,16.691681863337365
BROOKLYN,night,3,0.8671288143358393,15.459871391402785
BROOKLYN,day,1,0.7808973940520346,21.838218410109373
BROOKLYN,day,3,0.649461847682944,14.817648104488203
MANHATTAN,day,2,0.4277820003845645,15.710723888706672
QUEENS,day,3,0.28893864850613593,11.662001346079991
MANHATTAN,night,3,0.7985366776950605,16.116613374644686
MANHATTAN,night,4,0.5377681890919779,12.720168770480676
QUEENS,night,3,0.3022750343596218,11.53634258387011
MANHATTAN,day,3,0.2756571535360056,11.852816384322903
BRONX,night,4,0.24886081405122312,9.775213787017064
STATEN ISLAND,night,5,0.7994450765850355,13.735148731539873
BRONX,night,2,0.30608846677028057,15.172361206376467
BROOKLYN,day,3,0.5739780371726778,15.841942253695667
MANHATTAN,day,2,0.5063917248757508,18.00419675659268
BRONX,day,1,0.6216498093054555,20.14168523772033
BROOKLYN,night,3,0.8894394103340748,14.655649105438872
STATEN ISLAND,day,4,0.8809726510735576,12.050462493634276
STATEN ISLAND,day,2,0.5059684646423737,13.324326627101806
BRONX,night,4,0.11382962566125099,9.276216811010613
MANHATTAN,night,4,0.4837994251428729,12.884012994726374
BROOKLYN,night,5,0.6455741836817264,11.459859130563974
BRONX,day,2,0.6019882831882556,16.476094536482126
BROOKLYN,night,5,0.686202495220185,12.302670687825461
MANHATTAN,day,2,0.23866815922577514,13.983941280753639
BROOKLYN,day,3,0.6818815889026593,12.8215717954822
BRONX,day,1,0.264386456869395,14.427069523196629
QUEENS,day,1,0.775471582627074,17.781478903100894
BROOKLYN,day,4,0.405178851936412,11.737167213417415
MANHATTAN,night,3,0.7389058900433082,15.14728733410886
QUEENS,day,2,0.1430790390154964,12.141045993805024
STATEN ISLAND,night,2,0.4670740230318221,12.67879628352414
MANHATTAN,day,3,0.7345310700369995,16.323468733382498
BROOKLYN,day,1,0.30418346469834473,14.889482926504101
BRONX,day,4,0.8157583403175003,13.383743624419195
QUEENS,day,1,0.6677017597944388,16.169640481476883
QUEENS,day,2,0.6288055949348185,15.70303553239258
QUEENS,day,3,0.41819396878390347,11.878523473152493
BROOKLYN,day,3,0.5342063233430059,15.560482221740054
MANHATTAN,day,3,0.6376143708800678,16.33151373075192
BRONX,day,2,0.5252159025234014,15.63008112458174
BRONX,night,5,0.7284819915465041,11.27815034823973
BRONX,day,3,0.4903272397962636,14.343751425055276
BRONX,night,1,0.28204586356782735,16.562139180409243
BROOKLYN,night,3,0.29254040452094254,13.072738724028081
BROOKLYN,night,4,0.105223391958647,12.008394274291522
QUEENS,night,2,0.37086194400280525,14.762167417708014
QUEENS,day,1,0.7740258764306677,19.527496857880983
QUEENS,night,4,0.8147464379538486,14.05613034534319
QUEENS,night,3,0.282220787886175,12.845232465168507
BRONX,day,3,0.963139597184267,16.004269902494723
BROOKLYN,day,1,0.552162514132114,17.23897830600339
BROOKLYN,day,2,0.9252808741166524,19.033561945937098
MANHATTAN,night,3,0.736088753675468,16.8950962767594
BROOKLYN,night,2,0.7501900807201718,18.085369712213016
MANHATTAN,day,3,0.17653925917546404,14.167976655374991
BROOKLYN,day,3,0.29799201420723764,11.22698268616855
BROOKLYN,day,2,0.10793334996502538,12.132223717640311
MANHATTAN,day,5,0.7445148764290638,13.614833866078019
BROOKLYN,night,4,0.40999445958565905,11.195727629142631
MANHATTAN,day,4,0.807987264468712,19.40523910859386
MANHATTAN,day,1,0.40504259794332365,18.151640429635766
BRONX,day,2,0.837400377068975,17.64910543223215
BROOKLYN,night,3,0.21762842837348173,11.796021656727001
MANHATTAN,day,2,0.25603584108175736,14.38803822719977
BROOKLYN,night,5,0.40678888562554283,10.480296550144242
QUEENS,day,2,0.46763864999404603,14.97402954410681
MANHATTAN,day,3,0.41383252975868057,13.841872469799208
QUEENS,day,3,0.7872823292708979,14.989552444436953
MANHATTAN,day,3,0.18725625336404322,14.530307137147796
MANHATTAN,day,2,0.41609531767463925,17.666025520066395
BROOKLYN,night,3,0.8535159995639134,16.85029477308729
BROOKLYN,night,2,0.1601173695359548,12.031251229299622
QUEENS,night,4,0.9481091569042217,15.408913307844292
QUEENS,day,1,0.9876851580448116,21.685092457224506
STATEN ISLAND,night,5,0.17971135644257208,9.011861139231574
BROOKLYN,day,4,0.3621452700301633,12.635255278567662
BROOKLYN,day,2,0.4351605994318205,17.13545144264982
QUEENS,day,4,0.7987522317874535,13.855950633593272
MANHATTAN,day,1,0.6363341309050604,19.78989541468334
BROOKLYN,night,5,0.6799291304433106,11.402608668291302
MANHATTAN,day,3,0.7817588405366553,17.132151010875113
MANHATTAN,day,2,0.20618109949332314,16.235618239471233
STATEN ISLAND,day,3,0.8498885112192361,14.216967229140765
BRONX,day,1,0.7350578237621296,17.6441437390967
QUEENS,day,5,0.6196075526767333,11.144435819227203
BROOKLYN,day,1,0.900761801304751,19.782957064012084
MANHATTAN,night,3,0.7302757184954264,17.225769435504773
MANHATTAN,night,3,0.2815299663679229,12.986033350255047
MANHATTAN,day,5,0.4867708429681,13.726138018015906
BROOKLYN,day,2,0.5446385802421599,14.592539454020772
QUEENS,day,3,0.1496958640753651,12.677504859953554
QUEENS,night,3,0.9591737620240501,15.516810379186602
MANHATTAN,day,4,0.21571953471719063,9.34699769416091
STATEN ISLAND,day,1,0.7277151405040542,17.61559860089499
QUEENS,day,2,0.5556079324817922,15.105921977914988
BROOKLYN,day,2,0.12306902489598033,12.068417420340237
QUEENS,day,4,0.9322727282779255,12.6421204637482
BROOKLYN,night,2,0.8666531279370399,18.223212386865015
MANHATTAN,day,3,0.571832135113452,16.58791314818602
BROOKLYN,day,2,0.30604810252550074,15.291256858119489
QUEENS,night,4,0.20946060161208482,10.02954188908567
MANHATTAN,night,5,0.42705323148891394,11.850463092539224
MANHATTAN,day,3,0.32988545294148147,13.8115984852662
MANHATTAN,day,3,0.5560220809056688,13.5984744342504
MANHATTAN,day,2,0.9697683665110861,17.89842160005393
BRONX,night,1,0.6174581439066773,17.669675700611787
QUEENS,day,2,0.9009379503010881,17.463312733317785
BROOKLYN,night,3,0.6857909537461995,16.478820413558417
MANHATTAN,night,3,0.5277218739284805,16.03895724906482
BROOKLYN,day,5,0.8691468064600341,14.17561386090096
BROOKLYN,day,3,0.5242312991556978,14.071164188819418
MANHATTAN,day,3,0.8817653534593249,15.774692193353445
BROOKLYN,day,3,0.3624190926181887,13.850209466497455
BROOKLYN,day,3,0.21593176638668932,13.033759657428082
QUEENS,night,2,0.8697830179266445,14.587351861549966
QUEENS,night,3,0.6286736474134001,13.285172884287906
MANHATTAN,day,3,0.9001831584240642,16.721925276883745
BROOKLYN,night,4,0.9440444862931449,15.678309402253566
QUEENS,day,5,0.14826555133430427,6.9996935643541445
BROOKLYN,day,2,0.5508723716729815,16.134908933284812
BRONX,day,1,0.4374680941670763,16.490900683662407
QUEENS,day,3,0.6632725573631054,14.320292257014913
MANHATTAN,night,3,0.8142320774820911,16.132835351192696
MANHATTAN,night,2,0.35253119437693203,14.824670698570046
QUEENS,day,4,0.6011185459358545,11.210950076846224
MANHATTAN,day,5,0.7378557219144096,13.752143121132262
BROOKLYN,day,5,0.22098797455216063,9.921744988898688
BRONX,day,2,0.8326602153561402,16.787549859664505
BROOKLYN,night,4,0.6454986398676757,15.420509274360345
BROOKLYN,night,4,0.9545836934022867,15.227272270184404
QUEENS,day,3,0.405576027217624,14.672466925470427
BROOKLYN,day,3,0.1973313481034788,11.512101154074688
BROOKLYN,day,4,0.5558510809332328,10.581138694146691
BRONX,day,3,0.17722969453849496,12.334630404395037
BROOKLYN,day,3,0.9725738709916061,17.619984287588224
STATEN ISLAND,day,3,0.13481646243147238,10.317579560173668
BRONX,night,3,0.7781535109965773,14.987318847344964
MANHATTAN,night,2,0.5725921583280197,16.980362358549144
MANHATTAN,day,5,0.43175858724845984,10.692919467671556
MANHATTAN,day,3,0.1592579480577892,12.37235718277753
MANHATTAN,day,3,0.659950231756247,16.999635213333697
MANHATTAN,day,1,0.6266982964518597,19.194599602373202
QUEENS,night,3,0.3527949457608398,13.225108812243832
MANHATTAN,day,2,0.9191995312692809,18.996554745299377
BROOKLYN,day,1,0.37369900660855326,16.218622727989867
BRONX,day,3,0.5047528695328956,12.596714614897447
MANHATTAN,night,3,0.5893862103267902,15.0869664320423
BRONX,day,3,0.1902086903586575,7.951019020624308
MANHATTAN,day,1,0.9389455472922691,20.29487969783299
MANHATTAN,day,3,0.43708253720593704,14.442787479209583
QUEENS,night,2,0.17270129248690924,13.598966786289099
QUEENS,night,5,0.448562056307797,9.59323991297073
BRONX,day,3,0.6401822923833226,15.278393151185595
QUEENS,night,3,0.5622874046391966,11.239121736486483
BRONX,night,2,0.7250877766335466,16.944866325469714
MANHATTAN,night,1,0.14993554786111957,13.859177709601195
MANHATTAN,day,5,0.3560865492448505,9.364598351300328
QUEENS,day,2,0.837307519156092,17.017900217077965
BRONX,day,3,0.17190431901222478,13.348894859027725
STATEN ISLAND,night,3,0.8699373592263618,15.500040951135421
BROOKLYN,day,1,0.18270648286939561,15.409469335215613
BROOKLYN,night,4,0.8510087934025267,14.9081206897559
QUEENS,day,3,0.424709560970854,12.10425747446519
BROOKLYN,night,2,0.6509881569314943,16.178642924007494
BRONX,night,1,0.23759840408319838,15.957240881105747
BRONX,day,2,0.15955184955266277,11.674654399958916
BROOKLYN,night,4,0.2943443836181216,12.024903353857416
QUEENS,day,3,0.215068436117826,11.131736354223246
QUEENS,night,2,0.3811653079116686,15.268242991269325
MANHATTAN,day,1,0.5629449218599182,19.712454140767967
BRONX,day,3,0.6298835172085085,12.786542046848417
BROOKLYN,night,3,0.8108812966417686,15.572831512298833
BRONX,day,3,0.6906159039235228,14.16237014997415
BROOKLYN,night,3,0.6478824926165977,13.035962643920115
BRONX,day,2,0.4706038247371972,14.11988492934049
BROOKLYN,day,3,0.5264275914641249,17.35128635883522
MANHATTAN,day,5,0.47306874645116304,12.306358727387487
BRONX,day,2,0.8579494270552448,20.177416838185998
MANHATTAN,day,3,0.3070004072935599,14.690420775430141
BROOKLYN,day,3,0.10514883838776817,10.793255656310322
STATEN ISLAND,day,3,0.6861879075036154,13.402095962764648
STATEN ISLAND,day,2,0.2822159652749483,13.540527190575533
BROOKLYN,night,4,0.9011036226788284,15.782180991580029
QUEENS,night,3,0.8731416967359904,15.182610609933937
BROOKLYN,day,3,0.1690546347353853,10.286863321084954
MANHATTAN,night,2,0.19574956487266962,18.51768559653884
BROOKLYN,day,2,0.5456544330219997,15.977374207831632
QUEENS,night,1,0.6483003964924192,17.223065905381585
QUEENS,night,4,0.3474175037340167,10.994215130957471
QUEENS,night,2,0.7451179450294336,16.351992335518084
QUEENS,day,3,0.6354244188269844,14.477533411621978
MANHATTAN,night,3,0.3923416987736993,15.794557785368749
BROOKLYN,day,3,0.12283433923808404,11.648965029423838
MANHATTAN,night,3,0.7751352531686659,15.343126618403012
BROOKLYN,day,3,0.2932782992425744,12.7123363917024
BROOKLYN,day,2,0.8510263691163655,17.574389261564484
BRONX,night,2,0.4782612340488297,17.117376746013615
BROOKLYN,night,3,0.6193696983685889,16.431245917080915
MANHATTAN,day,3,0.8856538573681016,17.58578007340962
MANHATTAN,night,2,0.877260700827958,17.46771152959862
QUEENS,day,3,0.43436761771921595,11.552318799046969
QUEENS,day,2,0.28800000344335885,13.690147936283298
MANHATTAN,day,2,0.7976314699557352,18.888192117897816
MANHATTAN,day,1,0.48977218324191807,17.633971807881203
QUEENS,day,4,0.2728377942031037,9.797242161271493
MANHATTAN,day,2,0.9139828080854352,18.529529172740954
BRONX,day,2,0.27829377481697865,14.080836784017627
QUEENS,day,2,0.12322645137210797,9.741657111431024
MANHATTAN,day,2,0.11825197639067797,12.747045892015755
MANHATTAN,night,3,0.6600838208088379,15.238083820720625
STATEN ISLAND,night,1,0.6955075546457773,18.569802939139855
BROOKLYN,day,2,0.37993753455128554,14.093017604268642
BROOKLYN,day,3,0.3880098903223571,13.73862605729277
BRONX,day,2,0.40554452355394854,15.207890704217862
BRONX,day,4,0.7121426920829907,15.286427305332355
STATEN ISLAND,night,3,0.15232041192414575,11.905175565863926
QUEENS,day,2,0.936204717422193,17.816327100690355
BROOKLYN,day,3,0.3002689397597018,12.38116641901073
MANHATTAN,day,2,0.999705884717883,19.001488527275413
QUEENS,day,3,0.2543704244084683,11.564131891696107
BROOKLYN,night,3,0.7943918115811397,15.642706750089086
BROOKLYN,night,2,0.30107129043666253,15.221316279068187
BRONX,day,3,0.17276212147892858,12.32732557059528
MANHATTAN,day,4,0.887439991915584,16.578521376825314
BROOKLYN,night,5,0.8728761332718027,14.98483531999012
MANHATTAN,night,3,0.4632133532046412,16.94632974151038
BROOKLYN,day,3,0.7321565282863841,15.908613505950566
MANHATTAN,day,2,0.6013593394155254,18.5281922318757
MANHATTAN,day,2,0.8676605023063739,18.51780104439037
MANHATTAN,day,3,0.383550372386789,15.615085800813748
QUEENS,day,3,0.5713051599990867,15.187294528605076
QUEENS,day,5,0.5368351340840954,11.69952753547821
BROOKLYN,day,3,0.4185152436311729,13.833232893032452
STATEN ISLAND,day,3,0.902309558100735,14.46298233086571
BROOKLYN,night,3,0.24929013219628193,10.94695173383726
MANHATTAN,day,4,0.23455777556862656,11.576580892170753
BRONX,day,3,0.6192185817904762,16.564535832337114
MANHATTAN,day,3,0.6917448069864478,15.82452736377502
STATEN ISLAND,day,2,0.27515732889210864,13.730674540350773
MANHATTAN,night,4,0.45164569802916177,14.04843871781227
STATEN ISLAND,day,1,0.9519074586808693,18.446975016313043
MANHATTAN,day,4,0.3219556804216066,13.772325727763867
BRONX,night,3,0.7015246319056546,11.76951721401015
BROOKLYN,day,3,0.7661344543278317,14.512573618645096
STATEN ISLAND,night,3,0.5033158295186436,11.57279413624103
MANHATTAN,day,3,0.9437733880836247,16.850868995102694
BROOKLYN,day,1,0.7629910616969114,19.562957442453
STATEN ISLAND,day,4,0.512132121874808,11.476904155850933
BROOKLYN,day,3,0.6124016815984846,15.453399617000159
QUEENS,night,2,0.7233520990825906,17.217086436995825
QUEENS,night,2,0.6329711623862964,14.774187072536147
BROOKLYN,day,3,0.8908278254434683,15.328569585213762
QUEENS,day,3,0.421199796052361,13.413382292749782
BROOKLYN,night,3,0.3698971660502245,12.648053090950732
BRONX,night,3,0.2924550005457379,10.716387449105731
MANHATTAN,day,3,0.13400467125813564,13.736643504627658
MANHATTAN,day,5,0.1387125679420498,11.07575397942608
STATEN ISLAND,day,3,0.8830496737983545,17.008415947327695
BRONX,night,4,0.7105538317653166,13.943009172244222
BROOKLYN,day,2,0.6944791738928375,17.865233145470928
QUEENS,day,3,0.6531785370413974,16.089502358803376
MANHATTAN,night,2,0.8642972302246944,18.14823304843239
MANHATTAN,day,3,0.5322402330990648,16.49237473600883
BROOKLYN,day,4,0.8833697457024703,15.472378828037908
BROOKLYN,day,1,0.42350052356401524,18.04920738597721
BROOKLYN,day,1,0.9340367539051815,20.494550525434803
MANHATTAN,day,4,0.728791282073116,16.392651385172854
STATEN ISLAND,day,2,0.33145942242198456,13.422714760792744
STATEN ISLAND,day,3,0.6076764295197626,11.569121920517555
QUEENS,day,3,0.5797275053394301,15.71054074348396
BROOKLYN,night,4,0.22410893955730057,9.71967121795592
BROOKLYN,night,2,0.6321186151755527,18.21244085093379
BRONX,day,2,0.38330706134526216,14.68320444101582
QUEENS,day,3,0.1471138901286422,12.56745346807342
MANHATTAN,day,5,0.9537905419359084,16.061360860423523
BRONX,day,3,0.677341332157859,15.618890228204528
BRONX,day,2,0.8892270386837623,18.69021813259701
BRONX,night,3,0.7084504045119279,15.812081969958609
QUEENS,day,5,0.42128532292610166,7.321764891482369
QUEENS,day,4,0.5614192650959303,12.39122148580139
BROOKLYN,day,5,0.7081720843124594,11.063841536744713
BRONX,night,1,0.9642270926812938,20.372900674923205
BRONX,day,2,0.32830251320952686,13.062435280202067
MANHATTAN,day,3,0.8874793527617059,16.0466734634798
MANHATTAN,day,4,0.9316700247648425,18.081776563076158
BROOKLYN,night,2,0.7033739631930609,18.455267626503925
BRONX,night,2,0.938139964661204,18.39293866836484
STATEN ISLAND,day,4,0.45809072872963164,10.999312117041434
MANHATTAN,day,1,0.9577145584363985,20.82764539894498
BROOKLYN,day,3,0.7325045894493774,16.44513148259638
BROOKLYN,day,3,0.13780519067693073,11.084468499541485
STATEN ISLAND,night,3,0.9161855486371475,16.547694381583007
BRONX,night,4,0.5360255281298734,12.280461723627242
BRONX,night,3,0.5142942863000496,13.539096465952847
BROOKLYN,night,3,0.6098199453816708,14.989885267162672
BROOKLYN,day,3,0.23444609209410514,11.814523402700951
MANHATTAN,day,3,0.5222494437106587,15.48904020351506
MANHATTAN,night,3,0.8480144950459712,16.567259110622732
BRONX,day,2,0.1139342132237638,13.60280070933707
BRONX,night,1,0.3456254442919342,17.605773234591346
STATEN ISLAND,day,2,0.1022091277994598,10.80117330652668
STATEN ISLAND,day,2,0.47414017823486354,13.925220609772406
BROOKLYN,night,3,0.7554839594443612,16.464242592030853
QUEENS,day,4,0.8188946462031657,13.399786374342888
BRONX,night,4,0.9506707850143059,15.836544775584986
BRONX,night,4,0.6476541516737079,13.976230618661187
MANHATTAN,night,3,0.32916417998760594,15.139481301472602
BROOKLYN,night,3,0.931733154223029,16.329077447147792
MANHATTAN,day,3,0.7977841784923385,15.75426687192363
STATEN ISLAND,night,2,0.6169856347028301,14.641313758091904
QUEENS,day,1,0.7260761941470424,16.958192454499258
MANHATTAN,day,3,0.9318847195066863,18.43464852165046
QUEENS,day,5,0.7411546256256295,10.4234035063549
QUEENS,day,2,0.43153705682626065,17.40461057127392
BROOKLYN,day,1,0.741725382060187,20.57632841727972
MANHATTAN,day,4,0.13625034646184908,11.000718175522396
QUEENS,day,2,0.4477740056475231,15.751404428306472
BROOKLYN,night,4,0.46569072866102135,10.462827499123689
QUEENS,day,4,0.25015441097875124,13.25405166904135
BROOKLYN,night,5,0.12077693249659316,7.876792526587268
BRONX,night,3,0.22004311297396856,11.985683337651563
BROOKLYN,night,3,0.6891593462173495,13.252415805786647
BROOKLYN,day,3,0.8220599347273188,16.926934341416644
BRONX,night,3,0.9893831434542767,15.803377443960267
BROOKLYN,day,3,0.4117271527976448,13.798213407063926
MANHATTAN,night,2,0.6394413000349916,16.803239130717998
MANHATTAN,day,3,0.9434304701336097,16.53900533395205
QUEENS,night,3,0.2503376032043374,10.861960618713052
QUEENS,night,4,0.7458810277084684,13.719172321007669
QUEENS,day,4,0.7794808598342469,12.128836421480015
MANHATTAN,day,3,0.18007798228240454,11.971932879607337
MANHATTAN,night,2,0.8751244466647585,19.784236960838303
MANHATTAN,day,4,0.8317945423997595,18.62964037544761
BROOKLYN,night,3,0.13006270591969102,12.418514171941597
BROOKLYN,day,4,0.18197597339204635,9.482129856435558
BROOKLYN,day,5,0.1442142045026671,8.296855325180564
BROOKLYN,night,1,0.401269178619426,16.846156468409365
BRONX,night,4,0.5583600916119336,12.31003065471472
BROOKLYN,night,1,0.5791129551591659,19.0479040086189
BROOKLYN,day,3,0.34090008379249837,13.476818724268309
QUEENS,night,3,0.9204371979042467,17.272264648269445
BROOKLYN,day,2,0.4314365108847219,15.02700477239354
QUEENS,day,4,0.14099514036881727,11.10706867606282
BRONX,night,1,0.3702044003872478,16.106545901379256
BRONX,day,2,0.57799848028974,14.89156227891772
MANHATTAN,day,3,0.46739964032940884,17.350882119391823
BRONX,day,4,0.34645826718933326,9.162005440377325
BROOKLYN,night,5,0.21819092478788568,8.331754540755345
MANHATTAN,day,4,0.8372480500866067,14.78967890336647
BROOKLYN,night,3,0.9965307179117727,20.487417194094398
STATEN ISLAND,day,3,0.3965879201714939,14.146052142090523
BROOKLYN,day,1,0.44345893975894357,18.87519688080377
BROOKLYN,night,2,0.6562337722092614,16.4687291245086
QUEENS,day,3,0.7465973272619871,17.964296231813044
MANHATTAN,day,3,0.45282658132323217,15.085395183210174
MANHATTAN,day,3,0.9144365652836337,18.816553718707365
MANHATTAN,day,4,0.6040035903060266,14.241657794316621
MANHATTAN,night,3,0.5053510687653379,14.925422061386794
MANHATTAN,day,1,0.6820054778439146,19.03090119727379
MANHATTAN,night,2,0.9575234634242559,19.27233452015467
QUEENS,day,4,0.8150970649795349,14.628320900780672
MANHATTAN,day,4,0.13601181748161192,11.424716572160943
BROOKLYN,night,4,0.39907891966596365,11.956247333584344
BRONX,day,2,0.5234902164561005,17.514115198203278
BROOKLYN,day,5,0.3830658149881947,6.729824114934389
QUEENS,day,2,0.7301688047474109,17.15796192836361
MANHATTAN,day,1,0.843642234876323,21.244960974686872
MANHATTAN,day,5,0.7582105856667444,14.80472424874004
MANHATTAN,day,2,0.9903999581454477,19.659753998681378
MANHATTAN,day,3,0.3452928831037262,14.19390782103497
MANHATTAN,day,2,0.8874905455219794,20.251826605870534
MANHATTAN,day,3,0.7899603986570376,18.62414227640696
MANHATTAN,day,5,0.4259608818023315,10.908102549500633
MANHATTAN,day,2,0.7607120892912718,18.56499952014634
BROOKLYN,night,3,0.19366836077642227,14.273133102265254
MANHATTAN,night,2,0.8104001341064971,16.01876838063761
BROOKLYN,day,3,0.5790975423283924,13.936118905357048
BROOKLYN,night,2,0.36306115543832784,16.71890068467269
QUEENS,day,2,0.6901995716057622,17.597342615767417
MANHATTAN,day,2,0.6774579988429681,18.33041124559133
QUEENS,day,2,0.28853760044763976,13.137178155178717
QUEENS,day,5,0.12735767333037354,6.769642677864924
MANHATTAN,day,3,0.49026032821150656,14.177233390283943
BRONX,day,2,0.6125606824099791,18.1392543006473
BRONX,day,3,0.8889447505335386,15.724009651481584
MANHATTAN,night,2,0.935395116082835,19.50177581162602
MANHATTAN,day,4,0.5759246963410898,12.93906135238299
BRONX,day,5,0.7784231353916904,13.571079216164819
QUEENS,night,3,0.49537294509519725,12.773452606703051
MANHATTAN,day,4,0.7714739409156037,14.997467947766127
MANHATTAN,day,3,0.28432137244525024,11.528030361242735
BROOKLYN,night,2,0.4339582613231783,13.484686815154733
BROOKLYN,night,3,0.6708051989322533,15.369441625045454
QUEENS,night,3,0.11634216904637096,9.366035512564096
BROOKLYN,night,3,0.7502151793050585,18.402502632684282
BROOKLYN,night,4,0.8519819511413501,12.464054947884076
QUEENS,night,3,0.4592274949845563,12.224768359002692
MANHATTAN,day,5,0.5031481754594479,11.790504181207472
MANHATTAN,day,4,0.8661539909948779,15.291841416111765
QUEENS,day,3,0.7980891717934301,14.062605068660591
BRONX,day,3,0.3593345401300375,11.886161103450922
BROOKLYN,night,2,0.39157849590538507,13.956475330385919
BROOKLYN,day,5,0.710990409151537,12.077371625700914
MANHATTAN,day,3,0.6068782832033451,17.98702374824265
BROOKLYN,day,1,0.24600661398684726,15.89256774678436
BROOKLYN,night,2,0.37893691830624976,16.482570556255652
MANHATTAN,day,3,0.9099849491907887,18.223273784733898
MANHATTAN,night,1,0.7193569930500371,20.912455332403905
BROOKLYN,day,1,0.9873768859169675,17.257992595347986
MANHATTAN,day,3,0.7903112769826924,16.471673675009626
BROOKLYN,day,2,0.9477769889292312,20.329112935820863
MANHATTAN,day,3,0.2945697164834279,12.92862016984308
BROOKLYN,night,2,0.7943363873352332,19.87815431552255
MANHATTAN,night,2,0.11819576813301769,15.84894067738593
BRONX,day,3,0.7036840195403805,14.710989267659517
BROOKLYN,day,3,0.5223540503082172,13.791505104147785
QUEENS,day,2,0.4120840647280618,13.262219409907042
QUEENS,night,2,0.8761639170637802,16.739552382678013
BROOKLYN,night,3,0.8688409233917775,15.168359125043855
MANHATTAN,day,1,0.12007153440877923,16.19503839017667
BROOKLYN,day,2,0.6485546102044879,15.068349174313452
BROOKLYN,night,1,0.43104900188886075,17.72629813170586
QUEENS,day,4,0.4740949013504042,12.435311295057925
BROOKLYN,day,4,0.8488366652968984,12.923993038209133
MANHATTAN,day,4,0.37885579437491046,14.422344991030926
MANHATTAN,day,4,0.9487439295738581,16.88316669552834
BROOKLYN,night,3,0.2616704437349267,13.600495510010866
QUEENS,night,3,0.69645018103136,13.816527934852513
BROOKLYN,day,3,0.7048945603123883,16.328669584198266
BROOKLYN,day,1,0.3269756452851264,17.677013834019803
STATEN ISLAND,day,3,0.3922755480704818,11.831460983652518
QUEENS,day,4,0.8513186433219464,16.535878132690684
MANHATTAN,day,3,0.7856247294594572,16.859438303381996
MANHATTAN,day,3,0.3961862922832836,15.64415386038431
MANHATTAN,day,2,0.5805608922414405,17.425256368279747
MANHATTAN,day,3,0.15551226662778592,13.41345557250885
MANHATTAN,day,3,0.28787129415876633,11.565564690870254
MANHATTAN,day,4,0.5372385029743592,14.03731475519177
MANHATTAN,day,2,0.17737636175129046,13.57097622987467
MANHATTAN,day,4,0.8589991194027438,14.667816309184609
BRONX,night,3,0.7462055890968831,17.643260150488913
MANHATTAN,day,4,0.9492703035836453,16.013732675618876
BROOKLYN,day,3,0.7241202153676244,14.502819202718962
BROOKLYN,night,3,0.946361235035967,16.720390074003134
STATEN ISLAND,night,3,0.5990613001218685,11.733358176085847
MANHATTAN,day,4,0.6401967499557725,15.981940236548043
BROOKLYN,night,5,0.9792739491636347,13.330463776563809
STATEN ISLAND,day,1,0.6779162321778344,17.641615429888326
BRONX,day,1,0.12770791197467193,16.35742948488776
BRONX,day,5,0.7514224989674709,11.784063025830887
MANHATTAN,night,3,0.9149218229236741,18.285418767731226
MANHATTAN,night,3,0.816022224814894,15.768041195411495
QUEENS,day,3,0.6254499453628803,17.20034812779514
BRONX,day,1,0.7041731617841647,19.600781713137017
BROOKLYN,day,4,0.9911726103265045,15.611494240609312
BROOKLYN,day,4,0.1815958796584045,9.652972740712874
MANHATTAN,day,2,0.7005203457699156,17.7165863840969
QUEENS,night,2,0.3550579251135345,13.699896046416153
MANHATTAN,night,4,0.676081356927553,16.838062284828503
BROOKLYN,night,1,0.6468612182955449,16.93395625226316
BROOKLYN,night,4,0.2381111488973459,11.109484175780993
BROOKLYN,day,2,0.28607198116621524,14.437462197619949
MANHATTAN,night,3,0.6594666202388921,15.845640671138955
MANHATTAN,day,5,0.2154069525733967,9.769805205801068
QUEENS,day,3,0.3386627876172906,12.262023147367808
MANHATTAN,day,3,0.8517209929642021,18.28386573386583
BROOKLYN,day,3,0.3943823554014748,14.294266645900509
MANHATTAN,day,2,0.5392541406426966,17.307845847824872
BROOKLYN,day,2,0.9470263016312562,15.114883726028843
BROOKLYN,night,5,0.30443417995325167,10.138576018691932
MANHATTAN,day,4,0.45066341562220935,11.042544969340263
BROOKLYN,day,3,0.6458119979891911,15.973362182692732
MANHATTAN,night,3,0.7798050365535749,18.538129578682852
MANHATTAN,day,1,0.9114880480414346,19.713185377163065
STATEN ISLAND,day,1,0.9239256888161637,18.29138011049381
BROOKLYN,day,3,0.7989760669353606,15.474117589016247
BRONX,day,4,0.3054977529339794,12.568253524979028
MANHATTAN,day,3,0.12232839703830922,12.609168043075497
QUEENS,day,4,0.44539653732006146,13.56907274926
QUEENS,day,1,0.227393965889041,15.374565821815633
BROOKLYN,day,3,0.7393488826944683,16.096707954277026
BROOKLYN,day,2,0.6950175281431451,17.199462072053848
BROOKLYN,day,3,0.13957447745930937,12.888824622594315
BROOKLYN,day,1,0.852934401217856,17.65885017002165
BRONX,night,5,0.32386893966206404,9.707560854428028
BRONX,day,2,0.489004367941938,15.39447265914904
STATEN ISLAND,day,5,0.7011403619101682,11.627914945005413
MANHATTAN,night,3,0.48647690816702804,14.636857976036838
QUEENS,day,5,0.49715902251994903,8.985052325384464
BRONX,day,3,0.15906519580216635,11.74274458261772
MANHATTAN,day,5,0.46129919433400346,10.199036128529011
MANHATTAN,night,1,0.7883631038979851,17.71404552023192
QUEENS,night,4,0.923658703467938,15.476328550324187
BROOKLYN,day,5,0.47214742335703463,11.56383213905433
BRONX,night,2,0.481227244191171,15.988486220034902
MANHATTAN,day,1,0.7323643956912869,21.22388267832834
QUEENS,day,3,0.9484948009947489,15.567177938101157
MANHATTAN,day,5,0.3403548462154242,8.994969529074751
MANHATTAN,day,3,0.49612978588414314,14.840807876077276
MANHATTAN,night,3,0.816375919197071,16.589443115133864
BRONX,day,2,0.6487242124366347,15.505952520714045
QUEENS,day,1,0.19952770956755927,14.601111128003781
BROOKLYN,night,4,0.6649594620060392,12.988310327593753
BROOKLYN,day,1,0.2680716561375942,13.739259424866166
BRONX,day,3,0.5591943406705637,13.80535118540615
BROOKLYN,day,5,0.5761929408943947,10.181603915768939
BRONX,night,2,0.8885830260024864,18.353767354949266
BROOKLYN,night,3,0.5162448466111943,13.568349793083977
BROOKLYN,day,1,0.3514981800123048,17.818695939049245
BROOKLYN,night,3,0.3078697133944284,14.925792417785223
BROOKLYN,day,2,0.8868266890159026,19.179631126217657
QUEENS,night,4,0.25390976897640555,8.389182079966652
BROOKLYN,day,2,0.48328170479482935,17.54756627982124
MANHATTAN,day,3,0.2684558034342523,15.335827262771158
BRONX,night,3,0.7959736361029378,15.896377248238624
BROOKLYN,day,2,0.5269353759771571,17.612591336254162
BROOKLYN,day,4,0.4160293215011308,11.442180424101338
BRONX,day,2,0.42498967656382014,12.822937775845324
QUEENS,night,3,0.8669927860506815,14.923111782983517
MANHATTAN,day,2,0.5983965588649943,19.26473867187617
BRONX,day,3,0.7460810660181373,13.760231020784124
QUEENS,day,2,0.9073346646256161,17.6971008583843
BROOKLYN,day,3,0.9115675084365779,16.96616147684601
MANHATTAN,day,2,0.3956581489040768,15.256208875115126
QUEENS,night,4,0.9572061368317467,14.289613969601815
QUEENS,night,2,0.12238829381314491,12.682222870868886
BROOKLYN,day,4,0.4391520049145491,11.579893221622898
BRONX,day,4,0.9062189717579574,13.283953119825206
QUEENS,day,2,0.3471731918352846,14.314664078461497
MANHATTAN,day,3,0.34577330528918654,15.235566383313678
BROOKLYN,night,1,0.37236005657369986,17.663827390113156
MANHATTAN,day,3,0.65108204636223,14.96035074048672
QUEENS,day,4,0.4944994980529185,10.31277323889076
MANHATTAN,night,3,0.7540613527180083,16.260373334081322
BROOKLYN,day,3,0.9054195783081992,18.76657707075809
QUEENS,day,2,0.7067794374485745,17.168784038167193
BRONX,day,3,0.28402004817781795,13.390887925308895
BROOKLYN,night,2,0.939413712124452,19.774017470951534
BRONX,night,4,0.33804358601273066,11.802203184105053
MANHATTAN,day,3,0.2349048657953423,13.371611884806018
BRONX,night,4,0.1809705509748648,11.071076857314184
MANHATTAN,day,2,0.607045366599549,16.590395557835446
BROOKLYN,day,2,0.20238621623258662,12.218154791872228
QUEENS,day,2,0.22489829570136768,14.129435243608079
MANHATTAN,day,1,0.37002743253594694,18.790464038382726
MANHATTAN,day,2,0.3534877087160174,14.255791779426875
QUEENS,day,4,0.6438155592989281,13.771106914342113
QUEENS,day,4,0.8350707515254133,16.044878740981016
QUEENS,day,3,0.7852146905826032,15.301200046678376
QUEENS,day,3,0.3362360092448291,11.403931438401292
BROOKLYN,night,1,0.3207794481873819,16.43268882145009
MANHATTAN,day,4,0.9692123770962708,15.739239689284918
BROOKLYN,day,1,0.10741261743276412,14.158105881365287
MANHATTAN,day,5,0.8917484797541942,14.816185999128114
BRONX,day,3,0.2797556672101645,10.593936466830193
BROOKLYN,night,2,0.9525558907807911,17.05889858308447
BROOKLYN,day,5,0.4080765563447678,10.475646672689724
BROOKLYN,day,1,0.4963165965039271,17.39928763058061
BRONX,night,3,0.7364085525499429,15.89892108402255
MANHATTAN,day,3,0.6289021463259343,18.03813441729864
BROOKLYN,day,2,0.38614539673614057,15.2353619220759
BROOKLYN,day,3,0.5984478242810412,15.60771743822852
QUEENS,night,3,0.7576361959265976,13.953995750785326
MANHATTAN,day,4,0.13810145131224288,11.919184629749424
BRONX,day,1,0.11007937473013371,13.983846897613056
BRONX,day,5,0.5122602451656022,10.915396592673725
BROOKLYN,day,2,0.21865295602316276,13.890625864067566
QUEENS,day,2,0.6979098623182429,17.575983186965416
BRONX,day,2,0.2926472106046908,12.630235003680491
QUEENS,day,1,0.48956599611610385,13.842292613216628
MANHATTAN,night,2,0.2779038431868421,14.850255744208965
BROOKLYN,night,5,0.593635227174212,12.220866484918528
QUEENS,day,2,0.20444811344611202,13.311635988368728
BROOKLYN,night,2,0.12079616750873223,14.863820173703456
QUEENS,day,2,0.1460184742960275,13.273967291939782
BRONX,day,4,0.9588325973637789,14.65579388463273
BRONX,day,4,0.22805759674984225,7.791870193906357
BROOKLYN,night,2,0.7376304278231517,17.109823099816225
MANHATTAN,night,1,0.16113358380054363,17.18091909741289
STATEN ISLAND,day,2,0.19734431701166394,11.812280721375279
BRONX,night,1,0.5579886262684012,17.560910387157925
MANHATTAN,day,2,0.5183838371389093,17.17512724657096
BRONX,night,3,0.9564222784958827,15.698393961123458
BRONX,night,2,0.9503519077186636,19.225170476137894
BROOKLYN,day,3,0.8016477782882185,18.175256706875466
BROOKLYN,night,2,0.6418916471146148,16.56491968397291
BROOKLYN,day,5,0.5094642856537099,9.756640550550353
MANHATTAN,day,5,0.42056068089557896,11.153723193394894
BROOKLYN,day,3,0.9523787922779998,14.521201219476355
BRONX,day,3,0.642617930282217,15.28130046360635
MANHATTAN,night,3,0.621165274917395,16.28030354014136
BROOKLYN,night,3,0.30871100959202336,15.017385114962826
BROOKLYN,day,4,0.14202803609660178,10.090388483547963
BROOKLYN,night,3,0.95066972178359,17.6695355973691
BRONX,night,4,0.3823617329601885,10.551805541378144
BROOKLYN,day,5,0.4983301209920129,10.611433241817991
BROOKLYN,night,2,0.20317594922713617,12.090421145981749
QUEENS,day,3,0.8532318969183628,15.512259784429475
BROOKLYN,night,1,0.12486864957033757,14.645275237984917
MANHATTAN,day,2,0.8505916858891869,19.18788567758639
BROOKLYN,day,3,0.22625651150917012,11.722351068410438
MANHATTAN,day,2,0.8979077013680369,19.236414480062354
MANHATTAN,day,4,0.7567953736025417,14.619113861687321
BROOKLYN,day,2,0.2482032362565746,13.815521769708319
BROOKLYN,day,3,0.6092361935735213,15.056470049383524
BRONX,day,3,0.3813906829196976,13.227666969758445
BROOKLYN,night,3,0.2604097890204251,13.606072475494729
BROOKLYN,day,3,0.8732639794699976,16.53144422559918
QUEENS,day,4,0.46317048985650644,11.190745765119688
MANHATTAN,day,3,0.4586893429288442,14.464511794932816
QUEENS,day,3,0.252898007325958,10.986240107409536
MANHATTAN,night,1,0.4447591084772008,17.3590408928218
STATEN ISLAND,night,3,0.8844551616959652,17.58634900671165
MANHATTAN,day,4,0.42681583944067236,11.77908844352933
BROOKLYN,day,3,0.9564432062498093,16.88249323996859
MANHATTAN,night,4,0.9516780092875488,15.820920664445438
STATEN ISLAND,day,3,0.23040879337661144,10.601051222254695
BROOKLYN,night,2,0.2595801281703804,13.8897836624534
BROOKLYN,day,1,0.8764066632987002,20.231731432906756
MANHATTAN,night,2,0.45348482703224735,14.195441254039455
QUEENS,day,3,0.1039365840547084,12.12019356339401
MANHATTAN,day,4,0.3464846377348339,13.111249504847057
BRONX,night,2,0.6378660938760039,14.954683706918265
MANHATTAN,day,3,0.8193393693639712,14.302813173322932
MANHATTAN,day,3,0.22004975538393362,11.957836834625887
MANHATTAN,day,3,0.1994872279750618,12.705467228125354
BROOKLYN,day,2,0.9298833882150984,21.74059230182707
BROOKLYN,day,2,0.7760335310403244,18.296126309731235
MANHATTAN,day,2,0.6308016407002706,15.231103085534007
QUEENS,day,1,0.7922681109963352,17.722156115595045
BROOKLYN,day,2,0.4859689251759747,15.694943090116256
BROOKLYN,night,1,0.7826101725782139,19.59138638691611
BROOKLYN,day,3,0.43462269214708216,12.247348866583526
BROOKLYN,day,2,0.31968511524334214,14.51596497550925
BROOKLYN,night,5,0.7561120791636717,11.853561549431218
MANHATTAN,day,2,0.47770506294154147,15.080572633997239
MANHATTAN,day,2,0.9832393938935754,20.002570836346987
BRONX,day,3,0.41453666407729095,14.323140924633776
BRONX,day,1,0.9295546784779594,20.95135494246068
BROOKLYN,day,4,0.9396662937103716,16.19709453047807
MANHATTAN,day,1,0.31766765235827155,16.36799630056045
QUEENS,day,5,0.818399063429212,13.177053626046085
BROOKLYN,day,4,0.4897670546301086,12.95435118082085
MANHATTAN,day,3,0.9257722545073133,17.87824991383995
MANHATTAN,day,3,0.5051118453717149,14.249195248873988
QUEENS,day,3,0.7698733456036295,14.607925393613758
QUEENS,night,3,0.5202706682474181,13.670423666957682
MANHATTAN,day,3,0.3050206801415706,16.610483781302808
MANHATTAN,day,1,0.2794151160502177,17.077689230436082
MANHATTAN,day,1,0.48288807483071106,17.30534628369928
QUEENS,day,3,0.7799451913127934,14.270776409569825
MANHATTAN,day,3,0.6445643366626901,15.299548253120042
MANHATTAN,day,4,0.719766360910489,17.391233482977057
QUEENS,night,2,0.35409371565874825,13.622501176646711
MANHATTAN,day,4,0.533291811361845,14.654641415384333
QUEENS,night,2,0.13995573847239431,12.258598405504936
MANHATTAN,day,3,0.8357791743623085,17.445986082890556
MANHATTAN,day,2,0.9909029460158871,20.690963477913733
MANHATTAN,day,3,0.46619115636220376,14.043959096582414
QUEENS,day,2,0.10986728781838902,11.744803385836207
BRONX,day,3,0.25281337559585265,14.333930574719437
BRONX,day,4,0.6872741899753769,14.748793708714906
BROOKLYN,day,3,0.6508713863834733,16.17947079392145
QUEENS,night,3,0.8090782476269895,16.40374016132293
MANHATTAN,night,4,0.32849560986496135,12.786712050095526
MANHATTAN,day,4,0.7872687239924206,17.63857768176081
BRONX,day,3,0.7191856193713028,15.427396488166055
MANHATTAN,day,2,0.390533047942459,16.531179652267088
MANHATTAN,day,4,0.5909393332512658,12.200010151820411
MANHATTAN,day,3,0.23254642764849406,12.221598955805723
MANHATTAN,day,2,0.5073080530920244,15.156519545296112
MANHATTAN,day,2,0.8930776056000769,20.63388073661988
BROOKLYN,day,4,0.4790722418428517,9.450921389553637
BROOKLYN,night,1,0.8556100358278798,19.27869320557795
BRONX,night,5,0.631228028733725,8.010534263576465
BRONX,night,2,0.2726890417921211,13.074933297070519
BROOKLYN,day,4,0.6229956202281067,12.860332791804455
MANHATTAN,day,3,0.5553849962413572,16.971847788121675
BROOKLYN,day,3,0.4587772016767456,14.458005337964595
BROOKLYN,day,4,0.2076673955644633,9.750068243174253
MANHATTAN,day,3,0.47503779746250685,16.066902147184486
QUEENS,night,3,0.1654861386156644,11.297058606437528
BROOKLYN,day,1,0.18889214625887613,15.472879181131399
BROOKLYN,day,1,0.4743248796394445,15.83990590833
BROOKLYN,day,2,0.3748433337716174,13.848465212831746
MANHATTAN,day,3,0.9329898932760011,16.774317546359377
BRONX,day,2,0.43813522484224354,15.203632489259611
QUEENS,day,2,0.7820723098648901,16.9769328864986
MANHATTAN,day,3,0.5772227737296185,17.304859225471372
BRONX,day,3,0.7336771017781019,15.930967363083061
BROOKLYN,night,4,0.3341043847138593,8.322599668233558
BRONX,day,2,0.9477144755544962,18.775314476550253
QUEENS,night,1,0.5770796472229816,15.410998079548342
BROOKLYN,day,5,0.8481916641567246,12.154080707484868
MANHATTAN,day,2,0.4285411241285022,15.110913940763668
MANHATTAN,day,4,0.1901902141454721,10.540230403730806
BROOKLYN,day,4,0.706340482948764,12.341033868718602
QUEENS,day,4,0.10698368350368204,9.539572346916678
MANHATTAN,night,2,0.5277636789089575,15.037501170799073
MANHATTAN,night,4,0.2735217123998133,12.305892259298604
BRONX,day,4,0.6646379539918259,16.10451199342082
STATEN ISLAND,day,3,0.9814778858240669,14.184375387135557
BROOKLYN,night,2,0.5179626156885814,15.625344636768714
MANHATTAN,day,2,0.8357484308731,15.704215965660186
MANHATTAN,day,2,0.557005768256009,16.5594151420999
MANHATTAN,day,3,0.5462560279936217,16.02192476511632
BRONX,night,3,0.9373811438609,17.65774451272457
MANHATTAN,night,3,0.9009692818720133,17.649136808509002
BROOKLYN,day,3,0.8072204186691769,17.314048831060422
MANHATTAN,night,3,0.36663017798510567,17.138361600034536
BROOKLYN,night,3,0.5905075741515465,16.893064856910172
QUEENS,day,5,0.30150750997511655,8.332773699546694
BRONX,day,2,0.4995250282418858,13.805587899812172
MANHATTAN,day,3,0.5357917591838116,14.69526473480621
MANHATTAN,night,2,0.8484760361523979,17.67871491624977
MANHATTAN,day,3,0.9064255287924937,18.133382994588768
BRONX,night,4,0.47315805615683004,10.758095117703997
BRONX,day,5,0.11593400056591349,8.166184084570027
BROOKLYN,night,2,0.8755964558104191,19.296993828211296
QUEENS,day,5,0.2568508106512246,8.548695221852347
QUEENS,day,1,0.6596937675013541,16.552432901461447
MANHATTAN,night,3,0.12247381039071809,13.905856636642497
BRONX,night,1,0.45955582773450787,14.632335746569709
BROOKLYN,night,4,0.9873642719038148,15.42451370032184
BROOKLYN,day,3,0.1906242409934228,12.189065538399646
BROOKLYN,night,3,0.48132383679967805,14.147695329277463
MANHATTAN,day,4,0.37643495517095693,12.763422475904918
MANHATTAN,day,2,0.9145793110494378,19.977293305592738
QUEENS,day,1,0.8824060971166197,19.09315070440361
MANHATTAN,day,4,0.31392888427560595,11.69886780921902
QUEENS,day,2,0.17306900834538808,12.43584134065339
MANHATTAN,night,2,0.6644245546550057,16.88494064281151
BROOKLYN,day,3,0.40273184069533885,14.562808953711942
MANHATTAN,night,3,0.7048759515454568,15.50585950967365
BROOKLYN,day,1,0.12890778046103304,16.054025903806608
QUEENS,day,2,0.22005931165974046,13.253184424500159
MANHATTAN,day,1,0.717735009495379,18.939771793492607
BROOKLYN,night,3,0.291133589772248,13.634456992412575
BROOKLYN,night,4,0.8718289081861614,14.193943193542307
QUEENS,night,5,0.1527317989391219,8.758577541978148
BRONX,night,3,0.2939337845070172,12.865840944725752
QUEENS,day,2,0.9987042236365617,17.575987826727346
MANHATTAN,day,5,0.48976849232811337,12.317856978534207
MANHATTAN,night,3,0.7326690971901791,17.11825680256253
MANHATTAN,day,2,0.2643967439713123,16.40760236278548
BROOKLYN,day,5,0.6488818614869839,13.17710851455655
MANHATTAN,day,4,0.7534954615324766,15.587249324832637
BROOKLYN,day,4,0.38302897227985955,10.536579178368571
BROOKLYN,day,4,0.84600740077829,17.837352490867755
BROOKLYN,day,2,0.643075820625055,15.095653380776687
QUEENS,day,2,0.4502107086535272,15.865485415386699
MANHATTAN,day,3,0.6018781540088427,16.129748581321035
MANHATTAN,day,2,0.6190847626923318,15.915080110522817
QUEENS,day,3,0.24898176342447942,11.669220335604916
BROOKLYN,night,4,0.4624591328802695,12.311480900228185
QUEENS,day,4,0.40908752921754377,12.825768198886662
BROOKLYN,day,3,0.46081245032121343,13.139307846751633
MANHATTAN,night,4,0.7849995296367321,14.888162934929534
BRONX,day,4,0.5342845667200053,9.76956615765452
QUEENS,day,3,0.9462845379153378,18.432564848197988
QUEENS,night,2,0.3643087720225926,12.883445126522767
MANHATTAN,day,2,0.47413322045643613,16.774158970053847
BROOKLYN,night,2,0.8082611294311373,17.732007945636155
BROOKLYN,night,2,0.5914221339886753,16.32664271078638
MANHATTAN,day,2,0.592325331782003,18.12194903842807
BRONX,day,2,0.14800614670466516,15.267554905944685
MANHATTAN,day,3,0.4587396964466103,14.983600430833357
STATEN ISLAND,day,5,0.3436603591795593,9.219885955823766
BROOKLYN,day,2,0.9994016105480038,19.490780312634477
MANHATTAN,day,4,0.37751956356907923,13.774914871915767
BROOKLYN,day,3,0.8960468813144771,16.268805073160507
BRONX,day,1,0.7086103615364298,19.79643601528649
QUEENS,day,5,0.4068247682728814,10.97696083255059
BRONX,day,3,0.5891809405367113,15.828720523908116
QUEENS,day,3,0.8564822919542744,14.974957456899011
QUEENS,night,4,0.8950314682278206,14.215699382396204
BRONX,day,2,0.2443544875055307,14.175664555322472
MANHATTAN,day,3,0.40561582708735267,12.691492422272985
BROOKLYN,night,1,0.40170086219221457,18.724959853952615
MANHATTAN,day,4,0.13784031646835024,10.981230216841665
STATEN ISLAND,day,3,0.6384139838667069,13.890404360259259
BRONX,day,3,0.8693380476929692,15.658291982331656
MANHATTAN,day,2,0.443416949042966,14.58995709753885
QUEENS,day,3,0.7660323504857594,14.45437441558771
BRONX,day,4,0.6649303722406659,13.685092444724633
MANHATTAN,day,3,0.43808386194370075,15.355659677938485
BROOKLYN,night,3,0.22695381954306737,12.669349675753201
BRONX,day,3,0.7383914674983706,15.915613358229747
MANHATTAN,day,4,0.8691086520471164,15.344774588688605
QUEENS,night,3,0.7172690431613427,15.45774706004324
MANHATTAN,day,4,0.11609063563133626,12.633988571266773
BRONX,night,4,0.29460960495189215,11.860709763114082
STATEN ISLAND,day,3,0.16253198639517874,11.427908177472188
BRONX,night,2,0.6133474896186041,16.639578361688883
BROOKLYN,day,3,0.7808299109563711,14.27160833769689
BRONX,night,4,0.1995212683617935,9.143288407594167
BRONX,night,2,0.8545040385340467,18.400127211267918
BROOKLYN,day,3,0.5999580805559349,14.886600661261475
BRONX,day,4,0.7209721109275524,14.314130184796484
MANHATTAN,day,3,0.9742616637477816,20.04440891577347
BROOKLYN,day,3,0.1753128894229276,13.01077698032423
MANHATTAN,day,2,0.9111016206800103,20.732823981311455
MANHATTAN,day,2,0.2134924263886684,14.80131843889122
MANHATTAN,day,4,0.45366292597301405,12.080150205843264
QUEENS,day,1,0.866294826698003,18.96147698247981
BROOKLYN,day,2,0.9156288130640814,17.585885108453567
QUEENS,day,4,0.5557345061906308,14.082228238366037
MANHATTAN,day,2,0.6346941744478827,18.3739814257538
BROOKLYN,day,5,0.7373326011387015,13.217276903355495
BROOKLYN,day,5,0.8494828016074427,14.804770053122104
QUEENS,day,2,0.20936005258389956,10.736772644367477
BROOKLYN,day,1,0.8290623774063048,20.294670994752178
QUEENS,day,4,0.5331485354604552,10.49269053932771
BRONX,day,3,0.5055610825973521,13.977440198723993
QUEENS,night,2,0.48150977679729845,14.555764438221784
MANHATTAN,day,4,0.5582904267214384,14.522971708205686
MANHATTAN,day,1,0.9505454980551432,21.352370484111578
BRONX,night,4,0.5933833955129365,14.571132679168233
MANHATTAN,night,2,0.9578597844368253,18.80381200572023
BRONX,night,2,0.26226111755407655,14.855634531661439
BROOKLYN,day,2,0.7517223809493698,17.680863336449505
BRONX,day,5,0.8310155847478725,10.939252976775308
QUEENS,night,3,0.7112159482013757,13.720563913081303
STATEN ISLAND,day,4,0.6462300522038863,11.820641699098658
BROOKLYN,day,3,0.608331502977564,16.288905709224238
QUEENS,night,2,0.8748374343208264,18.04291099215391
BROOKLYN,night,2,0.83948193744805,16.65563160475547
BROOKLYN,night,3,0.21005984906253958,12.197009545249916
QUEENS,night,3,0.8637288913277903,18.23560553218227
BRONX,night,3,0.47266175749639827,13.905769425535619
STATEN ISLAND,day,2,0.3283271469962297,12.741335765388618
QUEENS,night,5,0.8827917112125333,13.328233691788931
BROOKLYN,day,2,0.4888223196703675,16.693416773355754
BROOKLYN,day,5,0.827528221159135,12.631531420558309
QUEENS,night,1,0.33706325076026006,16.194000859187415
MANHATTAN,day,3,0.10353638927999603,11.978319134315003
MANHATTAN,day,2,0.54591327361265,17.711629400677552
BROOKLYN,day,3,0.19020543097859582,12.439967090926412
MANHATTAN,night,3,0.7789383599724187,17.34146073228419
MANHATTAN,day,3,0.3484676224624693,13.054019290605044
MANHATTAN,night,3,0.4992810819431308,13.959783371742917
MANHATTAN,day,4,0.17833020858239884,12.393743121376867
MANHATTAN,night,3,0.35799332360252745,13.931680945753836
STATEN ISLAND,night,4,0.8033412189327148,13.36375961358188
BROOKLYN,day,2,0.23642912071208752,13.769114772124746
BROOKLYN,day,3,0.6824436050142616,16.514355561409072
QUEENS,day,3,0.9256832675240511,15.48756926287074
MANHATTAN,night,3,0.7118530837819482,16.164323556701603
BRONX,day,3,0.8299195203630042,17.037668257603283
QUEENS,night,2,0.19807446637352422,14.495045270425027
MANHATTAN,day,2,0.325658643401849,14.78827003288
BROOKLYN,night,2,0.905084967016532,20.83467306395452
BRONX,night,2,0.7435950522562803,17.509257872098164
BRONX,night,3,0.67559844373958,13.839875970136784
BROOKLYN,night,3,0.69739006250953,15.975897864619908
QUEENS,day,5,0.47278049887417906,9.613474185302014
MANHATTAN,day,4,0.1401009684558879,11.531538479583084
STATEN ISLAND,night,1,0.8059973878636562,17.78755552392136
MANHATTAN,night,4,0.7108419125938185,14.809600860087993
BRONX,day,4,0.5255240177014523,11.421994063156065
QUEENS,day,3,0.9097836538314317,17.301667226763936
QUEENS,day,3,0.402543698486589,11.42918119958159
BROOKLYN,day,5,0.3648895698081124,8.841264329266737
MANHATTAN,day,3,0.8855166925714986,17.896690920691725
MANHATTAN,day,5,0.817288889283087,15.735790876953628
MANHATTAN,night,1,0.5634818295835103,18.139520175815527
MANHATTAN,day,2,0.217661265512065,15.555965013073182
QUEENS,day,3,0.29356432431854723,13.396176320306811
BROOKLYN,day,3,0.690605191367926,16.4665550686444
MANHATTAN,day,4,0.44653711405637053,12.629041294357991
STATEN ISLAND,night,5,0.8528258724993741,10.434112110613043
BRONX,night,3,0.9549595083989837,14.258179725787766
BRONX,day,1,0.8250732327474264,18.9475674135034
STATEN ISLAND,night,4,0.4397908806960015,12.072345566798619
MANHATTAN,night,3,0.8098177863082816,15.61481642928951
BROOKLYN,night,2,0.41629750612361516,16.14618560682602
QUEENS,day,3,0.2503900789890705,10.68735247736671
QUEENS,night,4,0.13005388437927165,9.572637340129472
MANHATTAN,day,4,0.44714504148491807,13.855792706637988
BRONX,day,3,0.9132033733275536,15.844427402422985
MANHATTAN,day,2,0.31508792898010884,15.552653155207004
MANHATTAN,day,5,0.2858618484368056,9.859992410768841
BROOKLYN,day,3,0.9728387067169363,18.169629984385896
BROOKLYN,day,3,0.12250370156553292,12.078654662357529
BROOKLYN,day,2,0.8072039353543788,17.914634789118587
MANHATTAN,night,4,0.3892329601667833,14.500034193254464
BRONX,night,2,0.1337391611826934,13.96407191852947
MANHATTAN,day,2,0.9260222861886253,18.490722620874518
MANHATTAN,night,3,0.22567809718862525,13.063870950768749
BRONX,night,2,0.5966013553531259,16.086830267699725
STATEN ISLAND,night,3,0.34664878668659305,11.749600600613107
BRONX,day,2,0.15867352196622195,16.360789024709437
BRONX,night,3,0.1449302370970412,12.087068812383963
QUEENS,night,2,0.20400102895270492,10.68292360406685
BROOKLYN,night,1,0.16423031250044207,14.616138265192516
MANHATTAN,day,2,0.7845023039679306,16.08041847079658
BROOKLYN,day,5,0.5370095820550863,10.894804374903055
BROOKLYN,day,4,0.4086028822140817,9.671146458719816
MANHATTAN,day,2,0.4765320191188065,15.351549558990127
QUEENS,day,4,0.936052062015361,12.859472567538901
BROOKLYN,day,3,0.9196766314643324,17.438890318079135
MANHATTAN,night,5,0.7441088321103192,13.337354643871729
MANHATTAN,night,3,0.896214139679519,17.88894667691535
QUEENS,day,3,0.3876832248288623,12.594479295105371
MANHATTAN,night,1,0.4429983934074546,16.106332256903155
BRONX,day,3,0.6523409636688052,15.556441906952916
BROOKLYN,night,5,0.6612633525675378,14.404881264012339
BROOKLYN,night,3,0.5335298542111069,14.958999146700052
BROOKLYN,night,2,0.46059206359415794,15.082738894180949
BRONX,night,2,0.9875622804478256,17.005474211584332
BROOKLYN,day,4,0.8390112635059519,13.76389284787673
QUEENS,night,3,0.49148217809924066,13.938281745531533
BROOKLYN,day,3,0.7545632295156116,17.192402624010725
MANHATTAN,night,5,0.34260552392721355,11.03997531519326
BRONX,night,1,0.1901523936135969,16.09585530613556
QUEENS,night,2,0.41718792299746654,15.360935392316225
QUEENS,day,5,0.46267552011105484,10.615232150384958
BRONX,night,2,0.11488341210460373,12.256573864366418
BRONX,day,2,0.8333128014723065,17.925241423940175
QUEENS,day,3,0.4232740621502634,11.933228039318145
BRONX,night,4,0.6223763492021324,13.166361013363582
QUEENS,day,2,0.16656686854386038,13.279720882815388
QUEENS,night,5,0.2574971458755256,10.688272017055143
QUEENS,day,4,0.900724352794804,12.883029923925067
QUEENS,day,2,0.6478187750945207,16.58863119530395
MANHATTAN,night,4,0.955255645153437,18.086645603445653
BRONX,day,3,0.9988750309521852,18.10330502019576
BRONX,day,3,0.434674103799785,14.524916206088651
MANHATTAN,night,4,0.3689227576749472,13.203231807128532
BRONX,day,5,0.8725204496431871,14.729384310411216
MANHATTAN,day,2,0.9987502843337088,18.486903046434268
BROOKLYN,day,3,0.6666771108092115,13.67028922109558
QUEENS,night,3,0.8156266502603701,15.493972258134097
MANHATTAN,night,3,0.803571272933747,14.329818749783303
BRONX,night,3,0.4198057373975923,14.905512258097962
BRONX,day,1,0.6168433422313785,19.374339959098492
BROOKLYN,night,3,0.8497512471377923,16.003362440294218
MANHATTAN,night,3,0.7193024886349499,15.930541460134561
MANHATTAN,night,2,0.11904743258383443,13.986991341614118
QUEENS,day,4,0.40303510200778014,11.282152943578113
STATEN ISLAND,night,4,0.23002812693514482,9.447791528111582
QUEENS,night,3,0.3096749908702352,12.882765968910492
MANHATTAN,day,2,0.9149405297421931,19.039961819714083
QUEENS,day,3,0.13320396001969134,12.197657704301346
BROOKLYN,night,2,0.2978206407657314,15.070971497527621
QUEENS,day,2,0.3786124170144083,13.532624575546492
MANHATTAN,night,4,0.6551956647697553,15.960907022368325
QUEENS,night,1,0.580691521077279,15.54458650365533
BROOKLYN,day,1,0.2964425345680475,16.016277501706536
STATEN ISLAND,day,1,0.247816960500839,15.371111124546015
BROOKLYN,day,2,0.31311823113650694,13.767580776492723
QUEENS,night,1,0.55227666403149,17.361265092325265
BRONX,day,5,0.3440600071400831,10.388397562809399
MANHATTAN,night,2,0.95284225144695,18.46084599282769
BRONX,day,2,0.5174786992859628,15.576638281845916
QUEENS,day,2,0.15291641489017338,12.606152100535075
MANHATTAN,day,5,0.7563397652529701,12.754123051945554
BROOKLYN,day,3,0.3959607593880907,16.335754758483517
QUEENS,night,3,0.6881400388524228,13.757182628406177
MANHATTAN,day,4,0.3516349334709088,13.591543420442367
BROOKLYN,day,3,0.6136693675599879,14.517489668882552
BROOKLYN,day,2,0.7949372543267182,16.46312872646133
QUEENS,day,2,0.9352078675970985,18.002228231167223
MANHATTAN,day,3,0.3350144299897694,14.6565058561985
BRONX,night,2,0.40137125589908307,16.013524653422856
STATEN ISLAND,day,3,0.5178397782573457,14.640676691458829
STATEN ISLAND,day,2,0.9344573539623899,20.608268348677655
QUEENS,day,3,0.9112481711295914,16.42373015684906
MANHATTAN,night,1,0.18089045209057425,15.280077329998267
QUEENS,day,2,0.21873684317842979,13.765238672813663
MANHATTAN,day,3,0.5459582595975745,14.929273146896444
MANHATTAN,night,5,0.19595734552488114,10.884882101734402
BROOKLYN,day,3,0.4110227860138277,12.115050953451014
BROOKLYN,day,3,0.2335468403957299,15.360055913452769
QUEENS,day,2,0.6724363196186972,17.19809379125215
QUEENS,night,2,0.9545458885652456,15.983743454318699
BROOKLYN,day,1,0.9970603932649433,19.830057873444165
MANHATTAN,night,2,0.4377170192472234,17.12445787804368
STATEN ISLAND,day,2,0.639111373403151,16.565836794526227
BROOKLYN,day,2,0.8706408881716732,16.73248062043752
BROOKLYN,day,4,0.2057158655167456,11.592784146378385
MANHATTAN,day,1,0.7206079699467685,17.247143957459688
QUEENS,night,3,0.46795929555256144,13.134532382526393
QUEENS,day,3,0.28553154425214766,13.390411248162806
MANHATTAN,day,3,0.46247825687269783,14.044289793548959
MANHATTAN,day,3,0.16836425826842516,10.986060919779147
QUEENS,night,2,0.7258664337303752,16.69358957490051
QUEENS,day,2,0.3274684018736078,13.202881972215879
MANHATTAN,night,4,0.3802650805403902,13.327193062791538
STATEN ISLAND,day,4,0.20897316841731647,8.095933876050884
MANHATTAN,day,2,0.8781932025009025,18.08109154867215
BROOKLYN,day,1,0.5440998513544647,15.311446248752528
BRONX,day,4,0.6149321900077602,13.300992888312221
BROOKLYN,day,2,0.6124894147853691,16.388095270172983
QUEENS,day,3,0.46944380308720757,11.825323115178763
BROOKLYN,night,3,0.27327692389432556,13.008858461833627
MANHATTAN,night,2,0.77061947364856,19.54151093948861
STATEN ISLAND,night,3,0.2143506388219069,10.534597620239653
BROOKLYN,day,3,0.19348641125092947,12.57946201291741
BRONX,day,2,0.739130533836853,17.43232196944174
MANHATTAN,day,3,0.28795331840678545,12.126500777029353
MANHATTAN,night,4,0.37609547621754913,15.012523580263183
MANHATTAN,night,3,0.5277047203015662,14.56506088581344
QUEENS,day,1,0.5044161850565916,17.466044645100173
BROOKLYN,day,3,0.7377212125584993,16.718246214305104
BRONX,day,4,0.6610886140990249,13.22956183910476
BROOKLYN,day,4,0.6799565460536792,14.547871579420477
STATEN ISLAND,day,3,0.7426488975899116,14.522200900514092
MANHATTAN,day,2,0.36335145468111885,13.960616746754386
BRONX,night,4,0.3900999806204263,11.236922632532664
QUEENS,day,3,0.4941979731059988,12.677225742364117
QUEENS,day,1,0.37671595573017347,15.294559662630775
BRONX,night,3,0.9864440820737771,15.547082720075583
QUEENS,day,2,0.8326467337792867,18.5639242296606
QUEENS,day,3,0.24818921943042663,13.735621111833868
MANHATTAN,day,2,0.10503474029368257,15.156329383107026
MANHATTAN,day,3,0.13850494142254108,14.124917188223089
BRONX,day,5,0.3196571059386327,9.164209384191324
QUEENS,night,4,0.20286215725317092,9.155095820162366
QUEENS,day,5,0.5800043034033149,9.835723515947493
BROOKLYN,day,5,0.8721957004546228,14.242149960503715
MANHATTAN,night,1,0.7630751988219047,20.13246445611536
MANHATTAN,day,3,0.2940481567739714,13.518646965112703
QUEENS,night,3,0.45936933042320727,14.740078900785258
BROOKLYN,night,4,0.5571047885781498,13.507110750336384
MANHATTAN,day,2,0.829185264553002,17.683315054569814
BROOKLYN,night,5,0.8552094427955483,12.541770783208232
MANHATTAN,day,3,0.9187464807169984,18.490244083765464
BROOKLYN,night,4,0.5583207254525877,14.279164138627337
MANHATTAN,day,1,0.7248472717922767,20.273523545356962
QUEENS,night,2,0.20062033411054345,15.38029866916503
BROOKLYN,night,4,0.6087600639585838,15.318949014608497
BROOKLYN,day,1,0.3238226285240216,16.834090087227057
MANHATTAN,day,4,0.48854519652395,12.269246986027872
MANHATTAN,night,1,0.6706454574760474,17.68721045951619
BROOKLYN,night,3,0.331287344068403,12.688509642426961
BROOKLYN,day,3,0.14696655201708497,12.85913872381044
QUEENS,night,3,0.10921047076788176,13.101844555165556
MANHATTAN,day,3,0.1199435819900694,12.98056972422841
QUEENS,day,2,0.1075147637623927,13.901313317533036
BRONX,day,2,0.19931955090208792,13.30120809743821
QUEENS,day,1,0.3155398431131169,16.19833193050832
MANHATTAN,night,3,0.2990993627640693,14.632174053339057
BROOKLYN,day,3,0.9881169347619071,15.047246944929363
MANHATTAN,night,4,0.37540549468804896,12.044009152620506
MANHATTAN,day,3,0.2146787050234592,14.23505204378593
STATEN ISLAND,day,3,0.5910062897509821,13.57090288614526
MANHATTAN,day,3,0.8721617098577575,15.933233056294306
BROOKLYN,day,1,0.7102543391089077,15.900506353335071
QUEENS,day,2,0.3664738802219053,13.743143327079977
QUEENS,day,5,0.6054545438123095,10.849551703307355
BROOKLYN,day,4,0.7433703767803682,13.17119990927838
MANHATTAN,day,2,0.755294043130968,18.381113204784885
BROOKLYN,day,3,0.69988460976792,16.156914060170955
BROOKLYN,day,4,0.8837293822980562,15.949065589808844
MANHATTAN,night,3,0.883094912509694,14.613014221394224
BROOKLYN,night,1,0.621042903466303,16.659636755161227
MANHATTAN,day,1,0.486870732200091,17.69911258127491
MANHATTAN,day,3,0.6774132660085899,16.78979398630079
BROOKLYN,day,5,0.8363908012334168,13.823621024277253
MANHATTAN,night,3,0.10508689435706625,12.949308750772941
BROOKLYN,day,1,0.992797308113366,20.19308097237416
QUEENS,day,2,0.2646043950962793,13.126768443353864
BRONX,day,4,0.5232240870939786,11.626961444004772
MANHATTAN,day,4,0.8848267613585801,16.773206902557785
MANHATTAN,day,3,0.30253635913977944,12.561899789121071
MANHATTAN,night,3,0.5291157015103449,16.159295734044726
QUEENS,day,1,0.21932396216306127,15.075029639825074
QUEENS,day,4,0.4555686928493734,11.507143129374743
MANHATTAN,day,4,0.2594219093137023,10.998189930807303
BRONX,day,2,0.4272649738940413,13.450572096914318
MANHATTAN,night,4,0.43611779511344984,12.157582360583769
BROOKLYN,day,2,0.9938537106384995,18.66404087680038
QUEENS,night,1,0.9953317263733951,17.026827047529565
BRONX,day,2,0.20330765079455118,13.384673543762986
QUEENS,day,2,0.7533719013955125,17.806146200702038
BRONX,night,2,0.14657093170219104,13.93337254258489
BROOKLYN,day,3,0.12717281380346976,11.231176238832745
BRONX,night,3,0.1948005048204679,12.022526839431313
MANHATTAN,day,3,0.9689370913071406,17.330693610190014
BRONX,night,2,0.9467771931052277,18.632564635186817
BROOKLYN,day,1,0.2745350382526124,17.83260713713482
BRONX,day,3,0.24550510199834039,13.457981726139062
BROOKLYN,night,3,0.3164815778643523,13.682083422949594
QUEENS,night,2,0.5639922946676279,14.87448802047912
BROOKLYN,night,4,0.6127341688318689,14.282698168940954
QUEENS,night,4,0.2994340873955026,8.522069226423103
MANHATTAN,night,4,0.7809605092809507,14.87341913193711
MANHATTAN,day,3,0.37859785246238575,14.861339744794247
MANHATTAN,day,2,0.9299181929764693,20.23297371120435
MANHATTAN,day,3,0.6910504358110575,16.99568922103076
BRONX,day,2,0.49271607487325053,15.856451313727762
MANHATTAN,day,3,0.8109208015325609,16.73611523506099
STATEN ISLAND,day,1,0.8361231634419983,18.680371726164775
BROOKLYN,day,4,0.3614334450480493,10.60588414410876
MANHATTAN,night,2,0.40574308945247595,14.923717365489196
QUEENS,day,5,0.942359638355743,13.199419261064685
QUEENS,day,4,0.24826693452694473,10.421572245675637
BROOKLYN,day,3,0.1379353752666408,9.70584172495559
BROOKLYN,night,4,0.5086497903485943,13.252399294405285
QUEENS,night,3,0.821088910219266,16.4643519699285
MANHATTAN,day,4,0.7945012956796712,15.171516136958308
STATEN ISLAND,day,3,0.9275775660215493,18.27861371908086
STATEN ISLAND,day,4,0.5798805979321362,10.749701758980661
QUEENS,day,3,0.19005820440987997,11.002073732599976
MANHATTAN,day,5,0.6298200769024145,12.119750212513043
QUEENS,day,3,0.8005560529178904,15.312189210417067
MANHATTAN,day,3,0.18399530824284377,12.501499728018935
MANHATTAN,day,4,0.2553916609878308,10.071873142895054
MANHATTAN,night,4,0.11106159504010382,10.166042412276905
BROOKLYN,night,3,0.6342873215021293,15.005722754834949
BRONX,day,2,0.8980609527513139,19.611682691357938
QUEENS,day,3,0.7035969844018896,17.41607232665978
QUEENS,day,5,0.9838360788318838,14.99750318982803
BROOKLYN,day,4,0.1567302872497854,9.488292031516478
BROOKLYN,night,4,0.9127009766363466,14.497584815384856
BROOKLYN,day,1,0.8326614586480127,19.421105188200862
STATEN ISLAND,night,3,0.3828173684495545,14.029783561546406
MANHATTAN,day,3,0.9761738966535266,17.84662146562965
BRONX,night,4,0.3591439733542735,9.841426838157862
BROOKLYN,day,1,0.9003742514453966,19.451020070051435
BROOKLYN,night,4,0.8926737193667704,16.110846378067308
QUEENS,day,3,0.7818918549426752,16.110225389402693
BROOKLYN,day,2,0.6071234264315667,16.306042272015198
BRONX,day,2,0.20800247465519928,14.472113693530831
BRONX,day,2,0.5787745610468484,13.334228003748319
BROOKLYN,night,3,0.4211166300894411,13.861853177620604
MANHATTAN,night,1,0.8129953298398166,21.217292149601164
BROOKLYN,night,2,0.7823162858471604,16.6856199278211
BRONX,day,4,0.9195512566353448,14.073476924334194
MANHATTAN,night,2,0.11334714618853708,11.79701866690932
QUEENS,day,2,0.8281928951407415,19.091128532187653
QUEENS,day,3,0.9446158478122019,15.475818238353433
QUEENS,day,3,0.8103704041973351,15.75665956071721
MANHATTAN,day,4,0.21717501388333005,12.236338040021694
QUEENS,day,3,0.173151194356799,13.139964302288938
BRONX,day,4,0.11876071582693074,9.687267324092288
MANHATTAN,day,3,0.6658707032452639,15.380843818560113
MANHATTAN,night,2,0.6667053866738986,17.841266191665003
STATEN ISLAND,day,2,0.9882223427963911,18.964341560027286
MANHATTAN,day,3,0.45823885669368614,14.474345530828018
BRONX,day,3,0.3987156564077471,12.145808868749464
BROOKLYN,day,4,0.6619824344659532,11.853976454050262
MANHATTAN,day,3,0.8430478052568345,15.714253872643152
BRONX,day,3,0.9430965545707016,17.867397401597557
BROOKLYN,day,2,0.8228117495611347,17.563527000579203
BROOKLYN,night,2,0.48400658255422424,15.017017694697607
BROOKLYN,day,3,0.6714228117808577,14.505087608754843
BROOKLYN,night,3,0.8706693940445053,16.7614060935295
MANHATTAN,day,3,0.5415487194805655,14.932720564104974
BROOKLYN,day,2,0.2950179793348534,14.189858293213444
STATEN ISLAND,night,3,0.2527510957730857,12.662070835897943
MANHATTAN,day,4,0.10014197012025106,12.59654234401559
QUEENS,day,2,0.7464141954831558,14.719666263149717
BROOKLYN,night,3,0.19998748796139146,12.693029949120593
QUEENS,day,5,0.3194551897263464,8.144224214875582
MANHATTAN,night,2,0.36808869837051406,15.39467520277503
STATEN ISLAND,day,3,0.6043418741230915,13.699356243952126
BROOKLYN,night,1,0.45816154956619237,16.922786171863148
MANHATTAN,day,3,0.7072065928208456,16.573394710088657
MANHATTAN,day,1,0.15007479339583246,16.683050404311214
MANHATTAN,day,5,0.2115452748379955,10.228536447095356
BROOKLYN,day,4,0.54929035317994,12.194183730668462
BROOKLYN,day,4,0.40326830906214683,11.266204480539566
BRONX,day,4,0.36623202647622377,9.752861816153812
BROOKLYN,day,3,0.16032527113377046,11.017409905344646
MANHATTAN,day,3,0.9061472572732013,19.944439206554044
QUEENS,day,4,0.7226367275125457,12.346734439917253
QUEENS,night,5,0.20945634113768447,6.929411642462364
MANHATTAN,day,3,0.15854136196342655,13.114432286976
MANHATTAN,day,5,0.9773852800881188,14.72056660942254
MANHATTAN,day,3,0.7130552953955543,16.10014753585203
QUEENS,day,3,0.47571046398436734,14.982973175592894
QUEENS,night,3,0.7315579366802064,15.614078599091378
BROOKLYN,day,2,0.7806986078321432,17.03854943286476
BRONX,night,1,0.8019659821499014,18.603407782864224
BRONX,day,2,0.5300895750877519,15.142478421383565
BROOKLYN,night,3,0.4868944823123632,15.21450168092667
BRONX,day,3,0.10992527584201031,11.044737137629301
MANHATTAN,night,3,0.9339014036276542,15.61857492063477
MANHATTAN,day,5,0.6429770905500487,12.621367474094104
MANHATTAN,day,3,0.2828385434709713,11.694019331207798
MANHATTAN,day,3,0.927643077479293,20.350756725721286
BROOKLYN,day,2,0.9234387115932667,17.44355012873956
BRONX,night,1,0.9902657479294863,20.142489643112384
MANHATTAN,day,4,0.886650906825081,16.17307417600439
MANHATTAN,day,3,0.9980059490380583,17.840648875932303
BROOKLYN,night,4,0.32021756931094536,11.133377718761714
BRONX,day,2,0.8580246266793107,18.383352816808575
BROOKLYN,night,3,0.840725477916188,18.296174757010757
BROOKLYN,night,2,0.30784632329866035,15.522011999622052
MANHATTAN,day,2,0.18859379410089172,16.30007631594405
MANHATTAN,night,1,0.9814784623098397,20.023667075301756
STATEN ISLAND,day,2,0.3664220963685494,13.762578786302006
STATEN ISLAND,day,2,0.8838026114210255,16.9310122367066
MANHATTAN,day,2,0.10371443920714352,14.395453404858515
STATEN ISLAND,day,5,0.11892232649764199,8.62447348699736
QUEENS,night,2,0.5192841778267315,14.910400176123291
BRONX,night,2,0.31484321554155725,13.859876861155216
BROOKLYN,day,2,0.7208571550923678,17.92634846500279
BROOKLYN,day,3,0.6090078930111589,12.824708031493515
BROOKLYN,night,1,0.1697372177054423,15.019069456138762
QUEENS,day,4,0.24636546668414538,10.0403383063044
MANHATTAN,day,5,0.4492443430525729,10.315657890273414
MANHATTAN,day,2,0.26704365755988985,16.304254587767176
BROOKLYN,night,3,0.8130001125195357,15.009812350565042
QUEENS,day,1,0.47446321199795205,16.320963219950137
MANHATTAN,night,3,0.18408868015824936,13.248365091416181
QUEENS,night,3,0.5359086120449124,15.307547852063271
STATEN ISLAND,day,2,0.18175436295527275,12.168735637352249
MANHATTAN,day,2,0.2160435748778355,15.827667549659784
QUEENS,night,3,0.3156488488253848,13.092431994097552
BROOKLYN,day,3,0.8735749347227408,16.826386143100788
BRONX,night,2,0.9321512790996748,17.05156722421974
MANHATTAN,night,3,0.8436319563988621,15.462110683507385
QUEENS,day,3,0.4006694956760626,12.93215820359743
BRONX,night,4,0.3452017969979485,10.69257543180353
BRONX,night,2,0.5942401217112153,17.26567410114045
QUEENS,night,4,0.7496678444798011,14.367868810836999
BROOKLYN,day,3,0.9940355093441573,17.23969761741256
QUEENS,day,2,0.21841364069103358,11.830433155762197
BRONX,day,3,0.144362799121424,12.251240853817983
BROOKLYN,night,3,0.7249203000957439,14.490442615260154
MANHATTAN,day,5,0.849003205153515,13.10836412598081
BRONX,night,2,0.8617139018797809,16.72584147636039
QUEENS,day,3,0.7106171941694446,14.652810535773446
QUEENS,day,3,0.9586142237072683,17.835223254981916
MANHATTAN,day,5,0.5599042871901282,12.133328822467599
QUEENS,night,2,0.9224333185025912,17.263954139353608
BROOKLYN,day,5,0.9710309232923707,12.280963085346118
QUEENS,day,5,0.862441711302797,13.268420625143992
MANHATTAN,day,2,0.3787827069327586,14.825602067948578
QUEENS,night,4,0.27659408605326574,10.538882702335943
STATEN ISLAND,day,5,0.5933080584836365,9.63144004104367
MANHATTAN,day,2,0.5077132753421696,17.60594895324343
STATEN ISLAND,night,3,0.8899825079734597,14.996202631393224
BROOKLYN,night,3,0.19002850396043836,12.164473650315188
BRONX,night,2,0.33196605518036676,15.040675935618935
QUEENS,day,1,0.7766190500668377,20.97635204415027
BROOKLYN,day,2,0.18548798047958093,14.871808189547542
QUEENS,night,2,0.38868797261953014,14.220144494408615
BRONX,day,3,0.4484398546485848,13.618696643954147
BROOKLYN,night,2,0.660334416906421,16.262342357502416
BROOKLYN,day,4,0.24231938114742813,9.835081133234649
QUEENS,day,4,0.8745440413147386,13.621235324066214
BRONX,day,1,0.5027880119196468,16.241543321023375
QUEENS,day,3,0.9253195406925008,16.998619075056318
QUEENS,day,3,0.5210829222705384,12.301605165315717
BROOKLYN,day,5,0.34753623304666004,11.658838188459345
BRONX,night,1,0.2276459458189074,16.282154308165495
MANHATTAN,day,2,0.10337058524015634,13.996510879302217
BROOKLYN,night,5,0.578941736486352,11.563503620919372
MANHATTAN,night,5,0.19644102723423107,9.108129105485038
BROOKLYN,day,4,0.4525549872680604,12.665708710859711
BROOKLYN,day,4,0.630344585113378,14.802950759087265
BROOKLYN,night,1,0.3481173072124303,15.618974742173819
QUEENS,day,3,0.2577018631295037,10.034991603639297
BROOKLYN,night,2,0.7972494603484075,18.625983398092743
BROOKLYN,night,2,0.9521120550534585,19.177967526940044
MANHATTAN,night,4,0.19039637607576942,9.993337882763086
BROOKLYN,day,2,0.24003129194650707,13.280133752555356
MANHATTAN,day,3,0.9640113915274467,16.935148916068236
MANHATTAN,day,5,0.13400579963102166,8.50159897476054
QUEENS,day,2,0.979869102895425,17.780729863970837
QUEENS,night,5,0.1041800347764899,7.357313460910288
QUEENS,day,5,0.8863017900861982,11.980009249478137
BROOKLYN,day,3,0.37659266288897464,12.538055725378422
BROOKLYN,night,2,0.9447299723595669,18.46620360763393
BRONX,day,2,0.38525075977202694,15.00535978034965
BROOKLYN,day,3,0.6888756893806504,15.098136137336414
BROOKLYN,day,2,0.17202931278934297,15.108590961140292
MANHATTAN,night,2,0.3180968303083651,15.977334654309317
BROOKLYN,day,5,0.7963114118313257,11.067009148673183
BROOKLYN,night,2,0.5758172683109377,16.97128556251772
BROOKLYN,day,4,0.9351721556083402,16.20527179055691
BROOKLYN,night,1,0.4858762675072189,16.836513777047895
BROOKLYN,night,3,0.8828311292325307,14.944165235247665
QUEENS,day,5,0.5040598937304138,10.286069420541054
QUEENS,day,2,0.9813234508317867,18.16935204862792
BRONX,day,2,0.9638509432589891,17.2190556473436
QUEENS,night,3,0.3962230350004723,11.033986667991147
STATEN ISLAND,day,4,0.8973313033751229,13.52758921619417
MANHATTAN,day,3,0.8628502367940843,17.028833908700562
MANHATTAN,day,2,0.2896123575948065,14.68176188597937
MANHATTAN,day,2,0.6618613607049427,17.50200596288626
QUEENS,day,5,0.16541408403083338,6.751859897616034
BRONX,day,5,0.8530396485251155,12.522972979973915
MANHATTAN,day,3,0.2570912951531469,14.01108345523267
BRONX,night,4,0.16373323124718808,9.744301906685175
MANHATTAN,night,3,0.4601971859849301,12.684914742750983
BRONX,day,3,0.6192299247396791,14.157763777539628
BROOKLYN,night,2,0.8694252627037939,16.967074051366428
MANHATTAN,night,3,0.9768182729695628,18.369882330056235
BROOKLYN,night,3,0.4955432613128773,14.603636082590212
MANHATTAN,day,1,0.1544022306867432,13.913084949360595
MANHATTAN,day,3,0.7742040211232836,17.64314170199997
BROOKLYN,day,4,0.6086559306015437,12.021639987375764
BRONX,night,3,0.5031022103600168,15.84118311591893
BROOKLYN,day,3,0.3783419909129707,13.400691423533571
BROOKLYN,day,5,0.5521586750591821,9.89335918963769
QUEENS,day,1,0.40481164401132785,14.660892401242414
QUEENS,day,3,0.7813106809726242,15.69623377646687
MANHATTAN,day,4,0.589504326843377,13.462218256603897
BROOKLYN,day,3,0.8891629967387008,16.663574787259787
MANHATTAN,day,2,0.5891895231844979,19.065068179935686
MANHATTAN,day,2,0.31443617200593704,14.5047422409637
QUEENS,night,4,0.86598269400893,14.300842940292892
MANHATTAN,night,3,0.6014971404370395,17.31354479768842
BROOKLYN,night,4,0.28615693432920514,11.584636243699515
QUEENS,night,3,0.6611570289605999,12.569597405814292
MANHATTAN,day,3,0.4219450884481848,15.049109888991763
BROOKLYN,day,4,0.8599650510628593,13.594169402568452
MANHATTAN,night,3,0.5079697647818886,16.689972505561833
STATEN ISLAND,day,3,0.753797222296675,13.312240818930812
BROOKLYN,day,3,0.18598258687261343,15.772298223966786
BRONX,day,4,0.45642191167211155,13.82759361186194
BROOKLYN,day,3,0.9849172928251588,16.446027319809957
MANHATTAN,day,3,0.8276142605294334,17.10350925944325
QUEENS,day,1,0.2439467221302358,15.89002683180669
STATEN ISLAND,day,5,0.3499876445295296,9.41531225851399
QUEENS,night,1,0.396834227970725,16.51022599378115
BRONX,day,3,0.6853290044459012,16.65722937325769
BRONX,day,3,0.78129528354069,15.630856607053241
MANHATTAN,day,3,0.7745739479271188,16.29466945923503
MANHATTAN,night,3,0.5588866506757626,14.916526443882923
QUEENS,day,1,0.8297384840543361,19.82334802471974
BROOKLYN,day,3,0.49337027448172754,14.645124032494405
BRONX,day,4,0.21149250876600573,10.824241705807346
BRONX,day,4,0.6079976574884319,14.006265872783425
BROOKLYN,night,2,0.957071246140996,16.35970021049185
MANHATTAN,night,4,0.8136942862532602,15.76109544929637
QUEENS,day,3,0.6208305829230182,14.497681455648076
MANHATTAN,day,4,0.6821250943141872,16.536382810603065
BRONX,night,3,0.9375058243320153,14.959482279441698
BROOKLYN,day,3,0.4855085149914644,16.02442930629663
QUEENS,day,5,0.39825472504837367,9.679146667524028
MANHATTAN,day,4,0.9795174085004041,17.05365059204468
QUEENS,night,3,0.8770988201593001,17.912244876166703
BROOKLYN,day,2,0.39073922615674217,15.812718491625514
BROOKLYN,day,3,0.5174025376248306,14.843558441916473
MANHATTAN,night,3,0.47357031610701916,15.068956477658407
QUEENS,day,2,0.23418611080429053,12.742035958234636
BRONX,day,2,0.9620373914319331,18.51905609489509
MANHATTAN,night,4,0.4638811880977829,12.25661240328829
MANHATTAN,day,1,0.8877961743741172,20.617194854121184
MANHATTAN,day,3,0.27042060491259856,10.654617095465776
QUEENS,day,2,0.5930837295734978,16.169891723308794
QUEENS,day,2,0.12156524661184284,12.44408939843663
BROOKLYN,day,1,0.7877984354580777,18.917245346477387
MANHATTAN,day,2,0.6228225084216505,17.6120560054689
BROOKLYN,day,4,0.6630306251227774,11.989422355739524
BROOKLYN,night,4,0.14654879429918813,12.667691158890262
BROOKLYN,day,2,0.2899344971877539,14.361253277935282
STATEN ISLAND,day,3,0.16689778511822215,10.309822283701815
MANHATTAN,day,3,0.36002288422343065,12.881673295292792
QUEENS,night,4,0.6646951069139359,12.949253853879696
BROOKLYN,day,4,0.6095673858856376,15.026539876584582
BROOKLYN,day,3,0.6509348394520512,16.474175907756774
QUEENS,day,3,0.5943261442401049,15.08844523892935
QUEENS,day,4,0.3457259161082734,11.502897196704502
STATEN ISLAND,day,1,0.3200567476099827,14.250117826389756
MANHATTAN,night,3,0.22335371518292313,11.411603348244958
MANHATTAN,day,5,0.8641637874131429,13.875818091945467
QUEENS,day,4,0.65483142268712,12.573358490025868
BROOKLYN,day,3,0.2678599112536538,13.999642750754239
MANHATTAN,night,3,0.25948844183911557,13.757943402906035
MANHATTAN,day,2,0.885732041373523,20.992032102412157
MANHATTAN,day,3,0.7684577773869874,18.131961801061227
BRONX,day,3,0.6934591719148342,14.659689886041507
MANHATTAN,day,3,0.4661776967853698,12.575999993161062
BROOKLYN,day,4,0.3357780078506658,13.245247331759105
MANHATTAN,day,4,0.9815056868015414,18.11104923208691
BROOKLYN,day,2,0.8175156175205202,16.27439760480071
MANHATTAN,day,3,0.37160130082264886,15.926496479140217
BROOKLYN,day,3,0.8628083166506452,17.066794662940215
MANHATTAN,day,3,0.7830387537532133,16.98257449714667
BRONX,day,2,0.3673724948901985,16.625661121883084
MANHATTAN,night,3,0.4838975688174757,16.458956405190328
BROOKLYN,night,4,0.267358100851924,11.919424797931752
BRONX,night,3,0.19994719994029841,12.567517278586319
QUEENS,night,5,0.7504858295557271,12.617831040748657
BROOKLYN,day,5,0.34076067161848,9.53487544486109
BROOKLYN,night,2,0.8380534291716283,17.9812255499368
BROOKLYN,day,2,0.9960478403629834,17.991530376845944
QUEENS,day,5,0.1689578325366838,7.698578180601743
STATEN ISLAND,day,5,0.5257316125753303,9.177294827336926
QUEENS,day,1,0.8218563033797227,17.979699528422202
BROOKLYN,night,1,0.8100558068871102,19.629458547944374
QUEENS,day,2,0.7839974424978716,16.507206355395475
BROOKLYN,day,5,0.41409544177171986,11.094302035938549
MANHATTAN,night,2,0.5084679301165471,14.65825680980504
BROOKLYN,day,3,0.6354715216073232,14.994539137518842
STATEN ISLAND,day,4,0.9765465252159314,14.305414382116549
MANHATTAN,night,1,0.3947925438446436,17.093396447185924
QUEENS,day,3,0.930829498945172,16.043520503372537
MANHATTAN,day,2,0.3424212263624447,13.623442758480062
BROOKLYN,day,4,0.9901670189263341,16.263858148624564
MANHATTAN,day,2,0.7032373181448326,18.648169747021896
BROOKLYN,night,3,0.5171603323226959,14.953786913142043
QUEENS,day,3,0.6520513852572444,15.684806475502707
BROOKLYN,day,2,0.3452780521361861,15.086142865824215
QUEENS,day,1,0.34675647176032,16.228334483223204
QUEENS,day,3,0.20219908945914444,11.701602967632661
BRONX,night,2,0.20264526793485887,14.442255105087577
MANHATTAN,day,4,0.4129045673220202,10.891204124234585
BROOKLYN,day,4,0.7865699301067345,13.440407384120164
MANHATTAN,day,3,0.6471740508383462,17.81091091888896
STATEN ISLAND,night,3,0.19232610429791874,7.697596691421023
BRONX,night,3,0.8670128724783198,16.167370155318665
BROOKLYN,day,4,0.6412308642910598,14.974730569421572
BRONX,day,3,0.9647700191063018,16.859092325540843
BROOKLYN,day,2,0.7031669206700868,16.68457169861473
QUEENS,night,2,0.2576573773337629,13.63007896484782
MANHATTAN,day,3,0.5264050260770401,14.697888453497823
QUEENS,night,3,0.6836478377924837,14.68073033695947
MANHATTAN,day,3,0.12543823094497994,11.695291257318214
BRONX,night,1,0.1134192377393271,15.967634349252496
QUEENS,day,4,0.21646270053871114,11.714925458780415
QUEENS,day,2,0.3264979915409237,13.762168558482058
MANHATTAN,day,2,0.486594211168608,14.799075067766461
BROOKLYN,day,3,0.5386964263838095,13.872914967118687
MANHATTAN,night,2,0.2242248480441071,14.53667512016314
BROOKLYN,night,3,0.7060524212042477,16.195987390111462
MANHATTAN,night,3,0.6365242555268813,14.627791793119915
BRONX,day,3,0.36501768895704423,12.149620195850208
BROOKLYN,day,3,0.11229389509176281,12.342721683527026
BROOKLYN,night,2,0.16988312381796167,14.830930903264221
BROOKLYN,day,2,0.4525252979597555,14.795501582533591
BROOKLYN,day,4,0.23857691604911554,9.350889489578057
QUEENS,day,3,0.4391376455331738,16.99533653751109
BROOKLYN,day,3,0.6653643440593197,16.264833320892034
BRONX,day,1,0.5925136850913552,17.43093443897337
BROOKLYN,day,3,0.3080582948236548,14.045216446990764
STATEN ISLAND,day,3,0.4094402421328772,11.912013618206393
BRONX,night,3,0.6526280786037856,15.982670777844831
MANHATTAN,day,4,0.8747695252391038,15.977273751385642
BRONX,day,2,0.7778920948649896,17.46582489442352
MANHATTAN,day,2,0.5980600241500734,17.05109191509853
BRONX,night,4,0.4260636984848376,10.132556439995737
BROOKLYN,day,5,0.42854614978762495,12.91126385289133
BRONX,day,2,0.8914755792379565,16.964750560725424
BRONX,day,3,0.13531921843649178,9.947546628264483
BRONX,day,2,0.9891843799782348,18.474266610550885
QUEENS,day,1,0.697937869766406,16.78282997726903
BROOKLYN,night,2,0.7130239291651514,17.17260019090116
MANHATTAN,night,2,0.13419805357426795,14.997603966506865
BROOKLYN,day,4,0.6449763474021449,14.786709738749009
MANHATTAN,day,3,0.5363002540814024,16.163628517475132
QUEENS,night,2,0.1952010162046603,12.702048139587477
BROOKLYN,day,1,0.35012980969242313,16.535353956194655
STATEN ISLAND,night,4,0.9012830105922861,14.147794429926847
QUEENS,day,2,0.5949895742793576,13.558087324085339
BRONX,night,3,0.4720749176565179,14.453188604911198
MANHATTAN,night,2,0.16541394025672984,12.626431466568146
BRONX,night,3,0.7427093746620751,17.976026853991275
BRONX,night,2,0.7325657410564292,16.57625921529676
BROOKLYN,day,1,0.6526392462753072,18.22030488815599
QUEENS,night,2,0.5592363815985844,14.511387961305372
QUEENS,day,2,0.49040596198663544,14.231674714686303
MANHATTAN,day,3,0.633943983689193,18.549548176951642
BROOKLYN,night,3,0.31005590655556603,14.143807018959137
BROOKLYN,night,2,0.9471331577598829,16.897322591261833
MANHATTAN,night,1,0.6299150762622066,20.799503476526617
BROOKLYN,day,3,0.38007319991893895,14.902366529642821
MANHATTAN,night,3,0.5047118657966415,14.643172172932223
MANHATTAN,night,5,0.825116309989203,14.231292345365626
MANHATTAN,day,3,0.2454544546572677,13.27752105996695
STATEN ISLAND,day,3,0.36355206021423436,14.13018427672884
BROOKLYN,day,3,0.7115572204628998,14.66957370621834
STATEN ISLAND,day,5,0.3839402858340015,8.87082458965188
BROOKLYN,night,4,0.8132515136753193,14.17236044169821
BROOKLYN,day,2,0.21740813845962476,12.293504414446137
BROOKLYN,night,2,0.7864175534091477,20.341680003225445
BROOKLYN,night,2,0.16151654336550963,12.23197763695292
MANHATTAN,day,3,0.11133335140074531,12.687821809090176
QUEENS,night,4,0.9084011669489459,12.415766857511747
MANHATTAN,day,3,0.6232052952390688,15.271949771962234
QUEENS,night,1,0.41664420737813035,16.614549933677996
QUEENS,day,4,0.3093351732674654,9.620997850835689
MANHATTAN,night,4,0.6551972049347345,15.06294405295856
MANHATTAN,day,2,0.5581019651830644,16.604813463424218
QUEENS,day,3,0.9924379979769866,18.042946001728748
BROOKLYN,night,3,0.9848943879883711,19.03592661793268
MANHATTAN,day,4,0.6715221095274486,13.7607999990524
STATEN ISLAND,day,4,0.4985834554953015,11.132871891991007
MANHATTAN,day,3,0.5420268722211959,15.443319741204451
QUEENS,night,3,0.7142311596131757,15.58572169200728
STATEN ISLAND,day,4,0.19141708981184324,9.0614694792701
MANHATTAN,day,3,0.39551686642964634,14.49911278300411
MANHATTAN,day,2,0.16774501690324348,14.09825484011694
MANHATTAN,day,4,0.1660246835652276,11.3174482835404
BROOKLYN,day,2,0.2762553177048104,15.953187797323428
MANHATTAN,day,3,0.5367279291339042,15.964031428824601
QUEENS,day,4,0.8062968890465104,14.68243654613436
MANHATTAN,day,4,0.5369463020492853,14.457835352283048
BROOKLYN,day,3,0.40192894950478275,13.427967638323846
STATEN ISLAND,night,2,0.17411769130308233,12.514357445765473
BRONX,day,3,0.5952659708648166,13.267020396618413
QUEENS,day,2,0.3441417278348591,15.559490418506932
BROOKLYN,night,2,0.6534407601254327,13.50781242200345
QUEENS,day,4,0.9794689652191765,14.861970203122137
BROOKLYN,night,2,0.20018288932979517,15.270263953224
BROOKLYN,day,3,0.29091285884974594,11.254292062168139
MANHATTAN,day,3,0.5257850842894373,15.597338949021564
BRONX,day,5,0.9717524338113366,12.999471083878856
BROOKLYN,night,3,0.7946287986429961,15.72252327295283
MANHATTAN,night,1,0.9084062738465472,21.939769932769885
BROOKLYN,day,1,0.40034336362821366,17.03990017464557
BROOKLYN,day,3,0.992834626400735,15.01219803014354
BRONX,night,3,0.19254953445774164,10.779861326297402
QUEENS,day,3,0.14767561544149077,12.3302943822362
QUEENS,day,3,0.8700423643486253,16.39400663009766
MANHATTAN,night,1,0.9345383831862876,23.07226217774001
BROOKLYN,night,3,0.1815268217914916,14.199101454460653
BROOKLYN,day,3,0.20208468407125735,11.902856290287023
MANHATTAN,night,2,0.12985674198019645,17.147954188954664
MANHATTAN,night,2,0.19405680637845169,14.59074484528223
QUEENS,day,2,0.2884778351202528,12.519903686990814
MANHATTAN,day,2,0.9730689570190009,18.86458038153081
BROOKLYN,day,3,0.7010742000157124,12.84891217375483
MANHATTAN,night,2,0.8006977229666878,20.43295800918261
MANHATTAN,night,2,0.79852546332237,20.40412989844804
MANHATTAN,day,2,0.5815663748012931,15.86157250963242
STATEN ISLAND,night,5,0.8177400799417155,11.241849373562863
BRONX,day,4,0.6362267791509727,13.350203117416417
STATEN ISLAND,day,2,0.3830914878430218,12.337671008409105
BROOKLYN,day,2,0.6049990978915607,14.426371698769753
MANHATTAN,day,2,0.5801577275210621,16.818596104354608
BROOKLYN,night,3,0.8411077483833885,16.08190504914093
BROOKLYN,day,1,0.9835544956434931,20.127010732496174
BRONX,night,3,0.4699383088788375,14.0218582828336
MANHATTAN,day,3,0.7870516105972237,18.531259059113143
BROOKLYN,day,4,0.1897867036343202,10.269902309993011
MANHATTAN,night,2,0.7991482325034597,18.698995109738124
BROOKLYN,day,4,0.4342752207939089,13.095033563654333
QUEENS,day,4,0.135451146600718,10.145403964719966
BROOKLYN,day,2,0.42692156070595955,14.63768191525133
BROOKLYN,night,3,0.6495784758294803,15.337912640628465
BROOKLYN,day,2,0.20732515091331993,14.604661265139447
BROOKLYN,day,2,0.9316310431872291,17.301580175704057
QUEENS,day,2,0.1699051719455547,14.420630430601916
BRONX,day,3,0.9370060478498495,18.50844599728095
STATEN ISLAND,night,3,0.7364237661421178,13.319418173390371
QUEENS,day,5,0.3967409578727833,9.811220248190894
BROOKLYN,day,2,0.45167531293818397,16.306623442103437
QUEENS,day,5,0.7667284282594697,11.32899779609205
BROOKLYN,day,2,0.6413239907930867,17.34654255498078
MANHATTAN,night,4,0.7044786293094507,14.875017842062029
BRONX,day,2,0.450248154862132,13.465111193437298
MANHATTAN,night,2,0.5390321336268391,17.354702447748725
BRONX,day,4,0.9908807356341041,14.220553882096434
BROOKLYN,day,2,0.2925305834497459,15.628492214417806
QUEENS,night,3,0.4760705678699183,12.4890054009938
QUEENS,day,3,0.36264086881657054,12.363623126914334
BRONX,night,3,0.7886003593958648,17.47263703220901
QUEENS,night,3,0.7876113630991486,15.91513183597908
QUEENS,day,4,0.36320091489765627,9.66543724334531
MANHATTAN,day,1,0.17325128496968462,14.80823346734405
BROOKLYN,night,3,0.11028940900498364,10.997717812183923
MANHATTAN,day,4,0.484705479918237,13.72415851949654
QUEENS,day,1,0.46930383490219385,16.880434704783582
BROOKLYN,day,2,0.9895508907758767,18.020358024447756
QUEENS,day,4,0.5228218681279116,10.597690760094196
MANHATTAN,night,3,0.3307765326178786,14.187947548119212
MANHATTAN,day,3,0.9021064969283207,17.34546015108589
QUEENS,day,2,0.5419611546882206,17.91140657041072
MANHATTAN,day,3,0.63925807168952,15.899101853857573
MANHATTAN,day,2,0.18610183938539143,16.686765349245373
MANHATTAN,day,3,0.4446247665967966,13.185600665153968
STATEN ISLAND,night,4,0.9498013070264081,12.085852968197603
QUEENS,day,2,0.6305548457578829,14.5545043383956
BROOKLYN,night,3,0.4100516696282155,15.092291590327559
MANHATTAN,night,5,0.6631004625684338,14.917474914327059
BROOKLYN,day,3,0.9193699806203045,16.037289529288817
QUEENS,day,4,0.346591540425331,10.300165777053182
QUEENS,day,3,0.554605046623607,12.402155710798446
MANHATTAN,day,4,0.9628215885205798,14.184372508841705
MANHATTAN,night,1,0.2551565289686074,17.420611475627908
MANHATTAN,night,2,0.7476975330370403,18.427658328295358
QUEENS,day,2,0.6530329073826842,16.0572994771961
QUEENS,day,3,0.7117076180265713,13.146031672576656
MANHATTAN,night,4,0.4160976676008127,14.772582857599675
MANHATTAN,night,2,0.3824914361353885,15.182166249220659
MANHATTAN,day,3,0.7157887035295334,16.992978282721737
STATEN ISLAND,day,4,0.29398895659409086,7.96545453156792
MANHATTAN,day,3,0.4776892703731046,14.576350029881134
QUEENS,night,3,0.2693571814476262,12.30047102689587
QUEENS,day,3,0.10747435701099678,11.291073582235448
BROOKLYN,day,2,0.9730516240342625,19.110413808106657
MANHATTAN,day,1,0.48853268079077716,18.66888941559858
MANHATTAN,day,5,0.9724146529778427,13.464070697116425
QUEENS,day,2,0.2262911677910435,13.507739717169375
QUEENS,night,1,0.6286301015117375,17.622604880002626
QUEENS,day,4,0.28087662951211567,10.703705312862825
BROOKLYN,day,2,0.8110667142669472,17.958747903518177
MANHATTAN,day,3,0.8053326898848777,15.406807155555626
STATEN ISLAND,day,2,0.20134643413538061,10.727392119349206
QUEENS,day,3,0.9208580075887502,13.528455226265415
MANHATTAN,day,2,0.27516668248290216,16.06962484795322
STATEN ISLAND,day,2,0.6516796074304243,16.229106459979995
QUEENS,day,3,0.9870702580789337,17.628217026979613
BROOKLYN,day,4,0.8941568812897275,15.58016768333697
QUEENS,day,3,0.960907535705052,13.886155920821105
BRONX,night,5,0.4083388940963075,8.922150221483681
QUEENS,night,1,0.19501807799751703,14.872116008095595
MANHATTAN,day,3,0.2695121859605051,13.614450812093438
BROOKLYN,day,3,0.5504454055689525,14.310597280415765
BRONX,night,5,0.81390671044599,13.233094261388832
MANHATTAN,day,1,0.2351382797654877,16.442380867697967
BROOKLYN,night,3,0.6937583790346814,15.654354022387063
BROOKLYN,night,4,0.3912198436355607,11.176050584232726
BROOKLYN,day,2,0.4070818651529382,16.424445306840006
QUEENS,day,4,0.6957259571421337,12.605292791007408
BRONX,night,1,0.5202994775798983,15.685167704644588
MANHATTAN,day,4,0.8308299637233946,14.575195948819589
MANHATTAN,day,5,0.24032665869654435,9.643963851893162
MANHATTAN,day,3,0.8109534427903347,18.164000724179793
BRONX,day,3,0.1578117232516788,11.675054603014159
QUEENS,night,1,0.2746484922210445,14.96183733667801
MANHATTAN,night,5,0.6905347430528489,11.490079720128366
BRONX,night,3,0.8694330908599641,17.293894198385257
BRONX,day,1,0.3274116649654142,15.245833237447131
BRONX,day,3,0.39447244524602165,13.144037463369537
BRONX,day,3,0.583408673458066,16.268376069735666
MANHATTAN,day,2,0.2904155258403721,15.798216915221586
QUEENS,day,2,0.8300406354287551,15.2413592730287
BROOKLYN,night,1,0.7962729805051847,17.252362089660735
BRONX,night,3,0.23076254076920347,12.122783974856727
QUEENS,day,3,0.5174467586349689,12.10811519327753
QUEENS,day,3,0.7973449899891593,16.16099853208913
QUEENS,day,4,0.40359657799307336,11.27409343491295
MANHATTAN,day,4,0.6697961404459585,14.652136635727366
BROOKLYN,night,3,0.14519180931181547,11.095654942555976
STATEN ISLAND,day,1,0.6478198844763862,18.900489635440557
BRONX,night,3,0.23738768200054633,15.654132406616101
MANHATTAN,day,3,0.8475249926030062,16.87461078341148
MANHATTAN,day,3,0.4199045172224306,14.8530264600438
MANHATTAN,night,3,0.35339847645537614,14.113990908637119
QUEENS,day,3,0.8568000790403365,15.457576277632905
BRONX,day,5,0.1451296207646292,7.444857973690733
MANHATTAN,day,2,0.4569479194009103,14.968199891129347
BROOKLYN,day,3,0.4330031865175282,12.451803993733304
BRONX,night,1,0.35632033682459574,16.70237022001885
QUEENS,day,5,0.9205788988013294,12.36015346836428
BROOKLYN,night,2,0.77583555416505,14.54897968190419
BROOKLYN,day,1,0.1575308477727449,15.75778037524083
BROOKLYN,day,2,0.7432187044914587,17.385008040237494
MANHATTAN,night,3,0.5745692198159146,17.050707530484818
BROOKLYN,day,2,0.9107811049614213,18.96782405875845
QUEENS,day,3,0.38165105561352264,10.906323545915539
BRONX,day,3,0.6167457996486246,12.033235728840083
QUEENS,day,1,0.5506797472668874,16.116051496029247
QUEENS,day,2,0.5406048156048452,14.563802396599112
MANHATTAN,day,4,0.5104948595654913,14.550007628375894
BROOKLYN,day,3,0.2850665279790532,12.842287313116357
MANHATTAN,day,4,0.7801389302431535,16.53132924429871
MANHATTAN,night,3,0.5062024294653599,13.400516124681678
QUEENS,day,2,0.9626646475023451,19.215637470021782
STATEN ISLAND,night,1,0.3347275844734987,15.640916283194846
MANHATTAN,day,2,0.714469455664337,15.522170528100755
BROOKLYN,day,4,0.9466453716751976,17.140336325401712
BRONX,night,5,0.6971124907144832,12.143381379763765
MANHATTAN,day,3,0.8841456168556552,17.917399914203965
BROOKLYN,night,1,0.8447328637813055,18.652888279664378
QUEENS,day,2,0.4241059439401035,16.08698505111704
QUEENS,day,2,0.6401115459455469,14.537702253559411
MANHATTAN,day,3,0.24063520583022005,14.262639259945164
BROOKLYN,day,1,0.5819732944260396,18.967555384859665
QUEENS,night,5,0.3073797746329035,7.828967621307207
BROOKLYN,day,3,0.769363133457201,18.380908686778895
MANHATTAN,night,5,0.5752525797029121,12.516975944329953
QUEENS,night,4,0.4701046263684945,12.440351203720443
MANHATTAN,day,4,0.3419173865502798,10.489918058173911
QUEENS,day,3,0.9988286336571581,19.233662122381805
MANHATTAN,night,3,0.16453946879643944,11.30003821890675
STATEN ISLAND,night,3,0.13920461251517802,11.534693700667772
BROOKLYN,day,3,0.2955316604444781,11.727229731371073
BROOKLYN,day,3,0.9739652127650377,16.587987319555523
MANHATTAN,day,5,0.981314351487986,15.825048137334447
BROOKLYN,night,4,0.6894349612949223,15.114390504827183
BRONX,day,4,0.8920960004857642,13.373082904220544
STATEN ISLAND,night,4,0.2925655577567159,11.010242728287045
BROOKLYN,day,2,0.9748378847589612,20.19042284509308
BROOKLYN,day,1,0.2285063651256082,14.559747282702583
QUEENS,day,3,0.19101266936349245,13.359959463172032
BRONX,day,3,0.2009903853225456,10.2582083506989
BROOKLYN,day,4,0.6158151309453082,12.653071251811365
BROOKLYN,day,3,0.8028769606462471,16.793503393110992
BROOKLYN,day,3,0.43000046008716986,12.770723448923476
QUEENS,day,3,0.9801063890075139,16.887274431364048
MANHATTAN,day,1,0.49097812430649657,18.380649102556184
QUEENS,night,3,0.23540369569589467,11.50563489811605
BROOKLYN,day,4,0.519370073367523,13.774786123197572
QUEENS,day,2,0.7111334488801959,16.14833446653211
MANHATTAN,day,3,0.8490032024539408,17.496370098527184
BROOKLYN,night,3,0.5128914609609336,15.709560749231551
BROOKLYN,day,2,0.6342461434442507,17.671423384418638
QUEENS,night,2,0.34061024094296805,14.957187315106342
MANHATTAN,night,5,0.6813248737649626,11.549596156812122
BROOKLYN,day,3,0.9873747495553094,18.047686962711097
BROOKLYN,day,2,0.14414821532901448,12.48276485047519
BROOKLYN,night,2,0.897877603634651,16.8985064478916
QUEENS,day,3,0.6060542524907705,14.053305025648047
QUEENS,day,3,0.3268887936060699,11.239622934457545
BRONX,night,3,0.9594007390083321,17.88484606616213
MANHATTAN,day,1,0.5350188727530091,19.35506522452895
BRONX,night,4,0.39852122650604704,9.407236488571574
BROOKLYN,day,3,0.26334786544375705,11.717798077892152
MANHATTAN,night,2,0.3200069892309959,13.628301423699876
MANHATTAN,day,3,0.8495641374322983,16.66701176139847
BROOKLYN,day,3,0.6529690083854492,15.79050935834801
QUEENS,day,4,0.9219210575394845,14.301741156192584
QUEENS,night,5,0.3087716069420072,8.299304356322484
QUEENS,day,2,0.20902471646401133,14.718872489191842
BROOKLYN,day,4,0.105478777878031,7.319783449091656
BROOKLYN,day,4,0.5570758338543944,14.505239192275432
MANHATTAN,day,5,0.9984762373437893,14.336949590948048
BROOKLYN,day,2,0.725468741936775,17.22181601045369
BROOKLYN,day,3,0.3775551327686315,12.821272357731976
MANHATTAN,day,2,0.8891727247235546,20.93108843735005
MANHATTAN,day,4,0.8035500393891637,13.845901059863253
BROOKLYN,day,1,0.11387364946888534,14.95426236521408
QUEENS,day,3,0.8351744324869202,16.261560193396978
STATEN ISLAND,night,2,0.37047408151464645,11.474878208383
BRONX,day,2,0.234706118125241,12.721711963278683
QUEENS,day,3,0.3036977557633671,11.99622117226401
BROOKLYN,day,4,0.5217218239376251,11.727193813973313
QUEENS,night,3,0.4823811343612099,12.356767247884884
QUEENS,night,4,0.3599985694368041,10.520155505647502
MANHATTAN,night,2,0.25499648998632946,15.736974782886548
BROOKLYN,day,3,0.7860077106779524,15.697788787152916
BRONX,day,3,0.9910988053614254,18.4362536682168
BROOKLYN,day,1,0.8000124223777214,18.202771406263963
BROOKLYN,day,3,0.3663432709043871,11.878924548310373
BROOKLYN,day,3,0.32032806527092006,15.39374691112634
MANHATTAN,night,3,0.29589928845934443,12.833795621787125
BROOKLYN,night,4,0.22302556704013266,9.276571777274272
BROOKLYN,night,3,0.5961974947230712,12.784818985573766
MANHATTAN,day,1,0.6448603347580097,20.381716320497787
MANHATTAN,night,2,0.7349523945968235,17.667625147287282
BRONX,day,3,0.7121920338403012,15.02479653788228
MANHATTAN,day,2,0.3630999801550442,15.46910781710382
BROOKLYN,night,1,0.3972799048571619,17.997850843175293
MANHATTAN,day,3,0.713363081898104,16.12142423156657
BRONX,day,3,0.41450287670526553,16.207133233183377
MANHATTAN,day,2,0.29136087065738175,15.354358348138058
BROOKLYN,night,4,0.4369025383270656,13.514008219475913
BRONX,night,3,0.3448757418201799,13.907980151316458
BRONX,day,2,0.17948144909672004,13.422892634819036
MANHATTAN,night,4,0.8471250120489882,14.901947395093867
BRONX,day,3,0.8678002502413327,16.739058340848526
BROOKLYN,day,3,0.29777527015019156,13.547657733424973
BROOKLYN,night,3,0.15829497957268157,11.341814109470597
MANHATTAN,night,1,0.7649446936160615,20.071747147645187
MANHATTAN,night,3,0.2903757632770724,15.070888435212485
QUEENS,day,3,0.45409194049317425,15.635534900089246
BROOKLYN,night,5,0.15772172701364495,9.850434410007999
BROOKLYN,day,4,0.30364262628259164,13.608988694493185
QUEENS,night,3,0.8136120504966722,14.733229274780621
QUEENS,day,2,0.8239568022236816,17.997977916925084
MANHATTAN,night,2,0.2863763423989394,16.767669635890634
QUEENS,day,2,0.4023224605960206,13.33949599430774
MANHATTAN,day,3,0.2208145771843692,12.552586617244389
QUEENS,day,2,0.16675536725643014,14.969395601369097
QUEENS,day,3,0.9929545430035686,15.484085902578867
STATEN ISLAND,day,2,0.6900345561203552,13.875868575595456
MANHATTAN,night,5,0.5878868582784869,14.154842467177579
MANHATTAN,day,2,0.7889486503647696,19.864282097347527
MANHATTAN,day,5,0.8560694437189517,14.58299567695371
MANHATTAN,day,5,0.8260432912402548,13.814428487486662
MANHATTAN,day,3,0.11488550436088896,11.920526371619799
BRONX,day,4,0.26812710837144865,11.181164852985278
MANHATTAN,day,3,0.6894147719060479,18.07696436627117
MANHATTAN,day,3,0.43818341302356667,14.834471536023672
QUEENS,day,2,0.9842343859549962,20.797874629403836
BROOKLYN,day,2,0.6988643133744287,16.06508765416551
QUEENS,day,3,0.9608940178562858,16.422194210871936
MANHATTAN,day,3,0.28130183348121446,13.080791516431194
BROOKLYN,day,3,0.8775613253035207,15.401978762678086
MANHATTAN,day,2,0.38921707523370286,15.646210509407483
MANHATTAN,night,3,0.9906083274140262,18.639749290183698
BRONX,night,1,0.2419198048658326,16.10155494757035
MANHATTAN,night,1,0.564705836954494,21.17513055493768
BROOKLYN,day,2,0.8135600804534098,18.445501486615438
BROOKLYN,night,1,0.48937823254363233,18.76112267594915
BROOKLYN,night,2,0.521275654168882,16.067604847656504
BRONX,night,4,0.9877202159551669,17.533848124251698
MANHATTAN,day,1,0.48277733527103805,20.91619182196743
QUEENS,day,3,0.6436648905391572,15.021123945675662
STATEN ISLAND,night,2,0.14908569460763565,10.777866196407734
BROOKLYN,day,4,0.857989072189234,14.31836294189742
BRONX,day,3,0.6833512440815891,15.480104250376522
MANHATTAN,day,2,0.4636180925765322,16.861315244048235
BROOKLYN,day,3,0.11455258595906778,12.582701969995187
MANHATTAN,day,3,0.6325019385341535,16.363499817948046
QUEENS,day,3,0.11139204563574598,10.932430196139475
STATEN ISLAND,day,2,0.10108325251811612,10.8936030119252
MANHATTAN,day,5,0.6544887059344192,13.2355425020908
QUEENS,day,3,0.27011536060109886,14.18173467288393
MANHATTAN,day,2,0.2726987947462858,16.296456492364165
BROOKLYN,day,4,0.6879444092494693,14.513283399684989
BROOKLYN,night,3,0.14832746914543687,13.19960885803264
STATEN ISLAND,night,4,0.38206500532710075,9.838145699945132
QUEENS,day,3,0.23448871192781717,11.114258452230827
BROOKLYN,day,4,0.6221587328168805,12.546689638070546
MANHATTAN,day,2,0.6955886392546562,17.67098220783194
MANHATTAN,night,4,0.7490222682391392,14.462237667503507
MANHATTAN,day,4,0.3297080952267089,13.693032307756173
MANHATTAN,day,2,0.1803247764729256,13.901722945855392
BRONX,day,2,0.17081529124770806,12.447033333640203
BROOKLYN,day,2,0.48353639360565137,18.074079173033493
BROOKLYN,night,5,0.9512599681564435,13.44153951571927
MANHATTAN,night,2,0.2959561308223222,15.407948999045516
BRONX,day,3,0.3310674412073944,13.393525757540157
QUEENS,day,1,0.19079992189527306,13.276167749614299
MANHATTAN,day,3,0.6450132465045372,17.375166625683175
QUEENS,day,3,0.7118855865524574,15.591799161084445
BROOKLYN,day,5,0.678638087344684,14.081208381997385
MANHATTAN,day,3,0.8750172187403031,16.57254559715025
BROOKLYN,day,4,0.5377832515234646,13.014542085873913
BROOKLYN,day,3,0.221011336690358,12.48380059448036
MANHATTAN,night,1,0.3604646176339714,17.55968620784084
BRONX,day,2,0.6961869760792166,15.079677646222315
BRONX,night,3,0.6518097763674039,15.069767200818792
QUEENS,night,5,0.5779028167686663,9.044611615287836
BROOKLYN,day,4,0.7146679768198184,14.475342734765126
BROOKLYN,night,2,0.6736517653359694,14.424357525261579
QUEENS,day,2,0.8931924005184565,15.383846402221266
BROOKLYN,day,2,0.6274147397304669,17.660454267976032
MANHATTAN,day,5,0.8007412228305009,13.048611802164515
BROOKLYN,night,4,0.32383644036982107,10.31950717404515
BRONX,day,4,0.7103643261301612,15.242382865136705
BROOKLYN,day,3,0.9119747065444082,17.32098705333275
MANHATTAN,night,3,0.44715909510984997,15.653042352854566
QUEENS,day,3,0.801193768604782,15.208269009146084
MANHATTAN,night,2,0.7523103710758918,21.4055718446733
MANHATTAN,night,3,0.15357357718464024,11.972811619028407
MANHATTAN,night,1,0.623357478661665,21.04521827053269
BROOKLYN,night,2,0.21717041428072215,13.937968444704799
QUEENS,night,4,0.9705872550075321,12.923404683653663
BROOKLYN,day,4,0.8302667524305906,15.37615238569657
MANHATTAN,night,3,0.19875142112240812,13.36959931104185
BRONX,day,3,0.20957679788291056,10.800663009151842
BRONX,day,3,0.6350264694213571,13.721008918677164
BRONX,day,4,0.410400256755865,11.737964497211133
MANHATTAN,night,4,0.13141527316579837,11.373896653875267
BROOKLYN,night,4,0.5874773570497478,10.25380688136808
STATEN ISLAND,night,4,0.44906058971726226,11.982639576190767
QUEENS,day,2,0.1909688431345684,12.447899911796721
MANHATTAN,day,2,0.8217283530303844,17.043137313419685
MANHATTAN,day,3,0.9235690887509254,18.83247893862333
BROOKLYN,night,2,0.7809345406127169,17.647732938680516
BRONX,night,4,0.8401800790146495,16.020569445733926
BROOKLYN,day,2,0.29484151053950564,15.042012534082495
BROOKLYN,day,2,0.3372156558267409,14.790084359336161
MANHATTAN,day,3,0.287674786269269,13.386610176774061
QUEENS,day,5,0.7885570882290076,12.704876386155915
BRONX,night,2,0.9531253710410473,17.999077401195613
BROOKLYN,day,3,0.7451534860605123,14.820410552897531
QUEENS,day,3,0.8933200883916004,16.738471521730975
STATEN ISLAND,day,1,0.6748291853948553,16.813004295333247
MANHATTAN,day,3,0.44889391050291916,14.658091595951781
BROOKLYN,night,4,0.4831854534372747,13.847961250727815
MANHATTAN,day,3,0.16778928895066436,12.653978448896428
QUEENS,day,4,0.12831147572142348,9.452065302839403
BROOKLYN,day,2,0.7259280437701696,16.598952870764986
QUEENS,night,1,0.4945860028100626,17.13169693904363
QUEENS,night,5,0.5969935612491666,11.300251643335688
BROOKLYN,night,3,0.6018951228601747,15.993248456739805
BRONX,day,3,0.3496382319999713,12.277693903591562
BROOKLYN,day,4,0.5283032597465417,12.284590824844297
MANHATTAN,day,2,0.523684199500932,17.654512175730623
QUEENS,night,4,0.44958449910507137,11.8249548482184
QUEENS,day,2,0.8386078450609634,16.16348924146503
BROOKLYN,day,2,0.5060476033188364,17.45717430285384
BRONX,night,2,0.6432800720553891,14.443179786279732
BRONX,night,4,0.9059681083427434,15.929934408144334
MANHATTAN,day,2,0.8796102605730303,17.499212250526863
STATEN ISLAND,day,4,0.9013799834012486,15.921916111890747
MANHATTAN,day,5,0.3430044968185126,8.876009557033584
MANHATTAN,night,3,0.13148423947725657,13.937348338849464
MANHATTAN,night,3,0.3349601199057963,13.779279547374182
BRONX,day,3,0.35083661105863784,12.540514888074652
QUEENS,day,2,0.9184242940524712,17.992233899102377
MANHATTAN,night,3,0.6843184595541736,16.9063503940915
BROOKLYN,night,3,0.1735335636420059,11.042687560875995
QUEENS,day,5,0.22184073640999102,7.463019516462655
MANHATTAN,day,5,0.24010851298777788,10.840231172556019
BRONX,day,4,0.6673795733520308,11.38915568240868
BRONX,day,4,0.7618726229563028,13.351097137385466
BROOKLYN,night,3,0.8736795195088565,20.327741221798895
STATEN ISLAND,night,3,0.9465728957256188,14.391108264709384
BROOKLYN,night,4,0.2815341016477976,12.60733501082239
STATEN ISLAND,day,3,0.37879523625164413,11.15902811317911
QUEENS,night,5,0.3162905926703476,9.666743026113833
QUEENS,day,3,0.422885410719524,13.733981998392366
MANHATTAN,day,3,0.9231985966813745,19.05553896064847
BRONX,day,4,0.6176013102454254,12.874103924419934
BROOKLYN,day,5,0.7643727075920491,15.155084165854143
MANHATTAN,night,2,0.5411073125141038,16.10999365383946
MANHATTAN,day,4,0.1259721220025121,11.1998832893358
BROOKLYN,day,3,0.15777593739803292,12.319875911748342
BROOKLYN,day,2,0.5841307281410972,15.050487988977835
QUEENS,day,4,0.7469101313380231,13.111869147722205
BRONX,day,3,0.2937974747758584,12.803499785129167
MANHATTAN,day,3,0.7497186165930736,16.054625756099675
QUEENS,night,2,0.8295991961351612,20.121503533426388
MANHATTAN,day,3,0.4707077305259001,13.753251840098914
BRONX,day,3,0.7717773095596945,17.131861873906526
BRONX,day,3,0.46362695529561393,14.741326985200034
BROOKLYN,night,2,0.710515566509518,17.20171662090674
QUEENS,day,5,0.7875973443875888,11.08113187389663
BROOKLYN,day,3,0.9927339564772997,16.530864332632323
BROOKLYN,day,4,0.41085699585723645,11.449009714012226
BRONX,day,3,0.46993670251715036,11.611699028025962
BROOKLYN,day,3,0.24905805346915422,11.414718836590355
BROOKLYN,night,3,0.2836657525616262,11.0648555732142
BROOKLYN,day,3,0.72405550233854,17.32141076901377
BRONX,day,3,0.9253410311390284,17.456871573269545
BROOKLYN,night,3,0.4551444564951165,14.901607885856809
MANHATTAN,night,3,0.2618600021519871,14.108688355838254
QUEENS,day,2,0.3565895494446947,14.318193219391512
BRONX,day,3,0.5095465343273248,15.764868871682575
MANHATTAN,day,2,0.3615852964288315,14.91738923990932
MANHATTAN,day,2,0.31022117480967965,15.444441222703372
MANHATTAN,night,5,0.7623860398813715,14.351979852617863
BROOKLYN,night,3,0.10706042911656088,10.110441711030292
BROOKLYN,night,3,0.5853074746028348,18.520405260289486
QUEENS,day,3,0.8143901263267785,15.527814736457163
QUEENS,day,5,0.33960545768572137,9.3778228156479
QUEENS,day,3,0.6429623595508156,15.887508975090206
BROOKLYN,night,4,0.702010095056756,15.061012017481183
BRONX,day,3,0.689522226764581,15.227588097245526
BROOKLYN,day,5,0.501264670778846,11.21437568578015
STATEN ISLAND,night,4,0.41192018908820127,8.672502991935733
QUEENS,night,4,0.8523316657250322,13.472396893792737
MANHATTAN,night,2,0.7826013612998779,19.00756110783996
QUEENS,day,2,0.38912965607252126,14.862014171322851
BROOKLYN,night,2,0.19271727499798547,15.318061187491812
QUEENS,night,2,0.16462679090092228,12.725472870988007
MANHATTAN,day,4,0.18484838010904245,9.636770654591736
MANHATTAN,day,1,0.6245824250728386,20.227862279904265
BRONX,day,1,0.14649595824609074,16.57553094401801
MANHATTAN,night,2,0.4032341874676346,16.9989157059671
BRONX,day,2,0.7778797317228064,17.159857851169253
MANHATTAN,day,2,0.3649133498638403,16.925200036366856
QUEENS,day,4,0.7869772694621169,17.830044825113617
QUEENS,night,3,0.7709203343863498,15.349164950839842
BROOKLYN,day,1,0.3212444193698947,14.714004695210168
BROOKLYN,day,3,0.7559399620834709,15.210067694079978
MANHATTAN,day,3,0.7729989744448906,17.47506453425665
MANHATTAN,night,2,0.4577085331003242,14.349340292074434
BROOKLYN,day,3,0.2893784353673664,13.084243519782365
QUEENS,day,4,0.5691437262026822,12.755838200696493
BRONX,night,4,0.9292578292001767,16.982321977576333
BRONX,day,4,0.6756550591888557,15.063991711992722
QUEENS,night,1,0.2556302478645351,16.099098361221603
QUEENS,day,5,0.7144812322601679,9.048913197073656
QUEENS,day,4,0.48448272455365116,12.854401463256242
MANHATTAN,day,5,0.6323759176198357,13.457059527801226
BRONX,day,1,0.7606576315207971,19.151407857379198
QUEENS,night,5,0.5634526163630004,8.58617545498492
BROOKLYN,day,4,0.8325855771159778,13.879677560229384
MANHATTAN,night,4,0.749940021384965,13.574422815561393
BROOKLYN,day,1,0.6535660060166596,16.030168911699782
BROOKLYN,day,4,0.23571353424911634,10.928639790921503
BRONX,day,5,0.8523541998204115,12.08291575310134
BROOKLYN,night,3,0.9423150267878344,20.27541437044362
BROOKLYN,day,3,0.22326861142836535,12.248719646958882
STATEN ISLAND,day,5,0.5394170164900876,11.25871439422472
MANHATTAN,day,3,0.33299986777345403,11.98158031089558
BROOKLYN,day,3,0.7790709766830082,15.427853845233708
MANHATTAN,day,3,0.7494666724042299,16.68781082186867
QUEENS,night,5,0.22679660851335884,7.384393217007628
BRONX,day,1,0.8893245441354735,19.173968715114885
MANHATTAN,night,3,0.2628757575802021,13.147151336779068
BRONX,day,3,0.8175331230832967,15.733275717507553
MANHATTAN,night,4,0.5112823236652044,15.649477391466244
BRONX,night,3,0.39544506420233616,13.724264459832996
QUEENS,day,5,0.24241533640679216,9.151112362173713
BRONX,night,5,0.2508528305319665,9.778129127671866
MANHATTAN,day,1,0.6957014992308103,20.157211397804804
STATEN ISLAND,night,3,0.5953873491524084,13.170553388840816
QUEENS,night,1,0.20987687948610945,14.379304070885095
BROOKLYN,day,2,0.20142807439449267,14.109461754986135
BRONX,day,3,0.16507951729551232,13.161181601116997
MANHATTAN,day,5,0.7693906126361897,14.852524808258893
BRONX,day,4,0.7406938767063602,13.626032027765246
MANHATTAN,day,2,0.15258789176911763,15.213233730100999
QUEENS,day,1,0.6042430680372757,17.09407834659469
BROOKLYN,day,3,0.17620853971842093,12.186000167492029
MANHATTAN,night,3,0.9133711935480475,17.06868470019727
MANHATTAN,day,2,0.9164056772621192,19.038662735516294
MANHATTAN,day,4,0.7284096908318171,16.444259073866426
BROOKLYN,day,5,0.9335700292955049,13.979110567227867
BROOKLYN,day,3,0.8303077273723215,16.55933923818287
BROOKLYN,day,4,0.8456847183343444,13.16028933406369
MANHATTAN,day,3,0.6127370655129399,15.311698236674832
MANHATTAN,night,4,0.37545327839455833,12.250868425070955
QUEENS,night,3,0.2960192036047794,11.12915264089898
MANHATTAN,day,2,0.3944800198350362,15.890118622972013
BRONX,night,5,0.6656458870801558,11.311679517747827
BRONX,day,3,0.25539088224915907,12.456035760911831
QUEENS,night,4,0.33277621297358945,10.908848996111052
BROOKLYN,night,3,0.521254776515918,13.241250817966295
BRONX,day,1,0.309745088672154,15.434900937389173
MANHATTAN,day,2,0.6297793027444555,17.48641460715196
MANHATTAN,day,3,0.9308584256106969,19.1717390838576
MANHATTAN,day,3,0.7732804291328138,17.034385796718176
QUEENS,night,2,0.6997839527340217,15.554273476870229
MANHATTAN,day,3,0.6244493283854009,16.23772634559773
BROOKLYN,night,3,0.5391531183313584,16.55355393633994
STATEN ISLAND,night,4,0.2679074736711937,10.64144634596958
BRONX,day,3,0.905239409884179,17.241088000769906
BROOKLYN,night,5,0.3236824018115527,10.774643822353879
MANHATTAN,night,3,0.18217798982034467,14.612101783546596
BRONX,night,3,0.7750136613058257,17.02834095130906
BROOKLYN,night,2,0.25805398089804976,14.957463333178515
MANHATTAN,night,2,0.4347063995870585,17.407962260823982
MANHATTAN,day,1,0.12545643546188176,14.417485514985358
BRONX,night,3,0.22336114828640327,10.349129161053284
QUEENS,day,2,0.2558832676839209,13.651759620718082
BRONX,night,2,0.14896911497516016,13.350716098919188
BRONX,night,4,0.6909912609605606,12.938751132027734
BROOKLYN,day,2,0.8533070162228055,19.137518809241488
BROOKLYN,day,2,0.4359838657293469,13.198458823499273
BROOKLYN,day,2,0.8871188290463806,17.724545681532113
BROOKLYN,day,4,0.2920119171041139,10.716130807323603
BROOKLYN,day,2,0.39285138120511554,13.189971835713902
QUEENS,night,3,0.23566329372805156,13.5254886179555
QUEENS,night,3,0.6585032758770988,12.849229770805154
BRONX,night,3,0.47788263178327617,13.10022903782207
BROOKLYN,day,3,0.6519550121577088,16.327283288391268
QUEENS,night,4,0.7855074148547653,14.481052608670453
QUEENS,night,1,0.5911327144296536,15.912553008011052
BROOKLYN,day,2,0.664867319411609,17.740624627288224
QUEENS,day,2,0.9417252829548997,18.268955713596714
MANHATTAN,day,2,0.3691578786479588,18.499168885745494
BROOKLYN,night,2,0.4232475447705578,15.835837540290592
MANHATTAN,day,2,0.7459330255384032,17.979074480717383
BROOKLYN,night,3,0.6501749653498481,14.198334926230705
BROOKLYN,day,3,0.26067961408574336,11.801325451210646
QUEENS,night,3,0.4385325790094412,12.059538848999578
STATEN ISLAND,day,4,0.5210542118122434,12.832170953473888
QUEENS,day,2,0.4774508541715504,14.924994450134843
QUEENS,day,2,0.26044732748983673,14.171204177453616
BROOKLYN,day,3,0.9319870826058361,18.875013156914996
QUEENS,night,1,0.7860868855245783,15.6794077852608
MANHATTAN,day,1,0.5332202488970671,19.900580135471387
MANHATTAN,night,3,0.7120549254761529,16.39483330973499
BROOKLYN,day,5,0.9075544049219696,14.221161677961335
BROOKLYN,day,4,0.2225567281254141,9.85253486671729
MANHATTAN,day,1,0.3253357456362799,16.108533068497596
MANHATTAN,day,4,0.5884311225309805,14.51141736422696
MANHATTAN,night,4,0.8191093342171227,18.28572803280906
STATEN ISLAND,day,3,0.13262940589737465,11.466067113710816
BROOKLYN,night,4,0.9856163351767244,17.32513368435096
BROOKLYN,night,3,0.5094159425941575,14.08080210254832
MANHATTAN,day,2,0.4233080265595507,15.331257103134325
QUEENS,day,3,0.36345199405579465,11.625472019467873
MANHATTAN,night,3,0.2569210368857845,12.784058270121573
MANHATTAN,night,3,0.8124165180370251,14.51736844743603
BROOKLYN,night,3,0.9598727482714868,16.369269652294744
MANHATTAN,day,5,0.47228027936085837,10.897398028573766
MANHATTAN,night,5,0.9571786252781106,14.51123125503391
MANHATTAN,day,4,0.8414178538915308,15.7273161819917
MANHATTAN,night,4,0.5329460147286865,13.999090138087194
MANHATTAN,night,5,0.7066235612135194,13.075142700956324
BROOKLYN,day,1,0.4914857612534167,16.696925744535903
BRONX,day,2,0.6028510673912971,13.86250156612481
BROOKLYN,day,3,0.15224170331665343,11.299200741476096
BROOKLYN,day,4,0.7266371277704798,12.956200565283712
MANHATTAN,night,3,0.14754218003572306,13.218304268166523
BRONX,day,4,0.8353764522276845,15.621091815512381
BROOKLYN,day,2,0.8424522365145017,19.202224817816187
MANHATTAN,day,2,0.31336955880059314,16.245245415557243
QUEENS,night,4,0.3912965029322203,10.983196386516445
MANHATTAN,day,2,0.533179340702464,16.13931903599494
BROOKLYN,day,3,0.6369966162392333,14.243954701154538
BROOKLYN,day,2,0.3586182955677971,13.122020221268581
BRONX,night,2,0.6332377641687326,17.606269907706192
BROOKLYN,night,4,0.368008365906369,11.582401132875429
QUEENS,day,3,0.14994164896395462,9.679012365920656
STATEN ISLAND,day,3,0.10227479484871806,9.072996515664384
MANHATTAN,day,1,0.19103595212658575,15.101365541103744
MANHATTAN,day,4,0.8130256301476164,15.43629597797766
BROOKLYN,day,3,0.9652881811450034,18.55533459872734
BROOKLYN,night,3,0.48426957935309733,13.730164806280433
BROOKLYN,day,4,0.5614155581049485,10.346160909941787
BRONX,night,2,0.23216335216608353,13.582045386888838
QUEENS,day,4,0.5959282174121413,12.286100733062284
QUEENS,night,3,0.23018941180627916,11.426326899618187
BROOKLYN,night,3,0.6500928980789471,14.472650437742313
BRONX,day,2,0.9399328008227684,18.67049010221901
STATEN ISLAND,day,5,0.27612868537273566,8.074205793101584
BRONX,day,4,0.7881073462513918,14.192901373682071
MANHATTAN,day,2,0.12115218053649164,14.582658807218754
QUEENS,day,2,0.4379475171894589,14.13085947395406
MANHATTAN,day,4,0.19967365704745815,10.813975967167693
MANHATTAN,night,3,0.41722789743612954,16.068129280837322
MANHATTAN,day,4,0.2561832276749952,12.43641747154599
QUEENS,night,3,0.4359744911105987,14.02616946535025
QUEENS,day,4,0.47577052549677734,13.163833918129933
MANHATTAN,night,3,0.3705320105028266,14.739591085018134
BROOKLYN,day,2,0.6909597545258163,18.20530481938121
BROOKLYN,night,3,0.9269668461330187,15.13007030538031
BROOKLYN,day,5,0.4605358366947452,11.038467584911077
MANHATTAN,day,2,0.2731088408275193,14.855945311201683
BROOKLYN,day,3,0.343650482376385,15.246949044526275
QUEENS,day,3,0.868600741146732,16.95907945561772
MANHATTAN,day,3,0.6144757509431331,14.937558152178548
MANHATTAN,day,4,0.5095099290762616,13.859167529230746
BROOKLYN,day,4,0.23467304935803404,11.12659242096631
BRONX,night,1,0.5047545774914037,17.7261024734768
QUEENS,day,5,0.35064280302164796,8.05656725639113
QUEENS,day,4,0.9488468150680143,15.199524056227963
BROOKLYN,night,4,0.8956630984741581,14.948028520936147
BROOKLYN,day,3,0.1755122876453782,12.479769586561678
MANHATTAN,day,4,0.5649881403351186,12.903160714031667
QUEENS,day,2,0.3025525109632049,13.064515515584914
BRONX,night,2,0.46969938057186156,16.761656398157143
QUEENS,night,4,0.8891631984263108,13.117703719762826
BRONX,night,2,0.5747630678996903,14.862654660097531
QUEENS,day,1,0.40079376403368383,15.943261957560251
MANHATTAN,night,4,0.28709951869449735,11.039878421291087
BRONX,day,4,0.8202923734658403,13.369866068812602
MANHATTAN,day,2,0.6620662138279124,17.729521555331385
BROOKLYN,day,4,0.521258914383608,10.982103915209008
MANHATTAN,day,3,0.29573591847668024,12.412728788202054
MANHATTAN,day,3,0.4008217367414182,16.77025598832759
BROOKLYN,day,4,0.9638590840646667,16.216454117183144
MANHATTAN,day,3,0.5680809438452509,14.496650112270236
BROOKLYN,day,2,0.4606293531189276,16.095948889192467
BROOKLYN,night,2,0.5692798381134915,16.98111552012165
MANHATTAN,day,3,0.8010896553096478,18.100380063620996
MANHATTAN,night,3,0.4060980428525819,14.187050043193706
BROOKLYN,day,4,0.260835508839348,12.26722805078323
BROOKLYN,night,4,0.626442506505143,11.025740462424823
QUEENS,day,3,0.6986836931329604,13.473874248793338
QUEENS,day,4,0.7414462026626947,13.616045999391261
BRONX,day,2,0.8937888316895167,18.50518764535121
QUEENS,day,1,0.43405670862020174,15.127229860828942
BROOKLYN,night,4,0.16781940660600264,10.802130132454808
QUEENS,day,1,0.962513725267848,18.9077309158163
MANHATTAN,day,2,0.49151073469372764,16.16246886243663
BROOKLYN,night,3,0.6609317587058182,16.52578499238583
QUEENS,night,3,0.699674790815463,15.838611136566827
BROOKLYN,day,4,0.5918623378310832,12.050632803066126
QUEENS,day,2,0.2847317767626431,12.382054794533058
BRONX,day,1,0.7796287451045273,18.474178768515447
BRONX,day,2,0.8233767768736735,17.619853488271367
BRONX,day,3,0.5976780274156959,13.795428991912335
BROOKLYN,night,3,0.5397050445263574,15.756853720780924
BROOKLYN,day,3,0.20254436481518678,12.73340618134898
BROOKLYN,day,4,0.17555649534980544,11.02841935162305
BROOKLYN,day,5,0.4056083610071759,8.916607751812677
QUEENS,night,2,0.379761539965654,15.669198870637288
QUEENS,night,3,0.9582908058669442,13.044687651446306
QUEENS,day,3,0.8052604681990868,16.435059585513308
BROOKLYN,night,5,0.6939318657331539,13.431731212470426
MANHATTAN,day,5,0.5658832801158445,11.659359896019435
BROOKLYN,day,2,0.2506307776539862,15.75659231544782
MANHATTAN,day,4,0.9806110049658555,16.398254468732844
BRONX,day,3,0.437536628416189,13.61890612869816
BROOKLYN,day,1,0.19623304220252033,15.882949319201444
MANHATTAN,night,1,0.5444190061441715,22.26261343411038
MANHATTAN,day,3,0.8865982104517749,19.07620905763614
QUEENS,night,3,0.8985619015995965,16.882009801252877
QUEENS,day,1,0.10986932445080254,13.018785225008783
BROOKLYN,day,3,0.8976661702762597,17.00713789737108
MANHATTAN,day,2,0.34433579574987266,14.562433759758509
BROOKLYN,day,3,0.13507512757158077,12.864521345954651
BROOKLYN,day,2,0.863011243326587,18.378133452504645
QUEENS,day,2,0.8774800803893874,16.154194506994344
QUEENS,day,3,0.636607971858115,14.43530131717995
BROOKLYN,day,2,0.6169903815667225,15.591136516524132
MANHATTAN,night,3,0.8318082453592774,17.28821306044036
STATEN ISLAND,day,2,0.8076785974392519,15.21901810371683
BROOKLYN,day,3,0.9010949260984337,16.890102179672795
QUEENS,day,2,0.5974727028370331,16.58413640276283
MANHATTAN,night,3,0.9708823834595278,17.9470731021768
BROOKLYN,night,4,0.9965321478400045,15.408393040353165
MANHATTAN,day,2,0.20489014899876934,14.875717433760958
BROOKLYN,day,3,0.8645893835987098,17.456450138343037
STATEN ISLAND,day,1,0.5498400319737301,14.845340283971133
BROOKLYN,night,3,0.4488097044698489,14.230050464700259
MANHATTAN,night,2,0.6517650788944435,19.11752199563476
MANHATTAN,day,3,0.15036900153580635,13.3657868659148
BROOKLYN,day,3,0.5558150068903719,14.68210252078809
MANHATTAN,day,5,0.883801513024,15.012394842694674
MANHATTAN,night,3,0.2921153645250719,14.141745616736186
QUEENS,day,3,0.48375090529248266,14.248702215392914
BROOKLYN,day,3,0.9455327989433879,14.71724525995249
MANHATTAN,day,5,0.4857074540251276,9.79295109076741
BRONX,night,4,0.4225308690991585,13.052245628524414
MANHATTAN,night,2,0.49648298331104046,14.720804380128035
STATEN ISLAND,night,4,0.5675074898658007,11.970645046990748
BROOKLYN,day,3,0.668792209718322,14.924689775930343
BRONX,night,4,0.820623520825058,13.238625790647681
QUEENS,day,4,0.5068919851878828,12.314377612298205
BRONX,day,2,0.8357328415811263,17.973503674737206
STATEN ISLAND,day,4,0.5803485952168725,14.104677051425323
MANHATTAN,night,2,0.40463245933117986,15.180337540209603
STATEN ISLAND,day,2,0.6921557453074728,17.227144488581583
BROOKLYN,night,2,0.7459500292691422,17.871582687510603
BROOKLYN,night,4,0.6022440780665388,12.521360249581246
BROOKLYN,day,2,0.15095347582125107,14.540293341858828
BROOKLYN,day,1,0.25289458764474243,16.52270102503557
MANHATTAN,day,4,0.35676794880120544,12.462003621037493
BROOKLYN,day,2,0.3543630453563438,15.222914222544984
BROOKLYN,day,2,0.7060787202221835,16.473127244189556
QUEENS,day,2,0.11651379550626934,11.566395120485343
BRONX,night,3,0.7801135993445679,16.68206900432679
BROOKLYN,night,3,0.3388082273262399,12.93352616844463
BROOKLYN,day,1,0.3790196615944922,16.56752820246529
MANHATTAN,day,5,0.5751188451495318,12.57405840860509
MANHATTAN,day,4,0.2943330408450618,12.33151077923347
MANHATTAN,night,2,0.8960241822179748,17.40896541924796
BROOKLYN,night,2,0.17683190139390875,15.292909862806239
MANHATTAN,day,3,0.4999441260709584,15.095055401742043
STATEN ISLAND,day,3,0.8644800425094009,14.775936360924526
BROOKLYN,night,2,0.6542595049791122,17.369701988567925
BROOKLYN,day,2,0.3630965642583701,15.243978300017243
BROOKLYN,day,4,0.47868418699881465,13.431922442879939
MANHATTAN,day,2,0.7360249423082632,18.72974253158484
BROOKLYN,day,3,0.9759346690275094,18.204990823474333
QUEENS,day,4,0.9038248465414901,16.096054189392703
BROOKLYN,night,3,0.40818952754413906,14.713581387802071
BROOKLYN,night,2,0.9983780913590717,18.89687412943969
STATEN ISLAND,day,3,0.10315419717795245,8.723020894364492
BRONX,night,1,0.12486678022757358,16.712991591084645
QUEENS,day,4,0.8414564636540744,13.78419896573495
BROOKLYN,night,3,0.2795164181497468,12.249127821940728
QUEENS,day,4,0.1546923415566168,7.521428038800682
MANHATTAN,night,5,0.31343326591285203,10.943483954808073
BROOKLYN,night,5,0.48349013858277423,11.121349825532558
MANHATTAN,day,5,0.7575096433900643,11.605674758536042
BROOKLYN,night,3,0.661901973896085,15.846291680884363
BROOKLYN,night,3,0.31385909580437843,12.442253817886732
MANHATTAN,night,3,0.5529434032905259,18.52251013013485
STATEN ISLAND,day,3,0.9335926948587119,14.785119086072584
BRONX,night,4,0.833506999285382,13.99556349671763
QUEENS,night,2,0.39087080634861404,13.29092877216075
BROOKLYN,day,5,0.9840381052201267,15.729699509181192
BRONX,night,4,0.7377583603916179,13.448098389187813
MANHATTAN,day,5,0.1562044201001036,8.645431746132077
QUEENS,day,4,0.13164464195977482,10.304036184643186
MANHATTAN,day,2,0.25156715410902697,13.278762979212853
QUEENS,day,2,0.7550702812451321,17.458089483592094
MANHATTAN,day,2,0.2653650332581851,17.16255237609923
BRONX,day,2,0.5603380922879502,16.62212699927378
BRONX,night,3,0.18393410816274858,12.661049682569775
MANHATTAN,day,4,0.9287975420471756,17.181256283595623
BROOKLYN,day,4,0.4095645522252108,14.113819223874494
STATEN ISLAND,day,3,0.9173188509045677,16.814445282902614
BROOKLYN,day,1,0.9503880777194899,20.905126171904314
BRONX,night,2,0.10551578258231271,14.070522267548235
BROOKLYN,night,1,0.5177216684788588,16.50206893455445
BROOKLYN,night,3,0.12219045013620361,12.72579023478211
MANHATTAN,day,3,0.9178234896726153,16.459185517451502
MANHATTAN,day,1,0.5665667902611182,18.142257234339315
QUEENS,day,2,0.16744961142864714,9.189347864114321
BROOKLYN,day,2,0.1992490554489102,14.376834451658873
BROOKLYN,day,3,0.44515812204346517,13.1208813799525
BROOKLYN,night,3,0.9462107735856005,18.483744286551754
BROOKLYN,day,3,0.7236182364112728,16.171749669399755
BRONX,night,3,0.8808569795702191,17.774485440848377
STATEN ISLAND,day,5,0.42981098170598175,7.693455527481835
BROOKLYN,day,2,0.1388923295949985,14.74886338695905
BRONX,day,3,0.9768858734839727,19.576785790881814
QUEENS,day,4,0.1154556915961326,10.267451955293135
BROOKLYN,night,3,0.9528864877729801,18.142180980955114
STATEN ISLAND,day,5,0.43180968146423027,9.210280141191419
MANHATTAN,day,3,0.10908136451969337,11.779426332699568
MANHATTAN,night,3,0.7202415085520575,17.295000652830183
BRONX,day,1,0.9824862736282187,18.47886128610094
BROOKLYN,day,3,0.9690631505538333,16.797604328694934
BRONX,day,2,0.2448433100821766,11.766213352729531
BRONX,day,2,0.2631230254595395,13.165912012708908
MANHATTAN,night,3,0.6089850231576941,16.428856760797284
BRONX,night,3,0.673574343785492,15.684705286070253
BROOKLYN,night,1,0.7654761222992791,19.236691229587883
BROOKLYN,day,3,0.2629453244249328,12.913625801636476
QUEENS,day,3,0.963106378087991,14.19715391613489
BRONX,night,2,0.6748653306603141,16.239549912606943
MANHATTAN,day,3,0.8623422269834994,16.48760254767049
BROOKLYN,day,4,0.5860591437557546,12.418512805794958
QUEENS,day,3,0.4728491628308944,13.993013911777318
QUEENS,day,3,0.9794646159354964,15.533911211774354
QUEENS,day,2,0.6239092337378525,15.129792999143149
MANHATTAN,night,3,0.880186224519261,14.916727364523776
MANHATTAN,night,5,0.9579631567296609,14.373812702291394
BROOKLYN,day,3,0.7078191643077933,14.295419510744313
BRONX,day,1,0.5940448106668075,17.856334783761824
MANHATTAN,day,3,0.10315976581958557,11.229208821736346
MANHATTAN,night,4,0.1360176766651054,11.109565592982245
STATEN ISLAND,day,1,0.2807660944460047,14.251356701008218
MANHATTAN,night,5,0.2674075886703957,12.244599454008357
STATEN ISLAND,day,5,0.3292829156798608,8.937000528462926
QUEENS,day,1,0.3744411739278948,13.626302183456552
BRONX,day,5,0.4240589441956555,8.738516524348512
MANHATTAN,night,3,0.4784839210619889,14.876395097693727
MANHATTAN,day,4,0.1889797046104132,10.212550541896505
QUEENS,day,3,0.13812573875750384,7.535775185640752
BRONX,day,3,0.7065500041657211,16.912030603677678
QUEENS,night,3,0.5836013423587699,14.857677545618492
MANHATTAN,night,4,0.4997297819981077,13.973415831177824
QUEENS,day,1,0.6709959470515171,17.032686001269763
QUEENS,night,3,0.8449114664831865,16.205136657352625
QUEENS,day,2,0.4849236182045842,14.10677112926474
QUEENS,day,2,0.6770075185467814,16.44637763081531
BRONX,day,2,0.9582150014516428,17.423697638431904
QUEENS,day,3,0.8556620462754047,17.581349441457345
MANHATTAN,night,2,0.4834007294521685,14.557820756540881
BROOKLYN,night,2,0.6802451540332687,18.500334096629246
MANHATTAN,day,2,0.2593638297243458,15.032563886829044
BROOKLYN,day,1,0.6044699664055809,17.54169438722589
BROOKLYN,night,3,0.9831954620245985,17.591174009194773
MANHATTAN,night,5,0.56648360368227,13.062161032548573
BROOKLYN,day,2,0.9348744692711326,20.31678013429564
MANHATTAN,night,5,0.4666014284529346,11.908680912704314
BRONX,day,4,0.9989603444661681,14.52440693671536
BRONX,day,3,0.621298031704802,14.805193354600158
MANHATTAN,night,3,0.13804209481234112,14.777425500275063
STATEN ISLAND,day,4,0.6280793170222493,13.49972926325977
BROOKLYN,day,2,0.347115426111637,15.946766443474873
MANHATTAN,day,3,0.12923318983230525,13.494840158056848
MANHATTAN,night,3,0.838767974225197,17.99133194119163
BROOKLYN,night,3,0.34815667328268035,14.653524177749267
QUEENS,day,4,0.8168936986418487,13.36185449830573
QUEENS,day,1,0.3593958246602803,14.109969581361815
MANHATTAN,day,3,0.2748937184863969,13.569613371046051
MANHATTAN,day,3,0.9765420166939847,17.066425204377673
BROOKLYN,day,3,0.42548079497951763,12.499600260914242
MANHATTAN,night,2,0.6412385902988444,16.60371654503697
MANHATTAN,day,3,0.6489833435330244,18.90076844240508
MANHATTAN,day,4,0.6044261339561516,14.192119431605999
BRONX,day,3,0.9232261691690932,17.13525950323229
BRONX,day,4,0.7069969642301817,12.228644899091075
BROOKLYN,night,3,0.46335970369443713,11.799334523462687
BRONX,day,2,0.8761423460718466,17.012062077724433
BROOKLYN,day,1,0.262956609204368,17.63505266207889
BROOKLYN,day,1,0.5898130818493758,18.43491559131277
MANHATTAN,day,3,0.9554953347493808,18.629033785604246
QUEENS,day,2,0.6628578668923715,16.99485538184289
STATEN ISLAND,day,4,0.8352716054273885,12.51964617952009
QUEENS,day,4,0.6882046529906736,14.73888894520742
BROOKLYN,day,1,0.8554337771841013,19.00095043263004
QUEENS,day,2,0.9500390918607192,19.662732928209742
MANHATTAN,day,2,0.3456295547794631,16.07735469342892
BRONX,night,3,0.252694973131047,10.195663140256219
BROOKLYN,day,2,0.535591675299286,15.183734505524717
BROOKLYN,day,2,0.7316761841417943,15.213968957475139
BROOKLYN,day,5,0.3044721278639945,11.175007390469014
QUEENS,day,4,0.10369130538715038,9.244310980053596
MANHATTAN,night,2,0.40864160425303486,13.28215949970499
QUEENS,day,3,0.9719734019210096,16.96872337055015
MANHATTAN,night,3,0.725470714545262,15.770962529678219
QUEENS,day,4,0.4611928995471015,9.817186821016172
BRONX,day,3,0.2733184876121563,14.490129173841451
BRONX,night,2,0.42048070637927226,15.161867630781165
BROOKLYN,day,4,0.25285548997112317,10.691443002036326
BROOKLYN,day,3,0.19567523918165627,11.792579317497546
MANHATTAN,day,2,0.9160681353152985,17.438507516560115
QUEENS,night,3,0.9978853045379262,15.120795799995587
MANHATTAN,day,3,0.2477029956362113,14.851969613485473
BROOKLYN,night,2,0.14907030299045176,13.000297525695075
MANHATTAN,day,2,0.39675799643159115,15.905408217929578
MANHATTAN,night,3,0.5154932626852738,12.59750963601299
QUEENS,day,1,0.284339122368269,13.666493852439142
MANHATTAN,night,4,0.37128242061870265,13.24511075787127
QUEENS,day,2,0.28078366212249195,14.078347915932799
BROOKLYN,night,1,0.7968345115892062,21.483474563799017
MANHATTAN,day,3,0.7413201489225347,18.130128565953946
BROOKLYN,day,4,0.6714563641848835,13.487613200219956
MANHATTAN,day,4,0.44849607137128433,13.582768741569273
MANHATTAN,day,3,0.9181368471828124,17.287965375204593
QUEENS,day,2,0.972579287381518,20.587537150346247
MANHATTAN,night,4,0.2562753813628708,13.14460761412154
BRONX,night,3,0.30071137727069025,12.858246061288789
MANHATTAN,day,2,0.5730679252003327,17.265415255653785
MANHATTAN,night,5,0.18212551235402075,11.417636175012905
QUEENS,day,2,0.4928035589408015,15.698716549651826
BROOKLYN,day,5,0.6236121382999391,13.723832519433708
MANHATTAN,night,4,0.5698662140235998,11.17175287964275
BROOKLYN,night,3,0.3978177247702235,14.139289124805009
MANHATTAN,night,5,0.5882012254694862,11.704786127933998
BRONX,day,4,0.9629208588329631,17.466639167567852
BROOKLYN,night,2,0.2854156638622385,16.310880239732345
QUEENS,day,3,0.6893482225546033,14.720166417526489
BRONX,day,1,0.13905702474044668,16.64662783538614
BROOKLYN,day,3,0.15977476403329144,14.178273390207401
BRONX,night,4,0.5966454018012265,13.067483118019348
BROOKLYN,night,3,0.19444526229515452,15.230214731836734
STATEN ISLAND,night,2,0.12011210958417161,11.743119329093448
MANHATTAN,day,3,0.25436169788322,13.095925895837839
QUEENS,day,4,0.608364253899617,13.593414756648722
BROOKLYN,day,1,0.7330068590670392,18.53999570656498
BROOKLYN,day,3,0.282230707727242,12.936907331180945
QUEENS,day,2,0.7014334934873571,18.050639016528912
QUEENS,night,3,0.2642286979893064,11.940549159591216
MANHATTAN,day,2,0.6521116839681315,15.504704594222487
MANHATTAN,day,3,0.470763711906219,15.200747392809458
QUEENS,day,2,0.688419558400255,15.439174834738784
QUEENS,day,2,0.9955474772313225,19.309383990757055
STATEN ISLAND,day,5,0.9440352687093058,13.171656905601981
QUEENS,night,1,0.10385358205249327,15.840728701141034
STATEN ISLAND,day,3,0.8968948879260752,16.318855532470725
QUEENS,night,1,0.15984171565728988,15.747264292162063
MANHATTAN,day,3,0.9577419275438604,17.122406416869836
MANHATTAN,day,3,0.35364311118971625,14.963464017801758
QUEENS,day,2,0.44383134737014385,17.047045305138283
QUEENS,night,2,0.18247438465815508,12.159703609913887
MANHATTAN,night,3,0.20104548249601864,15.166481586296639
BROOKLYN,day,3,0.7540665087063877,15.242212197149923
STATEN ISLAND,day,4,0.9498990121734624,12.951978085067536
BROOKLYN,day,3,0.6496736454588785,15.578319227508516
BROOKLYN,day,3,0.7442650139741299,16.696815090186416
BROOKLYN,night,2,0.7857727701374382,18.801623154660067
MANHATTAN,day,2,0.3365328470976475,14.333348601206866
BROOKLYN,day,2,0.14070666782819344,14.036041457588407
BROOKLYN,day,2,0.10168546952725173,12.438290066146932
MANHATTAN,day,2,0.41558435465861676,14.21459159799632
QUEENS,day,3,0.3173178053792945,11.148082156326073
BROOKLYN,day,3,0.1560859525442671,11.113478252390754
BRONX,night,5,0.2615754632443001,9.82615470351096
BRONX,night,2,0.21204900844115304,15.060974950549898
MANHATTAN,day,3,0.9233905425556334,15.934190570761297
QUEENS,night,4,0.22624049211325203,10.492916487785806
BROOKLYN,day,3,0.5838836175889113,13.383205691402836
BRONX,day,2,0.6337953596009481,17.174572328222965
MANHATTAN,day,2,0.5891405119377704,16.38213663039101
QUEENS,day,1,0.18915079079438918,13.367885318535595
QUEENS,day,2,0.3869185255754961,15.274567834657816
MANHATTAN,day,4,0.14614329921683794,10.345624318375332
MANHATTAN,day,1,0.4561029226866844,17.48551225584021
QUEENS,night,2,0.2697390381444328,10.889316842871164
QUEENS,day,4,0.6054692799559418,13.67141195342179
BROOKLYN,day,4,0.7235275544641905,15.088019329420167
QUEENS,day,3,0.5789078741842358,13.96945059533511
BROOKLYN,day,3,0.4908130269502562,12.357187545549754
QUEENS,day,3,0.44860007877102315,14.567143526013364
MANHATTAN,night,2,0.8575225912873033,18.074380779734522
BRONX,day,3,0.2974312585587431,12.089279040511123
MANHATTAN,day,3,0.760796505575982,19.419630153875318
BROOKLYN,day,5,0.7817340922661071,12.036907866798622
MANHATTAN,day,1,0.4772800065436611,18.892971997445596
MANHATTAN,day,3,0.36757053930307537,14.76371921996913
BROOKLYN,day,2,0.5234873374413778,16.470874324825058
MANHATTAN,day,3,0.18389253330342864,13.233702117537698
BRONX,day,1,0.141337029006181,15.270356962807215
MANHATTAN,day,2,0.20044287950670261,14.929207425922215
BROOKLYN,night,4,0.26843052831600356,11.082496403522752
BROOKLYN,day,3,0.5537591383042387,16.412974147910443
MANHATTAN,night,3,0.8642229725450099,15.742256648583432
MANHATTAN,night,2,0.31207809879971826,16.55425736701662
BROOKLYN,day,2,0.9416458096721002,19.707508521293715
BROOKLYN,day,3,0.9594171180415031,18.07429021286505
BROOKLYN,day,4,0.9630141443606847,16.999967251512604
BROOKLYN,night,5,0.8538064612086914,13.238622723534423
BROOKLYN,day,3,0.4274425367179485,11.535607597674414
MANHATTAN,night,3,0.16541551990236075,12.688449687707962
BROOKLYN,night,4,0.6119368585898454,12.18815651968453
STATEN ISLAND,night,3,0.6028132995435104,12.44005539520314
BROOKLYN,day,3,0.864978190398636,15.13145462899224
QUEENS,day,2,0.9963919458514947,17.703733817902112
BROOKLYN,night,4,0.5573415759041328,12.306771810596723
QUEENS,day,3,0.4106836279358058,10.016359785670213
QUEENS,day,4,0.2673115404006403,11.177791306142908
BROOKLYN,night,4,0.10431984233563367,12.742465204787477
STATEN ISLAND,day,2,0.5582023232399913,15.35579973325549
MANHATTAN,night,4,0.5999668000323362,13.756275452369112
MANHATTAN,night,4,0.8424446318356577,15.510194432120317
QUEENS,day,2,0.5541192711035205,14.896592220557071
BRONX,night,2,0.9248215137994509,18.41938974033678
MANHATTAN,day,1,0.665275128914292,19.179878625055018
MANHATTAN,day,3,0.8563026143989748,16.256708877115383
MANHATTAN,day,3,0.23347156132697242,15.237031215362718
MANHATTAN,day,3,0.8698025172720832,15.569131279416814
QUEENS,day,2,0.7076294689994636,17.26158940032961
BROOKLYN,day,4,0.25320972919449747,10.924426086983196
BROOKLYN,day,2,0.2707872023314098,16.641114993233057
BROOKLYN,day,2,0.9338505571397991,19.07906614050656
MANHATTAN,night,3,0.1289938244053356,12.106573214014784
MANHATTAN,night,3,0.5162814489661355,14.758580780158482
QUEENS,day,2,0.38212776094069145,14.331718479538209
STATEN ISLAND,day,2,0.6985696959985852,14.169354189995124
BRONX,day,2,0.8556664488120928,16.94158848713711
MANHATTAN,day,4,0.4243403094009126,10.716279248075704
BRONX,night,4,0.4842118785905535,11.139804932789684
QUEENS,night,3,0.9837260060512728,16.706906817325812
QUEENS,day,4,0.8055248587112825,14.19612164076476
BROOKLYN,day,4,0.9074837178386123,12.923448531955298
BROOKLYN,day,2,0.49488599858646676,15.652104947158994
BROOKLYN,day,5,0.3106685835857037,10.495437734293635
MANHATTAN,day,4,0.4706771188478065,12.96390664045926
MANHATTAN,night,2,0.7444827260483622,17.378591344380997
MANHATTAN,night,2,0.1984873643523814,14.095574494232624
BROOKLYN,day,2,0.34342219505485794,14.183328241883912
QUEENS,day,2,0.14197231041543135,11.958743346770635
BROOKLYN,night,4,0.4891129645043184,12.787822499571888
MANHATTAN,day,3,0.8447011623816519,19.959783428763277
STATEN ISLAND,day,4,0.12219731946820972,7.701842676257142
BRONX,day,4,0.7077911741264494,13.318871472628208
QUEENS,night,3,0.9392462870623657,16.243063338655098
STATEN ISLAND,day,3,0.31323507536006406,10.611202668610463
BROOKLYN,night,1,0.7242713566548833,20.225646782484855
STATEN ISLAND,night,2,0.9775917109901803,14.509283673468447
MANHATTAN,night,3,0.9660502541372169,17.342055647437498
BROOKLYN,night,1,0.31143627372622895,17.206312262804442
MANHATTAN,day,1,0.19029794789086185,15.784023491224245
MANHATTAN,day,4,0.23345428410632435,10.632446096070758
MANHATTAN,night,3,0.731832101633928,16.98581676594705
QUEENS,night,2,0.753182987907948,17.783301303878247
QUEENS,day,3,0.7068129054653791,15.047046419783033
BROOKLYN,day,4,0.40247054896801426,11.054594136516634
MANHATTAN,night,2,0.25279924578230994,15.490639080567107
BRONX,night,1,0.6226849827570278,17.464993227590934
QUEENS,day,5,0.5353124011820799,11.373754865956114
BROOKLYN,day,2,0.755950732410073,19.293590422493384
QUEENS,day,2,0.4972240708170593,11.905264353484649
MANHATTAN,day,3,0.40477572521782157,14.464323181750599
BROOKLYN,day,4,0.36413071962311294,9.68396895321308
BRONX,day,2,0.2903232880447719,17.11724767468674
MANHATTAN,day,2,0.3391717385679953,14.942866860136542
BROOKLYN,day,2,0.18534739495969121,14.70040595742844
BRONX,night,5,0.4121713098360006,10.13673328242013
QUEENS,night,2,0.13291283112666238,11.700231905460434
MANHATTAN,day,3,0.2677724624496941,12.334057349310099
MANHATTAN,day,5,0.7720934001574862,15.42142210874457
MANHATTAN,night,2,0.3929220898089604,17.001119255972217
QUEENS,day,5,0.7014133152796095,13.891487454170537
BROOKLYN,night,5,0.7451957580375496,12.710316429433313
MANHATTAN,night,4,0.6230668084589022,14.495437800478063
STATEN ISLAND,day,2,0.9628279672288586,16.937751908201236
BROOKLYN,night,3,0.11929587996080193,11.430924576007202
MANHATTAN,day,4,0.7647873855293279,13.820853686967789
BROOKLYN,day,5,0.9629079795463672,14.15971409616061
QUEENS,day,2,0.8760445564176453,16.54719370285126
MANHATTAN,day,4,0.251103422624512,12.262462953656371
MANHATTAN,night,2,0.3941382756265589,16.065911054348884
BRONX,day,2,0.25520665588881886,14.30406171568819
BROOKLYN,day,3,0.6411775274332336,17.17780985594429
BROOKLYN,day,4,0.7409691837815431,14.171038154861321
BROOKLYN,night,3,0.3853663924267524,14.412953954198006
MANHATTAN,day,3,0.5855559165858659,17.967924814710827
MANHATTAN,day,5,0.7218285130640755,14.759825818070547
BROOKLYN,night,3,0.4792058349499435,15.498641565320447
MANHATTAN,day,3,0.8686139774099134,16.97796499453984
MANHATTAN,night,3,0.7943949417590354,17.139138788115083
BRONX,day,3,0.1581989894655136,10.146361881089907
STATEN ISLAND,night,3,0.6590127691817461,14.282280280838647
QUEENS,night,5,0.3117929958637746,9.356006686251146
BRONX,day,3,0.6017664382005478,14.639543998490977
MANHATTAN,day,4,0.9611995983696696,17.580431135294283
STATEN ISLAND,night,1,0.8911558040970251,16.94318293972139
MANHATTAN,day,2,0.4640647628036185,18.278256379615936
STATEN ISLAND,night,3,0.36236247250991804,12.837473696842807
STATEN ISLAND,day,1,0.3109651699674331,14.536512829205945
QUEENS,day,2,0.5792633827808681,15.38673648269477
STATEN ISLAND,day,3,0.20282360793225068,11.295086909857941
BROOKLYN,night,1,0.5943475073154237,19.88828027602679
MANHATTAN,day,2,0.10120027554171282,14.079731053449148
BROOKLYN,night,3,0.3914646676712603,13.717357422238264
BROOKLYN,night,3,0.29794088244752315,12.958357909059945
MANHATTAN,day,5,0.9740969109647039,16.970058856512342
QUEENS,day,3,0.7545180876129811,14.661707845959949
STATEN ISLAND,night,3,0.414688042416014,12.060063157361204
MANHATTAN,day,5,0.18356057787755847,11.449266541317323
QUEENS,night,4,0.5651205352215616,12.449696479275588
BRONX,day,2,0.2921030931934381,15.563140737811974
BRONX,day,2,0.5827865913085221,14.994576775221843
STATEN ISLAND,night,3,0.8518261187610032,14.690518745992302
BROOKLYN,day,3,0.6542132968912469,17.03370727592138
STATEN ISLAND,day,4,0.670409577590502,11.346054595422007
QUEENS,day,4,0.5869272601565303,12.233468343293799
MANHATTAN,day,3,0.9345390693682682,18.082526227963516
BROOKLYN,day,5,0.9387124159785429,12.714645282268945
QUEENS,night,3,0.561450880966197,13.352858583934005
MANHATTAN,day,2,0.375183538429154,15.873857017980269
QUEENS,day,4,0.5136283052914995,11.9946020653891
QUEENS,night,2,0.26790212097605415,15.077786211348915
MANHATTAN,day,4,0.6727098837862804,16.32236287840953
BROOKLYN,day,5,0.5500831022040099,10.348238317924972
QUEENS,night,3,0.1929704300319519,11.587830018208674
BROOKLYN,night,3,0.2778830030076538,13.615337489659467
MANHATTAN,day,3,0.5316687605795741,16.97546390272627
MANHATTAN,day,3,0.8988300916469725,18.40458395248588
BROOKLYN,day,3,0.6097516485679877,15.312481797602718
BRONX,day,3,0.7133815001876237,16.13683078959871
MANHATTAN,day,4,0.40512569476951876,13.541839617205383
QUEENS,day,3,0.6142702537398108,13.079499498567527
MANHATTAN,day,2,0.5026418403742607,16.79853051344022
BROOKLYN,day,3,0.6932169213608446,17.25690318187192
BRONX,day,4,0.14551800947110935,9.797038939129406
QUEENS,night,3,0.5439701946150632,13.891142236054844
MANHATTAN,day,3,0.36639336262957023,13.79053711766098
BROOKLYN,day,4,0.3935665551501183,9.18155121374752
MANHATTAN,day,3,0.9648256884022552,17.996075187296274
BROOKLYN,day,3,0.2644253314402445,13.080914971145036
QUEENS,night,4,0.3801207273207372,10.455792658527708
MANHATTAN,day,2,0.5589033181577846,15.547307229363927
MANHATTAN,day,5,0.8767242533346613,13.14197989493732
BROOKLYN,day,2,0.47500307488573346,16.604545126119948
BRONX,night,1,0.769478752799354,21.268641620852087
STATEN ISLAND,day,4,0.8707366883933221,15.118708483643111
MANHATTAN,day,2,0.3790147202396641,14.150380475761155
QUEENS,day,4,0.453475165184839,12.573141346362297
BROOKLYN,day,4,0.4209006013195207,11.340059057605735
BROOKLYN,day,4,0.849570227756129,14.223486005404308
QUEENS,day,5,0.13991217575824105,7.355058424863026
BRONX,night,2,0.377578979945812,15.601543709474296
STATEN ISLAND,night,4,0.7114677018356169,13.575644113670355
BROOKLYN,day,2,0.6088991496088084,16.44020718692151
BROOKLYN,day,3,0.4926604233643249,14.105007862658482
QUEENS,day,4,0.5859534044992459,12.96581362112805
MANHATTAN,night,3,0.2778261272454865,14.187463274524752
BROOKLYN,day,3,0.4876449594472093,15.581163084517094
BROOKLYN,night,3,0.5515326857587142,13.043716086820604
QUEENS,day,3,0.9110702097591414,16.145989171199254
MANHATTAN,day,5,0.3347516465235787,9.394256451333849
MANHATTAN,day,1,0.8810456519484393,20.56566600278877
BRONX,day,3,0.6798172607433837,14.84740184961508
MANHATTAN,night,4,0.1183067479608409,10.812894517062222
BROOKLYN,night,3,0.7521682032094542,14.929401855128814
MANHATTAN,day,1,0.13199668979414958,13.973230731813057
MANHATTAN,day,3,0.9976430141324317,15.671354559802923
MANHATTAN,night,2,0.8853730189220781,18.8975084378757
MANHATTAN,night,2,0.3676093727860411,15.172259596109742
BRONX,day,4,0.3316701071770349,10.444730498886134
MANHATTAN,day,3,0.4432969738950481,16.168488485715805
STATEN ISLAND,day,5,0.4205502687829987,7.902250922935118
BROOKLYN,day,4,0.43510403654684293,13.928377136121043
BROOKLYN,day,3,0.38644889150753237,15.460530287922069
BROOKLYN,day,1,0.6590200661634983,16.14254986991548
BROOKLYN,day,3,0.24783729734856158,12.721800183564413
QUEENS,day,2,0.8613831632014118,16.91935477180599
MANHATTAN,day,5,0.8311622356281838,10.408389797922476
BROOKLYN,night,2,0.5288348870697434,14.303857262271233
BRONX,night,2,0.8674569687506929,18.868393625409674
BRONX,day,3,0.32243056302726397,15.218837762930733
BRONX,night,2,0.11580891013357025,14.135971687107306
BROOKLYN,night,2,0.6572871325268407,17.26072532844004
QUEENS,day,3,0.5121184662682439,13.503171172786278
BROOKLYN,day,1,0.6104480916662836,20.187108093408582
BROOKLYN,night,1,0.9094054681165628,22.689022585106827
MANHATTAN,night,3,0.9729330162093491,17.319853389931748
BROOKLYN,night,4,0.6710078257800427,11.36156699519793
MANHATTAN,night,3,0.7876500308671945,14.301900244711323
BROOKLYN,day,3,0.17542759013844783,13.726536526491673
BRONX,day,3,0.24464402640235505,12.233715922686043
MANHATTAN,day,3,0.759884324457679,16.859138401525374
MANHATTAN,day,5,0.4882289107492017,9.524706728321755
MANHATTAN,day,1,0.5013687433639652,17.255070136519617
BRONX,day,3,0.37774691347189293,12.800777960886364
BROOKLYN,day,4,0.6466207451299694,13.852440903381686
BROOKLYN,night,4,0.26664854087458234,10.654905068988274
BRONX,day,2,0.6642246513825061,15.372668796024678
BRONX,day,2,0.2564189714217157,13.025242923118125
BROOKLYN,day,4,0.15744343123874224,11.873370246188506
QUEENS,day,1,0.3973219198291549,16.276334022413707
QUEENS,night,4,0.3080263078088629,11.336759169104269
QUEENS,night,4,0.9000924747006991,13.371952512501748
MANHATTAN,night,4,0.14945810848176394,7.526889522650716
BRONX,day,2,0.2589523233167106,13.355464933297224
BROOKLYN,day,4,0.5938476450247445,12.220125027350246
MANHATTAN,day,3,0.5329604717627263,15.583057788811415
BROOKLYN,day,4,0.1412668165372314,14.261102763910214
MANHATTAN,night,1,0.10652718521363003,16.426625925030503
MANHATTAN,night,1,0.9892611477650349,24.613349651732914
QUEENS,night,3,0.6929512303229544,15.386706631506541
MANHATTAN,day,2,0.42886551781140114,15.33176238068685
BROOKLYN,night,3,0.5233890228969172,14.819527942575021
BROOKLYN,day,5,0.3398951084088583,12.14608452403083
MANHATTAN,night,3,0.4103864053238888,16.562986750190763
STATEN ISLAND,day,4,0.6841400205413926,11.556505291867357
MANHATTAN,day,1,0.8945306189806337,21.01826945821328
BROOKLYN,day,2,0.26571702077306636,12.61204037941956
BROOKLYN,night,1,0.8563253548467868,20.755717156133834
MANHATTAN,day,2,0.20940096656644216,16.525131921548947
MANHATTAN,day,5,0.29349300122955213,10.45546385293131
QUEENS,night,1,0.1334577592446814,13.466614569858274
STATEN ISLAND,day,3,0.22673067588369952,11.30590653477712
MANHATTAN,day,3,0.9255728309176455,18.217174238600492
QUEENS,day,5,0.5134948719565408,10.43508926593706
QUEENS,day,2,0.1698992756005182,13.118803440606513
BRONX,night,2,0.9637541542350652,18.355824181964678
BROOKLYN,night,1,0.8910930769827851,21.187250914259792
BROOKLYN,day,3,0.7792142687813272,16.94836568127678
BROOKLYN,night,2,0.9401255127528021,17.531092056320237
QUEENS,day,4,0.2981164787521877,9.325048388098907
BRONX,day,3,0.8527323637090777,15.937511063677128
MANHATTAN,day,3,0.7209920767188756,17.270653047598906
BROOKLYN,day,3,0.8827833246109195,16.915760506639952
BRONX,day,1,0.8172204091683668,18.4401521674472
BRONX,night,3,0.4118455568591425,13.690818435655423
STATEN ISLAND,night,5,0.79695868331553,10.983258818124217
QUEENS,day,4,0.33621067268640126,11.841953124730566
BROOKLYN,day,4,0.3957329467252494,12.371934275794578
BROOKLYN,night,4,0.19711514550067855,10.302914620811839
QUEENS,night,2,0.9415689543824218,18.198020729941497
MANHATTAN,night,2,0.36190302706025346,17.230427347320692
BROOKLYN,day,1,0.5685602186543066,17.21208532939734
QUEENS,night,2,0.45219955281957336,15.22248547130382
MANHATTAN,day,2,0.9639353085251514,19.48102709685429
QUEENS,day,3,0.4015442538446342,13.322418070624641
BROOKLYN,day,3,0.8006912392804201,15.419015125407853
STATEN ISLAND,day,4,0.869874539168062,13.586587024383652
MANHATTAN,day,4,0.4920458477328693,14.627685949163812
MANHATTAN,day,5,0.4403546330076381,10.237896737054319
QUEENS,day,1,0.7729712388393651,16.829026928465773
MANHATTAN,night,1,0.9216063822756106,19.340694807407115
QUEENS,day,3,0.7794385597650144,13.861555602232366
QUEENS,day,2,0.30441372903267905,14.493077184183612
MANHATTAN,day,2,0.8994769726939348,17.45956869947202
BROOKLYN,night,2,0.4488235006931498,15.159878340813238
BROOKLYN,day,2,0.6186064706001408,17.362889222873765
BROOKLYN,day,3,0.8482920573634399,17.013889245520673
BRONX,day,3,0.26955529066044304,11.989438613337898
BRONX,night,3,0.8060591221097978,16.16849277181981
QUEENS,night,3,0.6365465181196097,14.466126763462544
QUEENS,day,3,0.9040074776448473,15.806959458033685
BROOKLYN,day,2,0.2547733616591887,14.003025188399231
BRONX,night,2,0.4786140133368356,18.093504008397783
QUEENS,day,2,0.8495587835801537,18.29330517798856
QUEENS,day,4,0.11730853311108416,12.339286566236618
BRONX,day,4,0.2009812300890786,9.810022236074408
MANHATTAN,day,3,0.9915086914810612,18.04284657836112
BRONX,day,2,0.35235476073131555,12.991755026421576
MANHATTAN,day,3,0.977988874351558,17.085447520777638
BROOKLYN,night,3,0.26427839590780655,15.000105351795744
BROOKLYN,night,3,0.4249849987066021,13.135961343782807
STATEN ISLAND,day,3,0.7775825000532136,16.75742381051924
BRONX,night,3,0.6920005665143606,13.705968969527476
QUEENS,day,3,0.62301015993615,12.985403198697043
QUEENS,day,4,0.5769092582245068,11.940432713231187
BROOKLYN,day,2,0.8590963992982662,18.107626689423718
BRONX,night,4,0.31145370655005344,12.232153843515501
BROOKLYN,night,2,0.4982238342941666,16.379379423535603
BROOKLYN,night,1,0.23990706294081157,15.259817600302444
MANHATTAN,night,5,0.6363474361576339,12.476279367202894
QUEENS,day,5,0.3254899818441882,8.732809378245582
QUEENS,night,1,0.4004578579090472,14.905391594017932
BROOKLYN,night,3,0.5241256449611753,13.341261168325694
MANHATTAN,night,2,0.12409352713281507,15.340068596083391
BRONX,day,3,0.1827441423287539,9.69403901162433
MANHATTAN,day,4,0.7173362986373977,16.70351637807715
QUEENS,day,5,0.4860729826457565,9.747881316474738
STATEN ISLAND,day,3,0.8783111997999059,14.182012471028795
BROOKLYN,day,3,0.7252048032797795,16.60154237015529
MANHATTAN,day,3,0.10729084748259021,14.179650409613377
QUEENS,day,2,0.6550410976904213,17.398926064912487
BRONX,day,5,0.18435237945374477,9.300512925681211
BROOKLYN,day,4,0.8028398618114448,15.922695289440593
STATEN ISLAND,day,3,0.9923569194506517,13.790522883856596
MANHATTAN,night,2,0.5780789148173604,16.431316296527065
BROOKLYN,day,2,0.7145015501747173,16.15085600410585
QUEENS,day,1,0.31358274480527637,16.907854318692507
BRONX,night,4,0.4938379693784142,11.849773178251027
MANHATTAN,day,3,0.8704857990127453,18.37264556172131
BRONX,day,2,0.2506806529716261,14.572452575301934
BROOKLYN,day,3,0.33898204505238594,12.168614969444093
BROOKLYN,day,4,0.5008903077574272,11.951437148451737
MANHATTAN,night,2,0.7410240026596125,19.669237246265155
BRONX,day,4,0.4382955593161064,11.018341957133396
MANHATTAN,day,4,0.9349590518047035,16.327074968965146
BROOKLYN,day,5,0.18501134614184728,8.063524206330273
MANHATTAN,day,3,0.43372377779036275,14.142461931338325
BRONX,night,2,0.7380587110855797,17.0419872892923
QUEENS,day,3,0.3033880890953432,11.232582766762741
QUEENS,day,2,0.6907718208067056,15.13748049046293
MANHATTAN,day,2,0.24779526240461136,15.254197209762905
QUEENS,day,3,0.15038225637551775,10.163799775891453
BROOKLYN,day,3,0.20891414507378397,11.385152876141188
BRONX,night,4,0.9369863048207212,14.063547208892322
BRONX,night,1,0.5965757946455962,17.68425300959879
MANHATTAN,night,3,0.8167111979316841,18.141064747835756
QUEENS,night,4,0.3993890508145461,13.00386319386927
MANHATTAN,night,4,0.633392783096902,13.345951386937328
BROOKLYN,day,4,0.5454569203344924,15.525842934171655
MANHATTAN,night,4,0.9511641634620646,15.076921229655262
BROOKLYN,night,5,0.7728171724486993,14.12356984890999
BROOKLYN,night,2,0.7574883683469211,16.657638649436457
QUEENS,day,3,0.1417179424908516,10.076058702346522
BROOKLYN,day,1,0.594702702103322,17.171860175530327
QUEENS,night,1,0.5202923085116333,16.718962765746674
BROOKLYN,night,2,0.935058039945575,19.373843864886574
MANHATTAN,night,2,0.331607789370579,16.25929227639455
QUEENS,day,2,0.3428501079619849,12.895743683335438
MANHATTAN,day,2,0.47021162399335037,15.168784410943255
BROOKLYN,day,1,0.31903274206573845,15.173746391391044
QUEENS,night,5,0.21626552602787455,8.272100636318571
BROOKLYN,day,1,0.8716733619857208,19.613690127878137
MANHATTAN,day,4,0.6024488719635243,12.875707113279152
BROOKLYN,night,2,0.8752264470609101,18.61249633877181
BRONX,day,5,0.8480212888633263,15.727220947614002
QUEENS,night,4,0.35383811931070397,10.294289221317394
QUEENS,day,3,0.5929636998918466,13.534049863852761
QUEENS,night,3,0.17489593246606341,12.008417445418655
MANHATTAN,day,1,0.9237266956276826,20.233643971495784
BROOKLYN,night,5,0.46383644355863785,11.617694261192964
QUEENS,night,4,0.4543085655001192,10.690754427615927
MANHATTAN,day,4,0.3724798335561579,14.719662447207787
MANHATTAN,day,3,0.5145973702396335,15.458612873668372
MANHATTAN,day,2,0.32658344789090327,14.678764872398817
BROOKLYN,night,4,0.43736704551712413,11.536455756498178
STATEN ISLAND,night,2,0.8199523437263937,15.713130530971917
MANHATTAN,day,3,0.8508299532266547,18.8776942954719
BROOKLYN,day,1,0.3737642298656645,15.106966285005281
MANHATTAN,day,5,0.5221129874975091,11.092204414182403
STATEN ISLAND,night,2,0.886437798652047,16.087853022927792
MANHATTAN,night,2,0.14740599864672743,14.239313431095404
BROOKLYN,day,3,0.9002304657962069,16.526166396499193
QUEENS,day,4,0.29726591108709854,8.742755024397585
QUEENS,day,3,0.7106853197929383,14.339667358339538
BROOKLYN,day,2,0.6242965267461402,16.53846660402795
BROOKLYN,day,1,0.597646673370327,17.330985974811384
BROOKLYN,day,4,0.8734242022775393,15.901387901661202
MANHATTAN,day,5,0.19141492928019516,10.847487154825645
MANHATTAN,day,4,0.4123252227930725,12.686049908479697
BROOKLYN,day,3,0.5844274717102891,15.075428470337755
MANHATTAN,day,5,0.8301599685514358,11.302772598765207
MANHATTAN,day,3,0.29479877507050434,13.11086871136408
QUEENS,night,3,0.8226368572368487,16.752925602149013
STATEN ISLAND,night,3,0.45967463424454214,11.87976122277439
QUEENS,day,3,0.2700224707903259,11.070432048466765
MANHATTAN,day,4,0.7830877963991344,17.92329738783149
MANHATTAN,night,3,0.18180901132709304,15.064651201861071
STATEN ISLAND,night,2,0.5632906366678987,15.22247903331993
MANHATTAN,day,2,0.15748820547569958,15.690366069368105
MANHATTAN,day,1,0.42077606964200887,14.963921951123364
BROOKLYN,day,3,0.6409691191057534,14.221237545432949
QUEENS,day,2,0.6005039873384918,15.139326469892415
QUEENS,day,2,0.46418987611419993,14.534058076101964
MANHATTAN,day,3,0.4861431945749042,14.271997939568122
MANHATTAN,night,3,0.3040925980156899,10.616570337282369
STATEN ISLAND,day,4,0.5102943295816926,11.580142684731273
MANHATTAN,day,3,0.9579293701487508,18.57892585990361
QUEENS,day,4,0.8654076260054113,16.14742811894315
QUEENS,day,5,0.23070958216870943,7.5536411663666545
QUEENS,day,4,0.12680270858882883,8.380021816491505
BROOKLYN,day,3,0.9401718814449675,13.895135846234925
MANHATTAN,night,2,0.5740747748926729,16.67920583289331
BROOKLYN,day,5,0.584054040834377,12.677685402698057
BRONX,night,2,0.8026461961358701,16.783078840251893
BRONX,night,2,0.3832200764841939,17.363064279399637
MANHATTAN,day,3,0.533716811952402,14.861245474743184
MANHATTAN,day,1,0.9717966218320638,21.393068783054684
BRONX,day,5,0.7049338182391665,10.44634612185667
QUEENS,night,3,0.23837052879620735,12.094072851385683
BRONX,night,3,0.21990407318591798,9.75419272188523
MANHATTAN,night,3,0.2838382824997049,14.377386382263854
BROOKLYN,day,3,0.7900405069786458,17.004577106843694
QUEENS,night,1,0.36583930345655447,17.409105181671418
QUEENS,day,3,0.11924996200757182,9.75116229052799
BROOKLYN,day,4,0.9497569271550956,15.766094568465025
MANHATTAN,day,3,0.2527420747554196,14.019403357174031
BROOKLYN,day,4,0.10860236753326173,10.636653354962572
MANHATTAN,night,2,0.3134184421449907,14.298860743780619
BROOKLYN,day,2,0.31152590840632033,11.754540137173715
STATEN ISLAND,day,2,0.47980472576115074,14.535083073708858
BROOKLYN,day,3,0.9283508483500331,16.85128090030331
BRONX,night,4,0.8912664260011881,14.213227057453995
MANHATTAN,night,4,0.5112050994841851,14.339567583105763
QUEENS,day,3,0.4698099144926259,13.199860998416748
STATEN ISLAND,day,3,0.5995081778273661,11.71376909255652
MANHATTAN,day,4,0.3191086107745892,9.856463223119365
MANHATTAN,night,2,0.14696649276972656,12.900526284843425
BROOKLYN,day,2,0.9453017225540861,21.616075950321704
MANHATTAN,day,5,0.26802908638945544,11.109521190250788
QUEENS,day,3,0.2785606563211448,12.236979076457455
BRONX,day,5,0.5252142959685528,10.695899811172628
BROOKLYN,night,2,0.5424520103562976,15.829066539379014
MANHATTAN,day,4,0.11659078873066775,12.258475306780253
BROOKLYN,day,2,0.23315926489657363,13.526820331543613
QUEENS,day,2,0.4403393367046676,15.35451018140149
MANHATTAN,day,3,0.7153576241594851,15.931711016686739
BROOKLYN,night,2,0.30557661114874224,16.9144359306689
QUEENS,day,2,0.48071300161758646,15.815380719608278
QUEENS,night,2,0.6016105582448201,17.205136806211684
MANHATTAN,night,1,0.8997332451609629,20.046974363920373
QUEENS,day,4,0.393463452094411,12.427275773694578
MANHATTAN,day,3,0.22020243927713518,12.756222944827748
MANHATTAN,day,1,0.5403450033078474,18.544284310220426
BRONX,night,2,0.7720494415156559,19.280378574595115
QUEENS,day,2,0.1988737813474601,11.84134951065079
MANHATTAN,day,3,0.4822151425272644,15.078295703993698
MANHATTAN,day,1,0.1160066271362351,16.179649386608002
MANHATTAN,night,4,0.13020326348252603,11.570326469597392
MANHATTAN,day,1,0.5346580268949991,17.834335783105335
MANHATTAN,day,2,0.36837756833583646,18.197971115152637
MANHATTAN,day,4,0.8605965691048709,14.13995943677335
BROOKLYN,day,4,0.6419388755138088,15.323265157198723
QUEENS,night,1,0.5085396655686913,18.163586552906462
QUEENS,day,4,0.46714183394886677,13.917488468192055
QUEENS,night,3,0.5475209321706069,11.85301354065956
MANHATTAN,night,4,0.1363949480913952,9.943969377126416
STATEN ISLAND,day,3,0.9035140207785939,17.063172806054826
BRONX,night,3,0.9984728401605625,14.937626475487285
BRONX,day,5,0.26333841237282885,7.28394899917489
BRONX,day,2,0.20834466829715775,13.068270999877736
BRONX,night,3,0.22921971710373573,12.420320707521002
BROOKLYN,day,3,0.6949243524109304,17.427678379049578
MANHATTAN,day,1,0.6952967546056973,19.197109807020603
QUEENS,day,1,0.8631317460505699,18.280469371651254
QUEENS,night,2,0.7766437495836279,17.221852297529292
QUEENS,day,3,0.5047207060324058,14.044200369163919
BROOKLYN,day,3,0.6515698254087869,15.76469165176144
MANHATTAN,day,3,0.7194562033312071,16.16288187211123
BROOKLYN,night,1,0.5614628232567027,15.50340501446679
BRONX,night,3,0.528085886006473,13.031419072114476
BROOKLYN,day,5,0.680587701078388,13.928145359330477
BROOKLYN,night,3,0.6017270940780883,15.135708837079493
MANHATTAN,day,3,0.6795480748023193,15.730035943286607
BROOKLYN,day,4,0.6515692965670274,14.977002685734448
BRONX,night,4,0.7472769044622892,12.601159920162141
QUEENS,night,3,0.6785231579045885,14.339982765924214
QUEENS,night,4,0.5677682377935406,12.455803631866857
BROOKLYN,night,3,0.7136171301559479,15.108858342060106
QUEENS,day,4,0.5045337686668853,12.000384883816672
MANHATTAN,night,2,0.31750410337534096,15.138543954233599
QUEENS,day,2,0.10127639812052391,10.779084930440357
BROOKLYN,day,1,0.6039677324312589,18.34356371905805
BROOKLYN,day,4,0.6315897039477769,11.91131092584511
QUEENS,day,3,0.9748440682981429,16.735224594053996
BRONX,day,2,0.425330500684848,16.713611243431643
MANHATTAN,day,2,0.45471991854548055,15.918451633814357
BRONX,day,5,0.2816196232079712,7.9247477948866285
MANHATTAN,day,4,0.16348086571358972,11.010240251292355
BROOKLYN,day,3,0.7955240435755665,15.172540953546942
MANHATTAN,day,3,0.32471295790539256,14.524045029542815
BROOKLYN,day,3,0.6480143749270342,15.034506939998298
BROOKLYN,night,3,0.7189957319909334,17.725188159938554
MANHATTAN,night,5,0.5241130185624829,13.302322135468945
BROOKLYN,night,2,0.8887169017244725,18.19296325583139
BRONX,day,3,0.49941535688175587,14.80493070129912
MANHATTAN,night,2,0.3564177607375886,15.144831753798913
QUEENS,day,3,0.9064139706654601,16.132439071523695
BROOKLYN,day,3,0.8754078558249608,16.25643002724187
QUEENS,day,3,0.24763595236877173,12.729380842216667
MANHATTAN,night,2,0.12336491651852886,15.821457889421932
MANHATTAN,day,3,0.18098700071465862,13.834793353274652
MANHATTAN,day,2,0.35789265869843534,16.73262620308226
MANHATTAN,day,2,0.9750338215675396,20.74535996487188
MANHATTAN,night,1,0.6026645378447425,19.478826602792477
QUEENS,day,4,0.43593555882634194,10.0664377413189
BRONX,day,3,0.8998444851514718,18.590154976784365
BRONX,day,3,0.5078226983306496,16.16614053118733
QUEENS,day,4,0.383714765560919,10.813490452169932
MANHATTAN,night,3,0.9470975758710917,17.41129674490268
MANHATTAN,day,3,0.8645658995734102,18.054572330725616
BROOKLYN,night,3,0.8593015378774969,17.246435398423934
MANHATTAN,day,3,0.5610562687451918,15.104530464340122
BROOKLYN,night,3,0.8104945589339094,14.768183846365286
BROOKLYN,day,3,0.2614180233380967,13.06605858059736
BROOKLYN,day,4,0.6159006618006193,14.06507814751468
BROOKLYN,day,4,0.9854613305627911,16.6764840263047
BRONX,day,2,0.3618625874661655,15.071258145355124
QUEENS,day,2,0.8149170963229077,16.77162294806461
BROOKLYN,night,3,0.5414305664872605,15.712101129574727
BRONX,day,2,0.1358251148998786,13.261881443928315
STATEN ISLAND,night,1,0.7867174580341006,17.15575585998399
BROOKLYN,night,4,0.25171222995290155,10.819345436238995
BROOKLYN,day,2,0.6683262104194752,14.848957528756612
BROOKLYN,night,5,0.1770977746422756,8.732445346160546
BRONX,night,4,0.9521806577463683,16.115298099200995
BRONX,day,4,0.3625514984623248,11.864324366572188
MANHATTAN,night,2,0.3038182225096554,17.099615453890184
BROOKLYN,day,2,0.2162227636597009,13.689878066969213
BROOKLYN,day,3,0.951401974005143,17.768888626697407
BROOKLYN,night,2,0.7407133681971746,18.36592510484856
MANHATTAN,day,2,0.7674947998462798,21.10014460894571
BRONX,day,2,0.5494641052422201,16.0452352734156
QUEENS,day,2,0.5272550067434351,13.9741329291955
BRONX,night,2,0.19901911869232897,14.611138775526477
BRONX,night,4,0.6038569860255926,15.263943236328501
QUEENS,day,2,0.3222248455979114,13.50740304411448
BROOKLYN,night,1,0.9794307995203653,21.575598043210075
QUEENS,night,3,0.8169228460136326,16.984472165363314
MANHATTAN,day,5,0.47169285417359885,12.786482204892577
QUEENS,day,2,0.23620713282237973,13.486016590313762
MANHATTAN,night,2,0.8067985220249055,17.70602188330611
QUEENS,night,3,0.2098483903731844,11.466479079809396
MANHATTAN,night,5,0.27040037814736345,10.80792300261102
MANHATTAN,day,4,0.2903684659698047,13.077262057713805
MANHATTAN,day,3,0.6012015744457849,16.00854429149645
MANHATTAN,day,2,0.8083509885913297,18.09839186599495
QUEENS,day,3,0.382883390852223,13.355197627919171
QUEENS,day,1,0.17620283284776048,15.577420494801828
BROOKLYN,night,3,0.5180846171719773,14.82308207931523
MANHATTAN,day,4,0.773299217043942,14.123020373339632
MANHATTAN,night,5,0.2994974587786495,10.229046240400594
MANHATTAN,day,2,0.2979320932354368,16.3739435377253
MANHATTAN,day,1,0.9525043246120397,19.43165673948489
BRONX,day,3,0.9587383544072601,14.419985676777799
MANHATTAN,day,4,0.9914191588554188,18.353923952733048
BROOKLYN,day,4,0.8268936414173021,15.388506975238721
MANHATTAN,night,2,0.269365752251151,15.77895339265661
MANHATTAN,night,2,0.29078336871933524,13.897911528323213
BROOKLYN,day,3,0.4062027173701528,14.525351339065839
QUEENS,day,2,0.3863192782001418,14.641373733382958
MANHATTAN,night,4,0.9608749741702082,14.444494238688275
MANHATTAN,day,3,0.8101665845935242,18.675222896986536
BROOKLYN,day,4,0.7516079129453985,14.475871422487566
MANHATTAN,day,3,0.26736690165231863,12.962584101444948
MANHATTAN,night,4,0.9185730034260966,15.617136827087368
STATEN ISLAND,day,2,0.8450833415555564,14.074775433592263
QUEENS,day,4,0.24727765719513134,10.91930869132599
BROOKLYN,night,2,0.8840532987648753,18.660575090666562
BROOKLYN,day,3,0.3450227827334241,13.009751928967544
BROOKLYN,day,2,0.17278277124889546,15.257270262059828
BROOKLYN,day,3,0.691140075862789,13.831779670313113
QUEENS,night,2,0.6884241934458976,15.558630285757197
QUEENS,day,2,0.1854388086090563,11.985342350246404
MANHATTAN,night,5,0.38696662804292414,10.680729106553143
BROOKLYN,night,2,0.9935330160299848,19.13892863450357
BROOKLYN,day,4,0.7105840003078632,14.534812230574737
BRONX,night,5,0.7570676499429962,12.004571580903335
QUEENS,day,1,0.2916255570438751,14.242739238599317
BROOKLYN,day,3,0.1709038639035229,14.134083455097432
MANHATTAN,day,2,0.3492115207668439,18.463843115130768
QUEENS,day,1,0.3240085466738728,15.677999559638604
MANHATTAN,day,3,0.31108969067324777,12.813946548951069
BROOKLYN,day,5,0.2734788896983356,11.348157740289935
MANHATTAN,day,1,0.6172801215898639,17.176212262739956
QUEENS,night,3,0.3952931282576396,12.367677344028863
MANHATTAN,day,3,0.8383105135427774,16.31367787641249
BROOKLYN,night,4,0.2655526760626456,9.73464973386661
BRONX,day,1,0.5181643637816901,16.93203928507486
MANHATTAN,day,3,0.11229205278347199,11.39289184808381
BROOKLYN,day,3,0.5335140902096729,14.483026943341258
BROOKLYN,day,3,0.15025439878882696,12.009266193334332
MANHATTAN,day,5,0.9799511606853792,14.124084476228589
QUEENS,night,4,0.8115329157853716,13.430347924692272
MANHATTAN,night,1,0.5411003289728099,18.14013337683881
BROOKLYN,night,3,0.17792862236141524,13.128351318692511
BROOKLYN,day,3,0.6332008967113728,14.9376905473469
QUEENS,night,2,0.7828873756316898,17.8784100305493
QUEENS,day,3,0.27164552770427075,12.668671510343346
MANHATTAN,day,3,0.6113875067087418,16.35985562988771
MANHATTAN,night,3,0.8327898085445812,18.778548919954947
QUEENS,day,5,0.7914229998816847,10.80098044353586
BROOKLYN,day,1,0.8226928160804376,18.979683576954308
BRONX,day,5,0.8913910823827478,15.410000595847343
BRONX,day,3,0.9439138919435232,16.52666049692578
BRONX,night,3,0.4649690396831824,10.344150330053665
BROOKLYN,day,4,0.6118921922705896,13.133737237981371
BROOKLYN,night,3,0.8115935734410498,16.437285663562722
QUEENS,day,3,0.7274258325512049,11.787732170665377
BROOKLYN,day,3,0.995968205437941,19.074516103212154
MANHATTAN,day,3,0.11230988599417974,11.573559302323444
BRONX,day,5,0.4196198937842116,10.621805047822395
BRONX,day,4,0.35292513364318223,11.12283551426781
BROOKLYN,night,2,0.33608426514898115,13.238526020423528
MANHATTAN,night,2,0.3002768042489972,13.967189466055979
BROOKLYN,night,3,0.7382114567337061,14.676275065056034
BRONX,night,1,0.17628352594778968,16.348649209681
BRONX,night,3,0.7674479505490045,15.511365852848346
MANHATTAN,day,2,0.7240832578146461,17.380302555933103
MANHATTAN,night,3,0.3257237192508068,12.695673480021966
BRONX,day,1,0.32755040484864517,17.464457897347547
BROOKLYN,day,2,0.665974526810052,18.685875951293642
BROOKLYN,day,3,0.78595399493531,17.530393645527532
STATEN ISLAND,day,3,0.8888370517786289,15.768365643546087
MANHATTAN,day,5,0.8669256074690281,14.482812498793537
QUEENS,night,4,0.9683946947474679,13.43544013428746
MANHATTAN,day,3,0.6232464058028601,15.45611868566532
BROOKLYN,day,1,0.9177900052063237,19.345002789825383
BRONX,day,4,0.8276619459343697,12.28918811779175
BROOKLYN,day,5,0.9052008618826122,14.952257705235418
STATEN ISLAND,day,4,0.11046394115682998,7.683019681848664
BROOKLYN,day,2,0.9693126926792298,20.335662791337363
BROOKLYN,day,5,0.5261771465618305,12.278247133563912
MANHATTAN,day,2,0.8183646906173586,19.287432060972932
BROOKLYN,night,4,0.2144837074040028,11.529604984241839
BROOKLYN,night,5,0.45634698623257663,10.0278787520233
MANHATTAN,day,2,0.34431459671889186,17.767465060221596
BROOKLYN,day,5,0.36249289345084335,10.207954324574143
BROOKLYN,day,2,0.21093005795579356,14.333363398855104
QUEENS,night,5,0.8251874492887062,11.584826820096623
QUEENS,day,2,0.10831808312297035,11.386669227366957
QUEENS,day,5,0.3812549112866822,10.050912133934741
MANHATTAN,night,1,0.25696948889477356,16.83131787294257
MANHATTAN,day,4,0.6301350465475064,13.248654963475698
QUEENS,day,3,0.3288271623530895,10.611264492764596
BROOKLYN,day,3,0.3330986090752897,11.641233254196326
MANHATTAN,night,2,0.5395043295957869,18.242138602881944
BRONX,night,4,0.6874201354068331,12.83232630256433
QUEENS,night,2,0.20917423410864727,12.752942266895207
BROOKLYN,day,3,0.2579603072189466,14.417150307434026
MANHATTAN,day,2,0.32245727013506587,14.04939158209423
QUEENS,night,5,0.9763733927061645,12.474033261729602
BROOKLYN,night,1,0.45743724994862833,16.250821930393254
QUEENS,day,2,0.6390910815679238,17.895774207590755
QUEENS,night,2,0.3173885314443801,16.25508565508737
BRONX,day,3,0.5414135726417392,15.12106409265391
BROOKLYN,day,2,0.16670725694736227,14.623658839142944
MANHATTAN,night,3,0.13126793133009426,11.856815550222336
QUEENS,day,4,0.5218601741393142,14.328885316190682
QUEENS,night,4,0.4587933587665709,11.903392337213106
QUEENS,day,3,0.22319228772264493,12.67448218753688
MANHATTAN,day,1,0.7188412860286604,19.445838432661148
MANHATTAN,night,3,0.993613141809338,17.836846316967563
BRONX,night,2,0.4560821390770412,17.26018461551611
QUEENS,day,4,0.6621027723256551,13.551336435802726
BRONX,day,2,0.9666783481280371,20.3250598161167
QUEENS,day,3,0.8483814752021878,16.02087339490827
BROOKLYN,day,3,0.5171970009724172,13.343740662613003
QUEENS,night,4,0.7637405360139274,12.864301964636342
BRONX,night,2,0.21532153622547162,13.8231482764231
BROOKLYN,day,3,0.5608934699174193,13.894007295211233
QUEENS,day,2,0.35115424946194285,12.7535489311494
MANHATTAN,day,4,0.24504731910654498,13.134508012336973
BROOKLYN,night,5,0.48365281562908136,10.289899216600816
QUEENS,day,3,0.217913098990253,11.782266440786227
MANHATTAN,day,3,0.729086597357037,16.794423190683464
MANHATTAN,day,5,0.510616039648002,11.11322050732733
BROOKLYN,day,3,0.5780301693081975,16.49815546007377
MANHATTAN,day,3,0.2317383448013413,11.865729127763183
MANHATTAN,day,3,0.22579449498414506,13.481614533693866
BROOKLYN,night,3,0.6250738917341117,15.358321543923624
BRONX,night,2,0.9865087730465016,18.647201501365284
BROOKLYN,night,4,0.18662552491395307,9.056770776014318
MANHATTAN,day,3,0.35715828570920316,15.066509919345977
MANHATTAN,day,1,0.8825132048840988,21.52854863614816
QUEENS,day,4,0.16504481102971325,8.862109037383677
BROOKLYN,day,3,0.8882971492302562,17.6229161186431
BRONX,night,2,0.5718573850372761,16.466962226303224
QUEENS,day,3,0.46744009653378327,11.70162605303626
QUEENS,day,4,0.3787125079163103,10.036916603970386
MANHATTAN,night,4,0.3674054423150577,13.85407310891537
QUEENS,night,5,0.37522232420453094,9.810244529499911
MANHATTAN,day,4,0.8963227728641762,15.248934488644393
BRONX,day,1,0.751415707157307,17.754031027115325
QUEENS,day,3,0.7027507070480355,14.149407038073726
BROOKLYN,day,4,0.8188742340568007,14.18930708551596
MANHATTAN,day,3,0.33140319670373053,12.838965139419146
MANHATTAN,day,3,0.6562385308735801,13.875433515818308
QUEENS,night,3,0.5140596150621559,14.909403441584955
MANHATTAN,day,3,0.8041974716801741,18.09204397305486
BROOKLYN,day,5,0.378330499425957,8.731241704100489
MANHATTAN,day,3,0.6788607551829061,16.27616846336529
QUEENS,day,3,0.8939911706355821,14.928256765873565
BRONX,night,5,0.4619354285754359,10.18869961786849
QUEENS,day,3,0.1599598786307153,10.82601931525126
QUEENS,day,2,0.5644457401076135,14.955496251838042
MANHATTAN,day,3,0.41137523902632334,16.777475554562645
MANHATTAN,night,4,0.7050028424924575,14.154127654589546
QUEENS,day,4,0.9559296322737455,13.843626019699036
BROOKLYN,night,4,0.5370474861971624,11.975710944885098
BROOKLYN,day,4,0.5195712071399805,14.02974519409198
MANHATTAN,day,2,0.6891263201723142,15.796798283088524
MANHATTAN,day,4,0.1931477532342109,10.440312896299748
MANHATTAN,night,4,0.32815557003251317,13.969198613345176
BRONX,night,2,0.9270813929503586,18.61881247977451
MANHATTAN,day,2,0.7029483520273896,18.09947069422137
BROOKLYN,day,5,0.11209963958507463,11.087223409475426
MANHATTAN,day,4,0.2841629253031179,12.242676558008466
QUEENS,day,4,0.7145535394260092,12.39477461263756
BROOKLYN,day,4,0.7879592823063167,14.183242866739441
BRONX,night,3,0.8558736154066376,14.900659729306462
BRONX,night,3,0.36295912304384037,14.566358747803797
BROOKLYN,day,3,0.9379257366498064,17.7859913492678
BRONX,day,1,0.5976522042201031,19.13403630739574
STATEN ISLAND,night,4,0.7268851201491036,13.980333995228417
BRONX,night,3,0.6370649765019172,14.343869410149422
BRONX,day,3,0.21046604920715842,10.934325897435862
MANHATTAN,day,3,0.9668031934463919,17.92216502383189
BROOKLYN,day,3,0.2105880219047374,11.321508857434548
MANHATTAN,day,2,0.32939376077006527,15.639007695496256
MANHATTAN,day,2,0.8322650922006821,20.06823935630606
STATEN ISLAND,day,2,0.6567372653509913,15.067024649522443
BROOKLYN,day,2,0.8543342488387212,18.333166725340977
QUEENS,day,5,0.5641625695366405,10.554441962520123
BRONX,day,2,0.43929391182997135,16.118683513820052
BRONX,day,2,0.9296609495930065,17.541457299208595
STATEN ISLAND,night,3,0.1326270857633154,7.62634054348983
MANHATTAN,night,3,0.8705171983177413,17.923404420315777
MANHATTAN,day,2,0.30773600666900347,16.485685348918114
BROOKLYN,day,4,0.863862694978571,15.550756611070954
MANHATTAN,night,4,0.22527695207519705,10.796023593927163
MANHATTAN,day,2,0.6221970673214864,15.982266419766379
BROOKLYN,day,2,0.8992971271103248,19.0388283643535
QUEENS,day,5,0.5261856822090014,10.589981677880118
BROOKLYN,day,4,0.7719100064230536,14.266463888559853
BROOKLYN,day,3,0.8242044560700026,18.544284976047567
QUEENS,night,1,0.7628447878451012,17.22233100797556
MANHATTAN,day,3,0.9327967631871384,19.89322338606936
MANHATTAN,day,3,0.5021508074679358,15.00212093438635
QUEENS,night,2,0.2558128952486402,11.260099246871112
QUEENS,day,3,0.1430299573322318,10.914651537476537
QUEENS,day,3,0.3218138826737546,13.443185529298733
MANHATTAN,day,2,0.2288777534922179,14.349639358333452
BRONX,day,4,0.6021538672910324,11.244265887905636
QUEENS,day,4,0.26645080349055883,10.134512784533229
BROOKLYN,day,2,0.13504033656043407,12.449155338972776
QUEENS,day,4,0.1323908459818011,10.050717780187263
BRONX,night,2,0.8484125485283754,18.742761344715575
BROOKLYN,day,4,0.6323049382987224,12.242457609643967
BROOKLYN,day,2,0.4222767717040403,14.497834149937484
STATEN ISLAND,day,1,0.9048052384662222,19.38920500815877
QUEENS,day,3,0.16317695026694223,10.230037042776374
BROOKLYN,day,3,0.9822898654550433,16.086294362464187
QUEENS,night,5,0.6546626112290149,9.840877614833092
BROOKLYN,day,3,0.26511782857196364,13.145712221267509
MANHATTAN,day,2,0.7111621890792716,18.29354349243622
BROOKLYN,night,3,0.7870431338052064,15.29492513327899
BRONX,day,3,0.48640850503369704,13.867757758072912
BRONX,day,2,0.8754693456209927,19.82310960752261
BROOKLYN,night,3,0.23565916656682329,11.362912394382487
BROOKLYN,night,4,0.3509538252198475,9.33910873311647
MANHATTAN,night,4,0.1841431254255908,11.843021006130785
STATEN ISLAND,day,5,0.28979005654661694,7.951153970871103
STATEN ISLAND,day,2,0.31485593072003054,12.194533445502078
QUEENS,night,4,0.9258698718295392,15.400650451717894
BRONX,day,3,0.1702987198760406,12.814011852796812
QUEENS,day,3,0.48467360816893856,10.70044482924199
BROOKLYN,night,3,0.5791588185042217,13.981414829079656
MANHATTAN,day,5,0.9088237484219447,17.188373842178866
BROOKLYN,night,4,0.9979265967950921,16.586608778125928
QUEENS,day,5,0.7780493034278523,12.86864483823762
QUEENS,day,4,0.9737118915121266,16.336600429186596
BROOKLYN,day,5,0.8083910192822864,13.075024215574535
BRONX,night,4,0.9668823768742749,16.34075644179273
MANHATTAN,day,3,0.7365436533500096,17.349208199379703
BROOKLYN,day,2,0.17178708290596395,14.363465834992077
QUEENS,night,3,0.4617281682934089,12.814818729166271
QUEENS,night,1,0.6819375554222233,18.03906481708396
QUEENS,night,3,0.4156466585088259,12.195669403139235
MANHATTAN,day,3,0.34604552630240076,13.964673086445398
MANHATTAN,day,3,0.6196593404197819,14.325596642209462
QUEENS,night,5,0.9401516890321914,12.162237189181702
BROOKLYN,day,5,0.1314836861645382,8.315869509759585
MANHATTAN,day,2,0.792308083187294,17.317556023001323
QUEENS,day,3,0.7504545502401644,14.471933851666856
BROOKLYN,night,3,0.9675580828494584,17.092416366414863
QUEENS,day,3,0.9376401000992892,16.77737546424263
BRONX,night,4,0.7860093058397736,15.34816925018202
MANHATTAN,day,3,0.5683678882143388,14.837850027739472
MANHATTAN,day,3,0.2838407979101679,15.147090727138439
QUEENS,day,4,0.590712146493017,13.565962246555202
QUEENS,day,4,0.7888167945276884,14.332221762762705
QUEENS,day,2,0.9061022913741038,17.87404384908762
BRONX,day,4,0.8107408082894941,14.75276026412396
BRONX,day,3,0.2757402416719486,13.916772951667323
STATEN ISLAND,night,2,0.6397176828052534,16.626460529945277
BROOKLYN,night,1,0.39895611357822136,18.39515081231881
BROOKLYN,night,3,0.1082851006515787,11.753445352487665
BROOKLYN,day,3,0.28019884220979946,13.487253072362032
MANHATTAN,day,2,0.20189858494010435,16.22459661005714
BROOKLYN,day,3,0.8584472111855217,15.83144763080622
MANHATTAN,night,4,0.3326556269330308,11.880161350602735
BRONX,night,2,0.35622817199879997,14.634727113608374
BROOKLYN,night,1,0.9639429146189958,21.545147430598764
BROOKLYN,day,4,0.441178050743967,13.365863910698133
BROOKLYN,day,1,0.1086270761299551,14.629039061407187
MANHATTAN,day,5,0.3554615335115229,9.000168622569248
MANHATTAN,day,3,0.20736962254163122,13.343323279675763
BROOKLYN,day,2,0.19252770556226856,12.749450721360665
MANHATTAN,night,2,0.16973856112217456,12.615377201725867
QUEENS,day,1,0.6339335231578396,16.003922027645498
BRONX,day,2,0.2704129512668728,14.449341392649346
BRONX,day,2,0.4251185146369094,16.69651517825928
QUEENS,night,3,0.875815944517015,15.93947705884409
MANHATTAN,day,2,0.4819043258166481,16.68603490338337
BRONX,night,3,0.9241222150464738,18.126268324455587
BRONX,night,3,0.5481442480560457,12.409591721464032
MANHATTAN,day,2,0.45895295335578024,16.9074059027329
QUEENS,day,1,0.7753500343816314,18.42586748229802
