Start_Lat,Start_Lng,Severity
40.886649953553935,-73.73357362334168,3
40.66440749459009,-74.19891500071499,4
40.939490988335244,-74.2923696091978,2
41.24586044974281,-74.00718106009383,4
40.630846318846835,-74.06556461788372,2
40.630852065067785,-74.16462981726454,2
41.26552448542759,-73.76226439339015,1
40.98140215520352,-73.67164317700032,1
40.54848396492277,-73.97505758979786,3
40.90269601525509,-73.48886447163066,2
40.55060380751564,-74.40559118994673,2
40.549794586250414,-74.0737808107479,3
40.797486795048115,-74.25688781221098,2
40.04315191436977,-74.65928781597557,3
40.10907875862044,-74.03493824004495,2
40.51599936476566,-74.04861162793415,3
40.35830910788295,-73.47629258986525,3
40.82278656640835,-73.78521591040582,2
40.39499157356758,-74.36446538851523,2
40.21849370453265,-73.35706760178303,2
41.22577706912254,-73.57863820656613,3
40.63377829482972,-73.80226580378599,2
40.736434871640775,-74.08526943459744,2
40.21413813482529,-74.34180373285322,1
40.522266046416185,-74.13627237162487,2
40.75162290639845,-73.62493798310354,2
40.309952247902196,-73.3463947929229,3
40.844294306420984,-73.46586476510474,2
40.50257645852842,-74.1770972976252,2
40.61070718757235,-74.39786610165116,3
40.50220268571971,-73.95668981358108,3
41.36109736457813,-74.624953777947,2
40.70807597134173,-73.89289130003533,2
40.342601174865436,-74.05766090520453,2
41.00069071923612,-74.16911277565389,4
40.28550472251014,-74.56414607354338,2
40.78590225825167,-73.8262399627006,4
40.02691545664208,-74.19244529388168,3
40.24793488288555,-74.4154708924986,3
40.78170143255419,-75.01129177464858,1
40.971263302998395,-74.01563021676772,2
40.77277889841649,-73.3857119411656,2
40.67232310116412,-73.42455927490825,2
40.60741370654375,-74.1659836898052,3
40.195317303371404,-74.21677422112663,4
40.460854527061855,-73.84192901037375,3
40.551576430164076,-74.3554349037159,3
41.08279277917662,-73.90037283506318,1
40.833066401348965,-73.73787190256536,2
40.09573594562305,-73.57657337164049,2
40.82622938928818,-74.04105392676799,3
40.57802120185429,-74.07728581256194,4
40.475877299892915,-74.3132939053648,3
40.926886701094304,-74.29540812391394,1
41.073649832873585,-74.08526761216554,2
41.038748041690674,-73.87742207261434,3
40.419073866872075,-73.68624538081836,2
40.60457566845208,-74.28711263273811,3
40.82874220099125,-73.48355900086416,3
41.05424079449283,-74.1008932603649,3
40.54508901675415,-74.01347855302195,2
40.647819358167666,-74.26752408770174,2
40.32558275909789,-74.85448409109553,2
40.294127681571766,-73.69658411127364,2
40.99718403783797,-73.74810463601764,2
41.18748400999979,-74.10446464499138,3
40.68759645744689,-73.9825532489713,3
41.06403651426221,-73.82542127380357,1
40.83937260876667,-74.55289104991029,2
40.487008085888206,-74.1911684370712,2
40.83928846192794,-73.72800736213236,2
41.251112798263094,-74.44500129810923,3
40.70026088631152,-73.90325472374168,1
41.26042527953491,-74.48080363161819,2
39.79588921356859,-73.84274950614827,2
41.00046587653133,-74.01847451880413,4
40.74326647388336,-74.57129613556693,3
40.608147427336945,-73.59834122593999,2
40.744916271787424,-74.26310705187932,3
40.01715087988969,-74.28958835295504,3
40.63591483925687,-73.93580078096917,4
40.83778940002911,-73.60397692769995,2
41.23006291565953,-74.36153763664244,4
40.53140542360423,-73.98441205255321,4
40.429827238987386,-73.8559142248843,4
40.53718503474541,-73.7634130374579,3
41.033190741195725,-73.94424545565298,3
40.82786288838089,-74.13445974367916,2
40.52738392868154,-74.29565657722705,3
40.892443601589676,-73.97584964093377,3
40.74677714227182,-74.38124865419496,3
41.05182574668651,-75.0284726692231,2
40.46708141714293,-73.85320406854481,3
40.59811824869078,-73.68962280561983,3
40.57556214640375,-74.83302635243965,2
40.20056976815376,-74.35940574664848,3
40.8164420969726,-73.78929600864818,3
40.80416934526296,-73.2858765856009,3
40.714589709824864,-73.9987222023136,2
40.6306945033187,-74.2608010294302,2
40.21742024028236,-74.0700137543867,4
40.56557413703212,-73.52479325329814,2
40.59284991921563,-74.23208746269358,3
40.43200295577243,-74.28571720232759,2
40.656350000916895,-74.17496023276371,3
40.85421779988509,-74.33966501289055,2
41.372965065423685,-73.96306538940182,3
40.773902234491146,-73.43736253953566,2
40.80294263675297,-73.89292225440938,1
40.68674392948184,-74.0943237257442,2
40.041230074645334,-74.10813394412044,1
40.703520143592776,-74.55311678304383,4
40.73388057347936,-73.69691157799849,4
41.57493473936985,-74.03324301895448,2
40.64547366232661,-74.06916796975672,3
40.818341569816766,-72.8884123512543,2
40.70065088060316,-73.90143648207201,3
40.30376268683317,-74.26912686753332,3
41.11278798508026,-74.15522515867194,4
40.97597656144037,-73.60404400178113,2
40.98966118146507,-73.96635535631178,3
40.39451439082184,-74.50939729241108,2
41.20377800882763,-73.68426987289868,4
40.22215212802271,-74.23985042993864,1
40.918199982830096,-73.35034577832386,3
41.47945946903349,-73.62798317699988,3
40.36611228620426,-74.16256266348056,3
40.51459579463903,-73.55764427339271,2
40.747677977780675,-73.9822505713154,4
40.536583521059335,-73.70752921370722,2
40.170067799126855,-73.83634351394693,3
40.73679704118211,-74.30222482924681,2
40.34099370019587,-74.23124244131111,2
40.87855735072232,-73.6455137138466,3
40.39100151801817,-74.12317136623729,2
41.25527704175614,-74.1472769621347,2
40.43866134768232,-74.34029290277228,2
40.60007846932802,-73.8577403270423,2
40.997531026079386,-73.2841162782649,3
40.28199748924812,-74.37963651998899,4
40.792410977111444,-73.99752319016453,1
41.17029996399885,-73.5117228056046,2
40.15018086790357,-74.033874486936,2
40.777421850486306,-73.84766987131259,1
40.80375897798695,-74.37783773485141,3
40.98643800512206,-73.85609251597732,3
40.27986725119267,-74.0715004927516,2
40.25064018542051,-73.66099450151205,2
40.89547954796591,-73.59041488195234,1
40.816744635631615,-73.09965272529348,3
40.80047249762106,-73.80312838937525,4
40.834056873323945,-73.89197128919625,2
40.47479134744753,-73.93796549444794,2
40.794088794006356,-74.12960820248374,4
40.81537536565454,-73.8875306547884,4
40.462777003690775,-74.10939049354866,2
41.365821078900666,-73.94703865830563,1
40.87864152231913,-73.54484086253721,1
40.29584377597907,-74.35828989784787,3
40.94259376302184,-73.60704250360483,2
40.37166141542044,-73.54500972643105,1
40.988279611309856,-74.04732398444688,3
41.11830845265259,-74.74864921465301,1
40.4255611885769,-74.21873769548306,3
41.04998164523551,-73.55205190870362,2
40.85727332442777,-74.01400382180461,1
41.00052105599807,-74.35575578130322,3
41.376677543928885,-74.18267122242987,2
40.626914159399,-73.7117829907234,4
40.44899234247488,-73.81464325112952,3
40.40146994963107,-74.0896262347094,2
40.4272664002621,-74.13438854413513,3
40.685814401705066,-74.14311535216534,2
40.832203191185826,-74.32884356457447,4
40.809641779765506,-73.4406185086857,2
41.00231413716261,-74.11881216422397,3
40.717350662157266,-73.57999451771107,1
41.22153692700506,-73.47353938182714,2
40.620170108366715,-73.65659118564821,3
41.66485920830637,-74.15706710945132,3
40.93178357171775,-73.86469446838218,2
40.412794855254305,-74.01446846223682,2
40.337987625678615,-74.32229565125554,3
40.881665345335115,-73.89247425139745,4
40.634588025135955,-74.41866392690594,1
40.96270017293223,-73.59031221403845,2
40.87843316860074,-74.16861605405444,2
40.6873098805701,-73.9355941204445,4
40.41642219867606,-73.90684924495885,1
40.18260347135995,-74.09661674079642,2
40.556519766776546,-73.80065716948366,3
41.01253957801322,-74.17221627981789,1
40.787732810445576,-73.70104594588996,2
40.2767914274508,-74.47709288808636,2
40.773413324047915,-73.96176714715875,2
40.84766108290509,-73.3273748503296,2
40.40344989732961,-74.35611596361196,3
40.76660378708094,-74.2432107396837,2
40.7331730514561,-73.82613225261937,3
40.312760395759284,-73.94314637632114,3
40.8380255761219,-73.88327946525425,3
40.90907458422888,-73.83478450444832,2
41.091867935111345,-73.78384748600338,2
41.08163071821222,-73.61760505531532,2
40.23061572121502,-73.86256347007502,2
40.38456123602971,-74.09044017911648,2
40.893062343523034,-73.77059920457904,3
40.89262508281927,-73.34104132278668,1
40.89306669020712,-74.0524218112339,1
42.06125602172915,-74.34708525663473,2
40.91261167874261,-73.61852176574956,3
41.11024797406321,-74.04813340738376,2
41.04670061722262,-74.76643434110491,3
40.94078693795703,-73.70940241299735,2
40.60245576437588,-74.19336486508388,4
40.97843922717264,-74.03768664880646,4
40.44231117491185,-73.88980688430084,2
40.629913487641,-73.93932511207733,2
40.54292275825981,-73.75769186400133,2
40.741455948785216,-74.15842022969944,2
41.52293049833573,-73.82641297063837,3
40.05925718259289,-74.09684133715437,3
40.95299106663108,-73.74741633168938,3
40.148349445083625,-73.79062138059543,3
40.5476238469737,-74.33340354571561,2
41.09393270893858,-73.62590625933873,2
40.735298006683415,-74.19358720578991,3
40.33558932772475,-73.7231797706016,2
40.462443701759014,-73.87744944030953,3
40.950659212127135,-73.3626357131217,2
40.457171678899,-74.08421309383014,1
40.78856050635369,-74.12826087864137,4
40.72875014396634,-74.01279686206071,2
40.48473987833797,-74.112112923992,4
41.463180431263865,-73.72602033432028,4
40.93467165781131,-74.57170871295281,3
40.00400009466984,-74.37478884670122,3
40.7780590101693,-74.37973102255272,3
40.48117473733107,-73.67339234280925,4
41.01115166717868,-73.40728531959633,2
40.435417741548555,-74.04255722648811,2
40.672642245486585,-74.06508760311651,3
40.88954554764316,-73.98148174291039,2
41.015814317959546,-73.59934259408713,2
40.29269625753048,-74.3305735969667,2
40.59572456745567,-73.92257085604282,3
40.54656914109367,-73.66468082957616,4
40.484134768599205,-73.83061704052105,2
41.330708984098386,-73.93964643419044,4
40.85454359883634,-73.6556338676015,3
40.271490615982735,-74.95213130254973,3
41.03405168146917,-73.76874363816418,3
41.45555466895442,-74.2349264890946,3
41.0741628411929,-74.64672151389976,1
40.181020511916095,-73.82707909016625,3
40.54331807449682,-73.52521950919297,1
41.15621890221532,-74.0541069801197,4
40.465115687033425,-73.67249390847897,4
40.86813679985118,-73.44170260970398,2
40.98392191870027,-73.54577994124558,2
40.38837433494767,-73.43201241472,3
40.69196612537837,-73.74625537812484,2
39.57835643097582,-73.97959822638444,4
40.354264325533,-74.566688034164,2
40.62440114701239,-74.09212187084549,2
40.276075886312306,-74.30113630836067,4
41.28414395637607,-73.24617004887577,3
40.21225051771378,-74.06756003435132,3
40.55878442965606,-73.96287831762542,2
40.75855920205014,-73.81298011838584,3
41.217245651173144,-73.99073914376964,3
40.2102482470872,-73.41273213584924,3
41.11990731325424,-74.22392727660706,3
40.716381571356855,-73.93788739066696,3
40.36927197213322,-74.26586470499431,2
40.874536215992144,-74.46800787892725,2
40.782470893450714,-74.22011918181686,3
40.50272409299442,-74.01896287896695,2
40.73723072974651,-74.15625577858104,3
40.57794024109838,-74.24834734295585,2
40.75253107083794,-74.49821111228515,3
40.94454573608237,-74.03508695042004,3
41.267905885650876,-74.53265213091085,2
40.2795645754106,-73.73998041270863,1
41.45936168112969,-73.97714608647293,2
40.02956927016712,-74.51614302481272,3
40.65967521673755,-74.11422317696746,3
40.918711022269605,-74.2692547419567,1
40.81114715370726,-73.8942889213533,3
40.49485516806279,-73.5368423438919,2
40.63995721237495,-74.66231036437601,2
40.54024967286941,-73.9657408722984,4
40.506522335069526,-74.06204647844832,2
41.01016073395736,-73.77103097324233,2
40.83775542008777,-73.93138118011682,1
40.47028164165877,-74.26918926610858,1
41.02765995640164,-74.11766887748331,2
40.82035483230681,-74.28460904988123,1
40.99730174159364,-73.62939750149049,3
40.933170094673265,-73.99854092296482,2
40.42265174617727,-73.34058325998645,3
40.51673663593106,-74.02723128483511,2
40.97435276179314,-74.25394236841866,2
40.92642959290171,-74.53580003741449,3
40.70548444211255,-74.63709888668959,4
40.75386458415807,-74.56044758005193,1
41.15998271352595,-73.91250567214598,4
40.50575001390746,-73.82794624186953,3
40.904284083409514,-74.55941674571125,3
40.64203257164814,-73.69273659007337,3
40.63661157887047,-74.1750713680892,1
41.09737189819552,-73.95462244580506,1
41.00169572214581,-73.4417227801106,3
40.99752837260022,-73.69210623944707,2
41.16971758250401,-74.09998572676704,4
40.72015134457147,-74.31791727889535,2
40.95148353995324,-74.75913539046526,2
40.60420663519229,-74.25770366173485,3
40.82625822337096,-74.07989558358969,2
40.66724993097131,-74.35151283450291,3
40.746748587747454,-74.0519399384823,3
40.92110495890292,-73.97910184096443,4
40.426422760868284,-74.08469959363283,3
41.445135546489915,-74.23350090328822,3
40.36069391647511,-73.94697086481165,3
40.287833985524294,-73.85132077265071,4
41.118138805725025,-74.387639677105,2
40.98988194288703,-73.5121736670888,1
40.93124193596825,-74.0405058462995,2
40.932720928242496,-73.9994026319693,2
40.70851362950358,-73.75812495186021,3
40.39876096997996,-73.92437435405778,3
40.73933159536781,-73.67240217813037,3
40.475793400970765,-73.90550654217937,1
41.054091906696215,-74.22035308112416,3
40.66132991647425,-73.87947376617787,2
40.42387598112262,-74.40630417256223,3
40.60031495542145,-73.96800410297821,3
40.85732600899647,-74.01763049672556,2
40.51549640651861,-74.07884090004539,2
40.42502286155175,-74.05098812900363,1
40.79809052402217,-74.66464716592418,3
40.79853829988805,-74.19805371770934,4
40.5353698886201,-73.97350428460061,3
40.54793659303359,-73.95005026280091,2
40.794017478075176,-74.36568629932408,2
40.20597048047594,-73.56300225569736,3
40.22018767896821,-74.30916119687508,3
40.461344522561646,-73.66668997981564,2
40.63809349690086,-73.85648197334491,1
40.8216176479593,-74.23217955844534,3
41.22917467593234,-73.38464118758667,2
41.01298086812071,-74.42377289111477,2
40.6568215145128,-73.6842960392365,1
40.70614432723406,-73.65579618868496,3
40.36191472237677,-74.24071707317682,4
40.70632040240267,-73.51863714497749,4
40.61176947637795,-74.09351628010964,3
40.825751496118336,-73.90495722975206,3
40.423269169756686,-73.91488735643007,1
40.89457127998441,-74.0530080595147,3
41.2492586195509,-73.72221710439408,2
40.6747339480401,-73.72827894780673,3
40.85339910273463,-74.61798619063336,2
40.95435039709889,-73.54948091499264,2
40.57237283483996,-74.58787219581248,1
40.79123236863365,-73.64460882848041,2
40.71720734027363,-73.61165320211035,1
40.746986634492096,-74.38783825057531,2
40.442246575650586,-74.1497850007841,4
40.72137856099063,-74.39299663397007,2
40.887099401935906,-74.08122236060106,3
41.220700262728265,-74.11381199946501,4
41.04854478912982,-73.73311881370573,4
41.466413860129045,-73.54739193885814,3
40.444228352989185,-73.51751066622352,3
41.01811222285224,-74.20275880930241,2
40.77696970200842,-74.07922765581058,2
41.47923102662619,-74.59520336727734,2
40.4298956001257,-74.28805452327367,3
40.41889735523673,-73.66830192841589,3
40.50301257409459,-73.44054601175812,2
39.96943649649157,-74.43802210515797,2
40.528785742411735,-74.21336249070352,3
40.44710356845621,-74.01524201493562,2
40.76543782526667,-73.90794359441314,3
40.83241459152201,-74.28936123197258,3
41.36945979372556,-73.85757863443757,3
41.045448343365116,-74.17184377147483,3
40.51088372051816,-74.0110582948074,4
40.398354865028075,-73.8148005131987,2
40.88497171002728,-74.00375220556617,3
40.250718377542775,-74.1587350616843,3
41.35381056804903,-74.04436343137404,2
41.125604042252455,-74.03692703572187,1
40.54858852176336,-74.13550386045874,2
40.113202914818196,-74.09657862193349,2
41.1866553309579,-73.44647349032336,3
40.67271105416159,-73.80967819322056,3
41.14603570919071,-74.1094181113102,2
40.15475031942197,-73.76206595842125,2
40.50301874196618,-74.12283682141461,4
40.71463529490136,-73.59540637684468,2
40.72924320781766,-73.87662523273066,2
40.555277084982265,-74.04355575040148,3
40.93079747632163,-73.8492990759664,3
40.339132849716094,-74.55580665322398,1
40.662967180242546,-74.40036861411843,1
40.75490347109917,-74.42387375223967,2
40.89285359192056,-73.9559699168327,3
40.961865207331115,-73.39961975018022,3
40.31917526785675,-73.22504494883258,2
40.17586004024253,-73.78268211449574,3
41.15998688766448,-73.83070443376944,3
40.82910990419286,-74.63637020695346,1
40.450829712205206,-74.1959358299069,2
41.255703191432886,-74.28172431316789,3
40.7532861220025,-74.22329665938788,2
41.12555401442234,-74.06485033650468,2
40.73643146849354,-74.17123170219399,3
41.4340617737087,-74.69875493363152,4
41.327169294855125,-73.74423141035886,3
40.625662548032324,-74.38146005900893,3
41.05284983283403,-73.9222635975611,3
40.9386815823548,-73.2800710655875,2
41.19182104513632,-74.32778460705525,3
40.37507678879697,-74.89160063296121,2
40.952918010999454,-74.10610147765804,2
41.08324857039736,-73.6206641277505,3
40.09724117975191,-73.32057839102279,3
40.29865952056698,-74.43634235805834,2
39.999068737783965,-73.83215527186722,4
40.61850760794441,-74.16885865987302,1
40.96393978952859,-74.04308192400644,2
41.23862496823361,-73.08047982854404,1
40.738733173146926,-74.5320396149383,3
41.28281544094995,-73.9171911184769,3
40.22976448962479,-73.8423073898821,2
40.116616146225695,-73.62597478627123,3
40.693358305386184,-73.97170589628519,2
40.84722290712876,-73.89818231117357,3
40.70135683816707,-74.14307699859762,2
39.989195264986044,-73.91180557056421,2
40.681607986170526,-74.1261172964241,4
40.2562356748233,-73.78844983855038,2
40.94718539209052,-74.13536361761527,2
40.8411093861339,-73.87401486213423,3
40.38384207478543,-74.01624198478974,4
40.53294657893216,-73.61188241222975,2
40.34207526733887,-74.02398780325598,1
40.69086231595439,-74.62656136387241,2
41.04709981217543,-73.5643274747501,3
40.36779588378256,-74.32300630530192,2
40.88921628043125,-74.23481821852708,3
40.52720983356965,-74.21448145291522,4
40.43529450870818,-73.52494666739021,2
40.675339374015905,-74.75348597489254,2
40.35046518715322,-72.907788013219,2
40.51902274312849,-73.63638011682689,2
40.2935427375939,-73.9278663800548,4
41.400453796520736,-74.0252129002157,2
40.725142243190106,-73.90605607379982,2
40.4678960722026,-73.82360715006723,3
40.78769296875698,-73.78017454491749,2
40.67348518260821,-73.8115384368988,3
40.63546064016337,-73.97464676156066,1
40.9277583450152,-74.07506844710757,3
40.97792769851656,-74.05894564927873,4
40.527124598336314,-74.07421789812344,3
40.51126361577436,-73.60918046609653,4
40.61653190599693,-73.7982551472017,2
39.90712759234255,-75.0351360221325,2
40.18248312823051,-73.77643472821458,3
41.191205993605585,-73.93784233184843,3
41.28853869972545,-74.01254806475606,2
40.62563738615527,-74.14198145858111,2
40.914594937069516,-73.6125605480049,2
40.82173755409024,-73.674365738257,2
41.79040828295933,-74.27650718373826,2
41.1046512190021,-73.86353169950641,3
40.668028842981734,-74.34607985708945,2
40.37836084578985,-74.48886635767613,1
40.150543787909854,-74.22535102860648,3
40.78401227255353,-73.70416228466604,3
40.44807723915049,-73.67240623411837,4
40.21501120164081,-73.82642010296595,3
40.486499490515115,-73.7522164746032,2
40.334258198734965,-73.82533759950977,3
41.3032995722754,-74.23051855832803,3
41.02137391493231,-73.85482710936412,1
40.71000957553918,-73.72585666617032,3
41.23078044861151,-73.74199803456526,4
40.73987890767667,-73.58988031998388,2
40.411350529535106,-73.75809365347963,2
41.24589342704438,-73.88299312736045,2
40.901418515289635,-73.63144741658925,2
40.34976384598574,-74.01528244073717,2
40.64618146267074,-74.3146561279297,3
40.40633361131534,-74.06307343738031,1
40.22882009416249,-74.26671592568226,4
41.036962141636074,-74.24231239624103,3
41.38109582416455,-74.05658153475044,3
40.2233013491633,-74.28334697234999,3
40.9098392328417,-74.11378653537366,1
40.485075100807364,-74.66876513343382,2
40.54230611568236,-73.93134720241947,3
40.5054621265164,-74.00557808362322,3
40.41040323061207,-74.29198102087386,3
40.72978256978069,-73.77526401604865,2
40.42196745925614,-73.67785045183071,4
40.807459889022944,-74.56864595252914,2
40.695216661692804,-74.27295367249818,4
40.62916818359676,-74.27519982242555,4
40.395152718285445,-74.3349660853881,2
40.51093003430108,-73.71568380532389,3
40.977186929039014,-74.07383914857049,1
40.88812101566853,-74.09858019445872,2
40.37065566432051,-74.70735182754237,3
40.74756630690023,-73.78360368942677,3
40.975785493180126,-74.43974043819871,4
40.12850815160752,-73.98502357940679,3
40.90297606733298,-73.90891807171464,2
40.48088168436895,-73.52976949145648,3
40.912509534007604,-74.46408713969169,4
40.44565929521012,-75.06282925453729,1
40.08109126476742,-73.94165265933621,4
40.1431601467409,-73.3758210864712,1
40.729629731331485,-73.5723687764712,3
40.80370287560252,-73.93261920465388,2
40.39628918121346,-74.17807266497121,2
40.93630736057208,-73.72350709117694,2
40.13126797820586,-74.34674116989656,3
40.68967207047344,-73.83927478072532,2
40.28894433008314,-73.82908544429168,1
40.484657362269246,-73.63492653237539,3
40.729389534960745,-73.04011898638112,4
40.411655322150615,-73.86865441148743,2
40.57820555951956,-74.18413726899763,2
41.06500248322506,-74.0149510092672,2
40.5108878456669,-74.62517656671119,1
41.005292239222804,-74.24914959588116,3
40.31740260086983,-74.14924885333959,3
40.89823146227035,-74.1894309392771,3
41.21734901723027,-73.95267579478819,2
39.84772442495545,-74.29384697633377,3
40.43388666058534,-73.61363926643644,3
40.91477524451319,-74.00592752727863,3
40.641734114884954,-74.00925511239852,3
40.84270105567996,-74.12076315077952,3
40.501405184649464,-73.95168326064936,3
40.743106425615515,-73.71721560736633,2
40.65831296761277,-74.30949557549881,4
41.121523721580935,-74.23634077117634,3
40.801847295155426,-74.11230411007183,3
40.830960931726324,-74.47705482321562,2
40.56864306185714,-74.29274025090253,3
40.54213782157463,-74.17267730574063,3
40.561404634263134,-73.69996378675054,2
40.850858249832406,-73.91410353484933,1
40.56545543171291,-73.93824353102136,3
40.814221199913746,-73.7081857132412,3
41.4391902795259,-74.05408012593979,3
41.017693646201096,-73.86933730252488,2
40.59869176374126,-74.04212761352638,3
41.13322487275738,-73.91312317771013,1
40.56997361944246,-74.20996553016406,2
39.99945641268775,-74.85958600539675,2
40.35996979117891,-74.05299770676521,2
40.058022827640954,-73.50803815236502,2
40.58977028058554,-73.68182460921544,2
40.719246432716346,-73.66811088039309,1
41.29955305929635,-73.57335424736782,2
40.82722458081746,-73.97496984316349,3
40.6361148149169,-73.93693950240804,2
41.00309195341422,-74.22217816340202,2
39.93890264184724,-74.11662549960947,3
40.795265095338,-73.7904800975801,2
40.98260281786044,-73.58464044699092,3
40.19529481397706,-74.05480619648834,1
41.113113915122426,-74.163566242698,1
40.83127374262305,-74.00581521440019,3
40.56744923013472,-73.79557763787481,3
40.934273653137204,-74.51134918564674,4
41.50754250023154,-74.80966333359804,3
40.77645318927048,-74.19868789732206,4
40.79967720520512,-74.43324934906995,1
40.55202368516092,-74.18384906917656,1
40.415354470687326,-74.05772311158611,1
41.00341753579049,-74.16463694315806,2
40.4131706609319,-73.49763636293524,3
40.73784818302679,-73.89163933238919,3
40.545619893632214,-73.9008339741362,1
40.88044293901124,-73.7882274995848,4
40.829581736850436,-74.40459159122327,3
41.075938980490264,-73.64231087440291,2
40.53429426040084,-74.03251750028741,1
40.61834377264732,-73.77133178396558,2
40.37023269947619,-74.38115003156406,2
40.557297358973365,-74.54981556810563,2
40.8448551725657,-73.71973861969124,3
40.97774601582587,-73.87425666586587,2
40.39004213653783,-74.32171804402513,2
41.01716207203698,-74.31038207844614,4
41.18727325058173,-73.61209782545482,3
40.857502216128296,-74.42229416250356,4
41.36967853439533,-73.43106446636041,2
40.44197378031375,-74.32121725712675,2
40.27717085384101,-73.78256282603706,3
40.090247912883505,-74.12101646651215,1
41.236415509021214,-73.79488439912117,1
40.941827979723925,-74.19643990073996,3
40.693345365181344,-74.0629775171253,3
40.81078901921194,-73.9916782886115,2
40.31887883344557,-74.35676560952352,2
41.56881319286589,-73.74671147910296,2
40.75802741369133,-74.18562474826506,1
40.751088178111715,-74.086009970369,2
40.966818318364545,-74.35402228111298,2
40.88115323110785,-74.90281678057836,1
40.7911594084977,-74.07285971691006,4
40.43613394059414,-73.16158460243548,3
40.8778139249976,-73.73138849923569,3
41.37150857376626,-74.01274113290704,2
41.18369701615424,-74.0980117902229,2
41.27041531932379,-73.99813693751578,2
40.53387451324909,-73.81450830968868,1
40.3664383129095,-74.41928448535809,2
40.668774577965124,-73.6159874068659,3
40.73230371930104,-73.75561653959556,3
41.09576703146483,-73.75463499600222,3
40.120437379599814,-73.8525334914166,2
41.24814261181122,-73.9991341698071,4
40.65749723549735,-73.77049856741161,1
40.563391625518406,-73.79886505319053,2
40.35856346865894,-74.12991424882937,2
40.13360016484698,-74.20676062051392,3
41.00090970438667,-73.97035029665831,4
40.73846128851594,-73.46384294697668,2
40.261313685090634,-74.43968747647887,4
40.25952242977774,-74.51963384301335,3
40.595275355248454,-73.94833370556722,2
41.29695753385129,-73.9881893043504,2
40.62194302702274,-73.94533041747036,2
40.18669996640867,-73.92061638073203,4
40.626789927569924,-74.08412078912218,2
40.61734675058832,-73.48454779648927,3
39.76888967497045,-74.56631639246677,2
40.693796796718765,-74.29597395867309,3
40.63197291442697,-74.04213916605217,2
40.9564722276847,-74.58111608390396,3
41.35993463323087,-74.06754904155123,3
41.107097760341716,-73.42448544199519,3
40.61868895830581,-73.99868972909641,4
40.325515931940416,-73.92525468299846,1
41.61347593113745,-74.4470576678104,3
40.73352645190507,-74.22172649281381,2
40.717675252169535,-74.13731873311337,2
40.7043562195115,-74.11720028386468,3
40.78212966626875,-73.55742467174868,2
40.66227385582662,-73.8108081287462,3
40.51201829759192,-74.39501028492796,4
40.52139937056587,-73.9197233275488,2
40.7013363554244,-73.83162238802612,3
40.522601330103186,-73.60694783651756,2
40.463303976062996,-73.45281075970107,2
40.750050579692164,-74.36128296713976,2
40.6235579739027,-74.28980012892362,4
41.23919754600394,-74.44615225062012,4
39.78496056706245,-74.08790695068744,4
41.09482739817286,-73.84277456894378,4
41.148929817374174,-73.66043291919381,2
39.98711341865715,-74.03258285827488,2
40.59285934207188,-74.1179466331392,3
40.58279569690148,-73.95288470271294,2
40.220170906848765,-74.2983000155705,2
40.4405641593432,-73.27466144740683,2
40.324098454086965,-74.56868135949132,3
41.32609465519827,-73.9413407973865,3
41.04028743760161,-73.29773782326963,2
41.157844283247954,-74.003620054404,2
40.96538522241514,-74.07251366225053,3
40.31763188007397,-74.13110589798364,3
40.52921790680208,-74.06913708861684,2
40.884081096429775,-73.52550303386322,3
40.285055266887824,-74.78015166896533,1
40.96234945056034,-73.46929820454629,2
40.62868611064465,-74.50438500335756,3
40.58161271735764,-74.09932831523204,3
40.96163598887122,-74.15623554710453,2
40.868292159020115,-73.80000635558025,3
40.58646184196332,-74.56534352315931,3
41.11856543117749,-73.84423956687132,3
40.33442783534004,-73.2974916318496,3
40.9283774624305,-74.48311090160749,3
40.92038544028894,-73.93960284133637,2
40.604458746240105,-74.23769376222882,2
40.826946557784744,-73.85693947783244,2
40.274910248265144,-73.99929827790449,2
41.03620945672242,-74.23052041816551,3
40.648084252244956,-73.83524470029512,3
40.52984694281834,-73.37447816157464,2
41.079953229042914,-74.07281632710456,1
40.46627970831003,-73.75408472024813,2
40.219838546272754,-74.4586455352549,2
40.16797978926664,-74.3407527318863,3
40.924903482970976,-73.84065780274187,1
40.2646497266263,-73.48655939001242,3
41.32697796369453,-73.88153532792502,4
39.984124707240696,-74.11557031068311,2
41.30655972890151,-74.00624800810182,2
40.78665611352092,-74.4436427068894,1
40.67895041084537,-73.79441963577563,3
40.52207831961687,-73.6971834281868,3
40.85249764002322,-74.16423161649158,2
40.6996278541513,-74.17051475171583,3
41.09895565870578,-73.91294261962179,4
40.75277967703172,-74.1588519076142,2
40.76540561651166,-74.02914641511904,1
40.58553572572515,-73.27109737379172,4
40.692869031697626,-74.0924589952611,3
40.82053061911222,-74.13141905320742,4
40.11424106257018,-74.2326396319723,3
40.240935102263,-73.74553280997502,3
40.97294243290795,-74.06942846062634,2
40.77260290334478,-74.23328056341249,3
40.648405832276566,-73.54354358870445,4
40.71925187657289,-73.50913894842023,3
40.834453596876585,-74.21614824800855,2
40.523884111891725,-74.65928898297622,2
40.44039334610919,-73.65337020855708,2
40.78134583928419,-74.24562043901601,2
40.37036952783474,-73.72928104029303,2
40.85568846450007,-74.69553633619914,3
40.11689573851676,-73.69359093159524,3
41.073004473063975,-74.42991017524827,2
40.878209118844566,-73.75023255832672,3
40.80241040700986,-74.00100442625725,1
41.05674184438093,-74.33987879678882,1
41.295716055561904,-74.14846270952437,2
41.06782952275635,-73.76578854006516,3
40.06849401903393,-73.96893694140967,2
40.26494806164251,-73.80145545683463,2
40.49411349780652,-73.31424579541958,2
40.721931867573794,-74.55348456409887,3
40.89398065716419,-73.43997559876098,1
40.45878966539629,-73.96947542186687,3
40.77816836756698,-74.32057441691309,3
40.44841597367634,-74.47160976900865,3
40.49876876895282,-74.07219213677196,4
40.220468616103126,-73.68342246082643,1
40.38966836386118,-74.05064219213213,2
40.23971038803428,-73.47709577441343,4
40.37124436145793,-74.51391149151804,2
41.081574628812746,-74.01023113174612,3
40.380510388908824,-74.4443377055446,3
41.634133722693086,-73.87872884108126,3
40.885461265308315,-73.69558941346594,4
40.77749264329321,-74.15326662778837,4
40.41237477693657,-74.9174748498195,3
40.957908457793145,-73.93636814862123,2
40.51132676081678,-73.85314150689327,4
40.75550343512588,-73.8644968357634,1
41.60882958839408,-73.57347623286225,2
40.679179035096375,-74.38086878787716,4
41.11504566419999,-73.76792436309235,2
40.46668825120594,-73.5886223706327,2
40.70055402832607,-74.62850565440228,2
41.33258022247243,-73.89412186092837,4
40.49336152977428,-74.18246294085269,3
41.347156995298924,-74.03453293558557,3
40.96051317740942,-73.88431323076158,2
40.51593662843701,-74.17652999743974,3
40.934142708669434,-74.24249782770656,3
41.05319405736936,-73.9940466538792,2
40.93043348677602,-74.38653607860198,2
40.16322134803834,-74.38603879510981,2
40.4583019884613,-73.76821935096523,4
40.62616847755697,-74.40807791230553,3
40.68674829981499,-73.77279062468178,4
40.930035234142736,-73.84409304750112,2
40.77499535032664,-74.61003235507671,3
40.24542947445146,-74.24314762831747,3
40.845869247852086,-73.58806170893342,3
40.92650501084934,-74.3494079358989,4
40.90872665677586,-74.16854149180828,2
41.09107325394412,-73.84427868736184,2
41.00467275409212,-73.73181332175109,3
40.873513027729956,-74.09403861011558,3
40.688242000989476,-74.21512856814208,3
40.1314636732694,-73.50817054840552,2
40.863166376696405,-73.39738511767085,3
40.78549069050709,-73.66339968222637,2
40.80785259301838,-73.97613865010224,2
40.265937998462896,-74.28889300257433,3
40.33443021085711,-74.2966555422948,3
41.08140349866652,-73.82312006315699,2
40.69895569615017,-73.85956062268896,2
40.95132524408042,-73.51544049246876,2
40.72271143164566,-73.77834246761235,2
40.723214648823514,-74.53207810561594,3
41.0411993320916,-73.63781833379699,4
40.53218434512392,-74.35532121956004,2
40.74644227192935,-74.14038994518333,3
40.551003648953234,-73.91842992781191,4
40.56072632039869,-73.30751637857561,3
40.60458975678598,-72.91752850539812,2
40.7905468200718,-73.79364692930234,4
40.54523798241778,-74.07011881655214,2
41.15231464395073,-73.81892302303181,2
40.399687444223176,-73.69532060094416,1
40.647394924543526,-74.11823366894502,2
40.55889412960404,-73.37767602543069,2
41.21924225952381,-73.92547523428301,2
40.781594171779055,-73.83178991881802,2
41.07394558881403,-73.77292651178094,3
40.19285386943706,-73.85844468628494,4
40.806267593054244,-73.71237082483563,2
41.0241707784682,-74.22203861529142,4
40.7415993962464,-74.20140561388111,4
41.08571813127288,-74.3910539815401,3
40.531749042464874,-73.85217456928292,2
41.20607160406495,-73.73337222377076,3
41.517414343266736,-73.84577949684684,4
40.58580650384612,-73.41992764832837,3
40.55687411750973,-74.00795860659017,2
41.221484566991194,-73.77194042054262,3
41.26565025100575,-74.38809530664876,3
40.52979899049636,-74.14148489586604,3
40.56573461401645,-73.76256178485198,2
40.61417538689882,-73.7088142612399,2
40.24224232113801,-74.10888843168246,3
40.39127181873053,-74.03105973815032,4
40.361350731636776,-74.53725581133828,2
40.44407085221356,-74.13096022028232,4
40.70066028941463,-73.69436589276808,2
40.794775156387786,-73.8046782443627,3
41.25547517248493,-73.83076699751658,3
40.36337608574142,-73.98857920948666,3
41.0573128394668,-74.00352789448014,4
40.637903904521075,-74.23711239881571,2
40.69548770162165,-73.76141005292911,4
40.94898682225831,-73.85865946946372,2
40.3198472924532,-73.83379340320252,3
40.84664341116442,-74.19011219493365,3
40.77105827287457,-74.75967002195493,3
40.885157942402856,-73.62199655088621,2
40.81400902536774,-74.17359310960295,4
41.57215504896882,-74.3079715174151,2
40.48959100551204,-73.7632823808301,1
40.526951065749365,-74.1432044239717,3
40.49470081575134,-73.63502226558369,2
40.51838300829391,-73.79004791764815,3
40.48971450544272,-73.76675073687983,2
41.12895578588765,-74.48408449892018,2
41.20997648679645,-73.58181960511476,3
40.51303879718768,-73.91456231406815,3
40.42147554941352,-74.13524699873616,2
40.87779544473524,-73.95581403643021,3
40.51952193450166,-74.62768233151441,3
40.93432613621443,-73.86297151598177,3
40.78382305729796,-74.36628002786372,2
40.18228955975097,-74.47943460004524,3
41.254426820465525,-74.53882571517626,3
41.34135718558343,-73.61655906875353,3
40.49832395833047,-74.22624218779248,2
40.577104454022404,-73.46919530152923,3
40.81285288675372,-74.1935305120683,3
40.82985987649546,-74.60357528515753,3
40.94329049543549,-74.39678355398203,2
41.416371588568225,-73.57346593299758,4
40.650868470377084,-74.06056436227783,3
40.433395964411545,-74.19790055377172,2
40.23003827019492,-73.94999362095153,2
40.45697448602033,-73.83037604234136,4
40.70120555949417,-73.61491041443414,1
41.34089525223123,-73.49902526953747,4
40.53163604533734,-74.13191902602618,3
40.79112578307362,-74.47011669012872,3
40.70705198637454,-74.15071280639314,2
41.12873764570683,-73.914901822696,2
41.59722634905577,-74.34331562417371,4
40.52699592947789,-74.34100282021326,2
40.541496195118626,-73.88567424145754,3
41.078256306974176,-74.02302832304966,2
40.95146202136921,-73.99452105160594,2
41.359147564007614,-74.27147336714502,1
40.91717486486409,-74.08664024997202,3
40.58704776822453,-74.3294816004939,4
40.91952919074231,-73.69443055610633,2
41.10084625320402,-73.64366273284669,2
40.999968763419076,-74.65216575178333,2
40.890345910887554,-74.33132880106734,3
41.08613614135621,-74.52978523928152,2
41.12205345665598,-74.23350837704241,4
41.19655564686314,-74.03520328942663,3
40.93984846065638,-74.51337582689449,3
40.654308671889105,-74.32865093459387,2
40.764149790251665,-74.35738508022852,4
41.135078138277926,-73.93345643471037,2
40.42687251515447,-73.98172948203731,1
40.841835658105516,-74.25860814366804,3
40.575131415685426,-73.94411269475121,3
40.72286068802719,-74.19733802960555,2
41.16025815191256,-74.10107928861412,2
40.77968467380697,-73.42029176839551,3
40.729052791854656,-73.53683863187338,2
40.23685035065703,-74.46085343292467,3
40.97398874810953,-73.71559365374229,3
40.93871946339938,-73.72201120592794,2
41.469939153156915,-74.40789215106342,2
40.605077617766455,-73.7194278246858,2
40.78950261468238,-73.4677238285556,3
40.800084289298766,-74.39889068218554,3
41.26490864791722,-74.32712598735499,2
40.67944656366457,-73.64981848660477,3
40.81045753401962,-73.91097664121102,4
40.92556377840079,-73.81298330366617,2
40.77811319310473,-73.88679377425983,4
40.55654823490732,-73.86925642767515,2
40.78073149751441,-74.47026524490887,1
41.08857111245092,-73.63943880268249,2
40.35351964520613,-73.59664350265028,2
40.75933938595141,-74.0862867604238,2
40.46775771477129,-74.02121693243485,1
41.13106632012369,-74.5418876258945,4
40.17968458332568,-73.82601083539376,3
40.51717735345495,-73.80577989540005,3
40.84482415627259,-74.02776685594976,2
41.26073341023202,-73.61247632404532,2
40.689787408624454,-74.12292703084297,1
40.51848016565738,-73.80838792593724,3
41.371204974304206,-74.36288251854224,4
40.20599513485432,-74.01424325280598,2
39.94321791518297,-74.067023990266,2
40.86680505751867,-73.92714222728567,3
40.53708102147659,-74.13533442509167,2
40.355368514004255,-74.05201540848509,2
40.960724756554775,-73.71688348999547,3
40.79813024981992,-74.15886748303338,3
40.515372479242146,-74.56830198525854,2
40.26469346046519,-73.39364563352811,1
41.018160064898055,-73.52249107245834,4
40.94037041228553,-74.45829194328697,2
40.67808844767722,-73.76460226816418,1
41.35912294861669,-74.18204116969297,2
40.33827033178585,-73.91377947463413,1
40.17886619017634,-73.90302155484528,2
40.47063217554157,-74.08804273011071,3
40.69684489427558,-74.28031798295524,2
40.79796880726294,-74.24768936831069,2
40.62836737975029,-74.32666717041843,3
40.83601938878,-74.29713777288066,3
40.274761201533344,-74.02951240151728,4
41.21811761142564,-74.25651599618877,4
40.684047087562604,-73.76728177700058,1
41.10385354105585,-73.48546384563242,3
40.8327538712322,-74.20901863447952,2
40.872663626703826,-73.92220842481262,4
40.91221854808127,-73.83111021139398,2
40.86949799600606,-73.84079920517826,4
40.93775296595364,-73.97941565622936,3
41.178003385546354,-73.7460611535741,2
40.78158240939552,-73.83721286656177,3
40.96095131515598,-74.43918184781455,4
40.68139250699947,-73.70179537746375,4
41.21684102540732,-73.69544820695664,1
40.47606269427926,-74.2731501364625,3
41.34312915151879,-73.99272175759334,2
40.69874471727448,-73.76683485251613,1
40.212028714258686,-74.07925983685277,2
40.75763654521878,-73.63045768328189,2
40.47443191988379,-73.17864462688323,3
41.00702524214606,-74.28109511142225,2
40.48438160724417,-74.48936561110382,3
40.55663579837483,-73.89966349153829,1
40.05146074416906,-73.75345312320584,2
40.55449278826283,-74.08680323084567,2
39.86444223567987,-73.49735876783764,2
40.158434011779995,-74.47451202990314,1
40.978945129650505,-73.76347848193893,2
40.987830055527795,-74.21805128726561,3
40.86171014662474,-73.40421773282745,2
40.374358349904774,-73.30861962639116,2
40.69610102535031,-74.27432980572418,2
40.7115391113183,-74.198344997568,4
40.30737235878261,-73.70514423955707,4
41.238989405618504,-74.14149572742633,2
41.019876801701486,-74.02189392627628,2
40.63546253915962,-73.99711405281016,2
40.72221004364809,-74.67788560466919,4
40.78573398278164,-74.01084321113298,1
39.9981927960515,-74.24740472092246,2
40.62628791611779,-74.17859298783992,2
40.47410551320077,-73.50072879878591,2
40.36223299653678,-74.44577741299774,2
40.614414897489915,-73.72137818463821,3
41.34199028439733,-74.10363702561614,2
40.93709500144345,-74.10391605897354,3
40.51288735357602,-73.7293698363819,2
40.91320397347466,-73.88698204690088,1
41.202574402805105,-73.80628545097316,4
41.03642178901947,-73.6671353688135,2
40.733670629472066,-74.12195793411416,3
40.48637212780305,-74.2202828570777,3
40.95717815976476,-74.38580268429523,1
40.850519884897615,-74.29489368549264,4
41.02611762700971,-72.97381695114194,2
40.93511013058869,-73.57036214674213,4
41.08014345036177,-74.4788760281728,2
40.525467675953806,-74.46886028486026,4
41.173887922972014,-73.83734687839853,1
40.78195986164234,-73.81445732091771,3
41.43914130541884,-73.81389065763892,3
40.47158426366865,-74.0952345277438,4
41.32038733110784,-74.04990899100102,4
40.78206877421193,-73.89124216654423,3
40.48480369873494,-73.97593744779734,4
40.54343995808099,-74.78275513046164,2
40.600678442131986,-74.08642987070132,2
40.86125808124067,-74.3039922519911,2
40.89579242081243,-73.94467600338201,2
40.5120049986215,-72.9611593490888,2
40.70427589270866,-73.877381417084,3
41.46259462551416,-74.11573539016034,2
41.31744010953525,-73.68336947430797,3
40.86551328438591,-73.83705923947677,2
40.726101217358874,-73.85896692834186,2
40.75481096435139,-73.79360229237452,3
40.92753129045565,-73.28620975230966,3
40.35482260218056,-74.40181095236407,3
40.622718211901834,-73.840228773116,3
40.12879557414284,-74.33023339549354,2
40.85252809291185,-73.81157057378022,3
40.939318578895964,-74.32754027902013,1
40.54368473819522,-74.15207838476178,2
41.26369536715151,-74.10928146998327,2
40.28378201794918,-73.66446414822936,1
40.20026879192656,-73.68454094462015,2
40.791358136495994,-74.44200108175623,4
41.07928440591426,-73.98677306115005,4
41.302174692010254,-74.25435294916221,2
40.552190507995874,-74.44647671873636,1
41.09033829170095,-74.08195596764853,2
40.699322035674754,-74.11396897595954,2
40.65238044502072,-73.15664922977906,4
41.022080978120336,-73.85446406112375,2
40.9411130074447,-74.48816612526399,3
40.16106274505552,-74.20367090145983,2
41.229589122404064,-73.64851584659971,4
41.19583197395161,-73.27504502949553,2
40.493853054471664,-74.56109415928329,3
40.851331236703096,-74.66397353479867,2
40.88571056519896,-73.35116218861988,3
40.80403581803837,-73.86963503792019,2
40.5201931961541,-74.30990245615673,2
40.47773182122168,-73.81887981985714,4
40.703856075153,-74.9285117086559,4
41.12325515674078,-74.004818572691,4
40.90306005410805,-73.89126258950492,3
40.583084983769865,-73.68250545116176,3
40.982894548726925,-74.36086358330239,1
39.71581008277948,-73.97600949350883,2
41.11486799513024,-74.32989861912085,2
40.10390017742767,-73.91661568551399,3
40.585945670508906,-74.31937121282706,2
40.320915536880854,-74.14883529370607,2
40.25966148349769,-74.35453538817659,3
41.11908937558248,-73.77810231536172,3
40.54910457954084,-73.70554210917017,2
40.83407635860575,-74.0881171994851,2
40.69637779739229,-73.99261670176399,2
40.8797642895281,-74.51300699512174,2
40.73968766187109,-74.11088682680237,2
40.263752721534004,-74.02357161596461,3
41.061493386806504,-73.08872241813951,3
40.53998519589354,-74.39518845902096,3
40.16799633546909,-73.49353796643665,2
40.56295969366193,-73.65709942928697,3
41.23806592672201,-73.90777725842845,2
41.01037760973973,-73.39048283053171,2
40.59077175295725,-73.8757630845876,3
40.59055980348855,-73.86979428151622,2
40.60022773207392,-74.02459222855614,2
41.4396617942463,-73.57775089115349,4
40.84647740828105,-73.62223576816619,2
40.86331457651688,-74.22498705062367,3
41.07339920891115,-74.46773651810958,1
40.79637620565928,-74.07704322308848,3
40.622135248962756,-74.28601349753917,2
40.64407755282026,-74.02823360111537,1
40.68773955920508,-73.57289665286055,3
40.69977221722156,-74.16605557928038,2
40.967470340272946,-74.02098818345905,2
40.730981060032555,-73.98569204281706,1
40.969224027025454,-73.70904919122815,2
40.684549196961996,-74.79241126689462,2
40.74032231661063,-74.21834510316785,1
40.013429760413764,-73.93205070770219,4
41.03351468614587,-73.5859723652506,1
40.8340709665643,-74.17816585662717,2
41.06210353845088,-74.66279344711465,2
39.69911061763221,-73.78910099391186,2
41.44373114667326,-74.22837683608897,4
40.66394363014569,-74.42238333068163,2
41.100663985858134,-74.22452088639963,4
40.348832925506066,-74.07058387517955,2
40.9272708667719,-74.21766063258838,3
40.34410455288922,-74.77794811998467,3
40.49448086375647,-73.6920268310895,4
41.38271097385338,-73.55979373555245,3
40.64606115973283,-73.77796730303118,3
40.788901505612905,-74.40418998464868,2
41.01732370574106,-74.07652203688163,2
40.88628866079041,-74.0082824603303,4
40.765446616800254,-73.79642196365333,2
40.84053635086318,-73.77208082894867,2
41.5539954548334,-74.26296082957248,3
40.692633421038245,-73.97730155525525,2
40.78318466635024,-73.84595185838467,4
41.08052903860266,-73.49646218724864,3
41.0997340765353,-73.75942271106135,3
41.128260606946135,-73.72983015941857,4
40.936355577710216,-73.97666068022473,1
40.312748280544334,-73.51233929917878,2
41.284501036305386,-73.86258302141418,2
40.31157911244346,-74.30738076856075,2
40.818722412833665,-73.51482051045619,3
40.44880345249322,-73.76173385461134,4
40.69035157869246,-74.16106540739497,2
40.827866843606216,-74.17382253858973,2
40.8252750254076,-73.90219855920073,4
40.86047226398235,-73.84388532165634,2
41.27759894417053,-73.93694770702908,2
40.871537005529895,-73.89704196429498,2
40.62734517764827,-73.41101491889826,4
41.050230508900924,-73.63095989671778,3
41.129114671123624,-73.93927754305724,3
40.283137264702056,-73.67654129673139,3
40.92189002444745,-74.36738336623463,2
40.95821045980882,-73.86672553251861,2
40.608652773824005,-73.37274277759342,3
41.194297384659066,-74.08231606338732,2
40.660280544538615,-74.30267187501669,3
40.75675175871504,-74.23423111100757,4
40.65222486150065,-74.38737156306983,3
40.71825266665351,-74.2806666678447,3
40.32910371958668,-74.13567783450651,3
40.208782191092,-74.49794845671252,3
41.270876772128744,-74.00053358311764,2
40.41636352808859,-73.69020298917468,1
40.36581267769029,-74.32371466305142,2
39.959113460238704,-73.47425062672538,3
40.489163388308675,-73.82722276901534,2
40.24971857230738,-73.64529679503158,3
41.287505306047734,-74.23624209384825,2
41.06623598126993,-73.70691617052668,3
40.471947379187796,-74.38817686513836,2
41.50115253187051,-73.69441337470722,3
41.05641792044706,-73.94585623107227,3
40.59910901577199,-73.81236207300533,2
39.83800799979425,-74.4174581119687,2
41.51462990040676,-74.31927444479682,3
40.22644963663274,-73.79697012361132,2
40.13691043856509,-74.33792180147847,2
41.07069965120338,-73.8438777977653,4
41.56671334221875,-74.48449823226109,3
41.19729548647868,-73.70913902556667,4
40.910168192018325,-74.43738316016898,2
40.920964019582854,-73.81269502181216,2
41.01149544557311,-73.7870291732239,4
40.97842500642537,-74.24987013645035,3
40.811216998389284,-73.80229070152035,3
40.74927038638316,-73.91484520783325,2
40.69089240523517,-74.19459464966747,2
40.44891239389666,-74.35899413942667,2
40.61456372309663,-74.6929189920854,2
40.120265115031614,-73.88362248344511,1
40.67838113062184,-74.55368096997672,1
40.36679311249718,-73.97262953019555,4
40.32654373897448,-74.09820687562879,2
40.77576295290372,-73.76830002859663,3
41.200000800220614,-74.11171592482145,3
41.03421081210081,-74.12130672522149,3
40.16312478873189,-73.7498452534991,2
40.36643015220039,-73.88872968982056,3
41.04206991579588,-73.89534541498602,3
40.36892941226159,-73.84175634356701,3
40.634178397501046,-74.54345024312249,3
40.905318234658594,-73.74112396200455,4
40.37387944079773,-73.79163592209524,3
40.74968142715109,-74.36183909500177,2
40.245891076778626,-74.09142816578597,3
40.50232132461708,-74.01975755066967,1
40.82472367694989,-74.0530738745406,4
40.15525219326392,-73.88914901170101,2
40.86696615828614,-73.50502162635908,2
40.70592677037566,-73.62738164531451,3
40.906171484046006,-74.46527671770099,3
40.791169946922636,-73.78827550339288,2
41.19024915049085,-73.54087333816261,2
40.75662857592677,-73.87061701775878,4
40.56250806060616,-73.6241568511849,2
40.7556041260613,-73.30170534400473,4
40.902954310162734,-73.64770165886256,1
40.729901024614,-73.9187419915254,3
40.72700709192136,-73.64021903407034,3
40.46710290926764,-73.95528925841609,2
40.48078467885717,-73.99763393485027,2
40.22188815487011,-74.1289949824998,2
41.32515186011543,-73.45880532440876,3
40.27744786761305,-74.2924500330797,3
40.47028318077143,-73.46967129636266,3
40.46135745705078,-73.83104755669088,2
41.026023531930555,-74.49575716118068,2
40.60956761259779,-73.87732274745301,1
41.149509725435806,-74.74100927767807,2
40.47707828151465,-73.78707219410914,3
40.81044795677833,-73.69616898095386,4
40.420428531359086,-74.21332458447822,3
41.463602194720686,-73.96275830641555,2
40.29714055333967,-73.3220448981874,4
40.821237248579465,-74.18301134649168,3
40.934621908326235,-74.37661765546981,4
40.857629684108026,-73.4874178091381,3
40.6479493193928,-73.31909448331422,2
40.6673627550933,-74.00470651485325,1
40.72813401519269,-73.65198793760707,3
40.66134929943003,-73.53648342956419,2
41.05015769087822,-74.26586948138844,2
41.48648305055698,-74.17585704237875,3
40.51767787524726,-73.57519392039585,3
40.23336895714733,-73.41624500245202,3
40.68190128307706,-73.80899169893898,2
41.61569826817901,-74.31393502372572,2
40.43151390121059,-73.3105286109052,3
41.28649088190542,-74.19183981423419,4
41.29999528492676,-74.12329822341,3
40.5190441154022,-73.88618175792864,4
40.91194407771485,-73.46204385274983,3
41.28273881809499,-73.70710840820672,3
40.58010529065438,-73.86079707487333,2
40.641546873964174,-73.84384901445867,3
40.50921168011798,-73.99076986597478,3
40.3576351442575,-73.81065116991853,3
40.4855528592269,-74.89134602719301,2
40.28442090663321,-74.10981261067442,3
40.72472921389073,-73.92153732277913,2
40.44330936912948,-74.40885492926682,3
40.79462506912677,-73.87078683876595,2
40.16823652382873,-74.07756492734514,3
40.828608081275064,-73.39158350558958,2
41.00453513656313,-73.4554430961748,1
40.01499252509999,-74.16903194919136,2
40.84371979944665,-74.05879319904834,3
41.14248414736566,-74.03188164796293,2
40.28942564345808,-74.16408081665587,2
41.2982003353932,-73.93774125559015,3
40.859456653278116,-74.27139872411065,2
40.466045850484555,-74.40171536722814,4
40.6932808228198,-73.78805107163491,4
40.9082144193826,-73.78566464552236,3
40.739401886994344,-74.287510515881,2
40.90136459735623,-73.6926255992331,3
40.39056424242222,-74.22705220520787,1
40.77207628841263,-73.91739216668671,2
40.21799992608326,-73.71887959558563,2
40.67387087852796,-74.0177643976463,4
40.396432325487325,-73.8468406807506,1
40.45536452009358,-74.18675037536065,3
41.145432611323656,-74.07476330419983,3
41.094758542208,-74.07805080080811,2
40.92599834231751,-74.26730242128909,1
40.3304905323646,-74.06787095709052,4
40.60205704260682,-74.54801640460231,3
41.13738419499271,-74.17790381149973,3
40.76240091977397,-74.10570642267939,2
41.5245653389936,-74.09566291337339,2
40.85046124378803,-74.09052410605477,2
40.78001719077151,-74.02761746995104,1
40.604609237529125,-73.83819546866988,2
40.7595393166738,-73.69991902405361,3
40.65943555726681,-74.2334178293969,2
40.96063803684101,-74.4271202993862,2
41.04764581087811,-74.37071554428509,3
40.43770368882222,-74.17652102241823,3
40.24686846625478,-74.12917246123578,1
40.070128119413845,-74.27549862316911,3
40.890596964419395,-74.45964083248747,2
40.32662168783914,-74.16564228961596,1
39.95928829246663,-73.94250068296012,1
40.84880251158584,-73.79773968695756,3
41.585349831101475,-74.20109806858791,2
40.71067518096104,-74.1505492377502,1
41.006271771058074,-74.33034440809656,2
40.74144027549165,-74.01700370963117,3
40.6781886213831,-74.30295002196678,2
41.03447676904572,-73.80540526536558,2
40.61120390953398,-74.63105327217694,1
40.80638730992517,-74.13187038535837,2
40.825394232168605,-73.9006124312829,3
40.478968341224935,-73.94165791928712,3
41.060014822337784,-73.06343821760683,2
40.65156408515661,-73.88356999140123,2
40.448289194177505,-74.3574191088947,2
40.90057844524964,-74.03941248648117,2
40.39833620637314,-74.62768621671326,1
40.722663405079196,-74.03420991225387,3
40.70960835117453,-74.29756961995027,4
41.09286344804105,-73.68561340355394,4
40.878944381507985,-74.19833909610844,4
40.704040564439204,-74.04686807052833,3
40.9990182047201,-74.22844524449154,3
41.199372642156064,-73.39740202685134,2
40.90803360722315,-74.11843496814127,3
40.71642341694518,-73.36460503478229,2
40.25365731867745,-73.72104688325861,2
40.34001021792362,-73.83727664543261,3
40.605971353475866,-73.87694339843887,2
40.49947072924425,-73.86817094562431,2
40.647360043955096,-74.68068540277096,4
40.73262747371399,-74.10360918795277,1
40.89819246402486,-73.71019471008549,2
40.68812542767932,-74.02311401421593,4
40.88307557533917,-74.49781644638125,3
40.73536604518355,-74.02434155770212,3
40.021386701776144,-73.40956306931058,2
40.38403261216344,-73.56958789956285,2
40.66236935549744,-74.02770140327812,4
40.28940684000561,-73.67299275302967,3
40.922775055498676,-74.13427745712882,3
41.248562791320296,-74.60235505538935,1
41.13936664809406,-74.32956309584534,1
40.63809499517443,-73.45898893102213,4
41.234554147897484,-74.10189757864026,2
40.76483361002074,-74.09118439278126,3
40.59481991010869,-74.11094336869621,1
40.49810906776067,-73.33955219364945,3
40.606935609729156,-73.43691437962327,4
40.57693811351057,-73.22942691829316,3
40.77244567783142,-74.06166582364001,2
40.769000893367455,-73.90253142893852,3
40.7138661070537,-74.53682489229728,3
40.86572835941122,-73.4890729508586,2
41.12952619617522,-74.41472284294377,4
41.04514394740446,-73.93012855268309,3
40.193085711042535,-74.3900558846715,4
39.81892760278432,-74.21210338935855,3
41.03981196893375,-74.2990418508674,2
40.234392455554605,-74.21875634123654,2
40.634132109337564,-74.19469294610214,2
40.30326044087923,-74.19789407822378,4
40.082106846847,-73.7143331308769,3
40.90231195487168,-74.39270197757189,3
40.978504306105926,-73.92881050054514,2
40.51102135974565,-73.57971429669306,2
39.805935197749285,-74.1856187275797,3
40.52161444311163,-74.25727161176167,2
40.84993140189089,-74.08668361881308,2
40.19518095092906,-73.59309617707375,3
40.7769759719227,-73.93806232916633,1
40.707441552789454,-74.19192500311266,2
40.91555202486038,-73.83664317208418,2
40.75465312894495,-74.39180225244274,2
40.37222587069146,-73.76752417134497,4
41.13160002558257,-73.86298744230439,2
40.657314649440565,-74.11373296489862,2
40.70324341117153,-74.29950502945653,2
40.38615621432438,-74.31633832279921,3
40.55765121208297,-73.81881393227893,2
40.40311905009059,-73.57585682412883,3
40.652268879026806,-74.22905771146007,1
41.31189796804982,-73.84556465375698,1
40.23263459997403,-74.73645945651073,2
40.14805351074314,-74.21061620573002,3
41.22770961462277,-74.01687062650481,4
40.63953671299685,-74.32438919594364,1
40.47862454146903,-74.33377723117636,3
41.07676664058863,-74.23972284476412,4
40.5008345610921,-73.90373254508577,2
41.35190339974143,-74.07156515644223,3
40.950074054968745,-74.78938093166374,2
40.542031007149006,-74.74824505342227,4
41.46785787464293,-74.21840281225,3
40.50079977694883,-73.84580969488125,4
40.97253338020326,-74.96762669495384,3
40.81755240314227,-74.18090556165308,2
41.168409451289584,-74.19018674978109,4
41.2593289188544,-73.52008177762704,2
40.72400145217302,-74.1407576340995,2
40.449103745378835,-73.87195385534068,3
40.87379025002869,-73.95656000096939,3
40.47559962058676,-74.75169826793253,4
41.41748553663432,-73.73712747417889,2
40.76058736587896,-73.9306112230903,3
40.584937457040766,-73.82810597611389,3
40.77743810705272,-72.63181680274728,1
40.241305798664605,-74.7354395288245,2
40.372735086521274,-73.40235617258361,2
41.13294486778055,-74.10660663179013,2
40.482887002360016,-73.90543488345895,4
40.34638115606132,-74.02192928585544,3
40.90062846338455,-74.15448271668932,3
41.12779645413205,-74.20544152488357,4
40.96443365873277,-73.89067194254945,2
41.06141669003204,-74.5370107938351,3
40.44792171900069,-73.74329729136738,2
40.21516626664036,-74.15166804170984,4
41.238266778184425,-74.40152426866412,2
40.59986205640526,-74.16350450029853,4
40.625008444240734,-73.5659977740981,2
41.17766794964717,-74.19336728045567,2
40.90748050329023,-73.88054123362663,3
40.87236072022856,-74.26183469650042,2
41.47055082071538,-73.74072735252673,3
40.487568619366954,-73.76607229142343,2
41.03754404482844,-73.35898690834625,3
40.732754593713985,-74.06744738092472,2
40.80680729760214,-73.77197081833474,1
41.24776394924439,-73.97167636116137,2
40.89054251470137,-73.55244487634795,2
40.90120362766737,-74.25759133566305,2
41.088177568058434,-73.74524814049295,2
40.585066544659995,-74.07414405364084,2
40.41907661643135,-74.02846586198797,1
40.34711678209264,-73.97388663044308,3
40.0245751937184,-73.91771586125067,4
41.43247249547911,-74.04668016509268,2
40.32667707199741,-73.93085038589031,3
40.63536123174498,-73.45365867985323,3
40.61591534503888,-73.66109261003467,2
40.820392344233184,-73.70179589262608,3
40.998308024388756,-74.16543883410836,2
41.01396572092591,-74.31723428987992,3
40.50872289650087,-73.67164480461679,1
40.65430740017476,-73.69938362261458,3
40.81170298267091,-73.49056526348716,3
40.62575810583576,-74.21739321908923,1
41.275370951607,-74.08634202937613,2
40.88464123307339,-74.5798194568839,4
40.970007225117435,-74.14336488712131,2
40.9448084440336,-73.6572003212972,3
41.123515850119865,-74.16927338272987,4
40.7761575455463,-73.78183207167972,3
40.25890881821545,-74.07267608709924,3
40.852690783113424,-73.89258004012245,3
40.48482508717286,-74.40769198643548,4
40.527784161387586,-73.97617669262813,2
40.918027406564285,-75.05289758981526,2
41.146199075001775,-74.0714136553567,2
40.720245051857624,-74.5766656353003,4
40.82089155440964,-73.58390191920861,3
41.30857523062233,-73.73390742653243,1
40.797063612821,-73.84266515631187,4
41.62338908996314,-73.47364782049422,2
40.91072837597104,-74.3381207822887,1
40.09653303429547,-73.39442288072955,3
40.97646956738659,-73.67973295250887,2
40.84620543470897,-74.08879435052663,4
41.16421346392896,-73.60853294848597,2
40.94841347294449,-74.39320272934407,3
40.66434040560568,-74.29457995653469,3
40.284295617298724,-74.21900640313389,1
40.63964185994989,-74.1911421978224,4
40.41511784102675,-74.37579517496609,3
40.50961679256835,-73.57792092651664,2
40.918802441547214,-74.09659904012945,2
41.29726657652299,-73.8826232610751,4
40.85093503543804,-74.20562297824479,2
40.294240928287685,-74.64321115519198,2
40.86841093387705,-73.911479924563,2
41.13162102032598,-74.67528924139692,2
40.49937598348822,-74.03002191612991,3
40.66589399166448,-74.48491026359149,2
40.71794086815522,-73.31045340026921,2
40.43808559042122,-73.68702304723885,2
40.93969815184535,-73.96898617305499,2
40.67046814798728,-73.56370266282087,4
40.85963635536746,-74.30221059211301,2
40.402177737769264,-73.81578221746547,4
40.559689594886805,-73.93606634819845,2
40.96563347523972,-73.91359297153322,2
40.582308396767885,-73.56067627496263,4
41.317237347931695,-73.74962776402707,2
40.57292733503489,-73.90494671801125,3
40.79143965401316,-74.58521060267991,4
41.039206791155586,-74.34201620334781,1
40.21637199347344,-74.0489481267585,1
40.09651691580673,-73.97331966900317,3
40.17882028990047,-74.40157130363588,2
41.154704436199516,-73.16191316354755,2
40.519649648937644,-73.47526208066125,1
41.60816974998389,-73.79525858786263,1
40.515313340469916,-73.98078709855069,3
40.777392956118966,-74.0802731394654,2
41.25253848339876,-74.33917146100778,2
41.41493251085569,-73.9788818185184,3
41.43432625182274,-73.91578661095004,2
41.1357281807076,-74.44061620141856,1
41.07122188403401,-73.88903825396429,3
40.92018443222042,-74.06034066708867,1
34.19072959704841,-118.45438055467731,2
34.14444278418417,-118.46533098885024,4
34.50163352788184,-118.54141463853318,2
33.20296277531268,-118.43305240302402,3
33.21677454543151,-117.9792169564395,1
33.878642639796446,-118.32136089495229,3
34.436255065640296,-118.71612057428344,4
33.50422318893804,-117.62484074742908,2
32.999528681107186,-118.1317121830992,2
34.252112792176725,-118.73613019017961,3
34.13748002829595,-118.3983471245343,3
33.6706270576202,-118.20488976601006,3
33.70726113974767,-117.64709276734592,2
33.712789698127864,-118.6315393603906,2
34.090887361115875,-117.90208574822542,4
33.83298965333595,-117.75387975055969,4
34.22512237164143,-118.4637290067761,2
33.053080667983465,-118.34082976660109,3
33.75230184720527,-118.60640823658082,2
33.658081113681135,-118.3149113993781,2
33.962480762569626,-118.25650649102003,2
33.86388328452845,-118.01282250067118,2
34.33144532296352,-117.86213578514285,3
33.40143212991898,-118.50553362261758,1
34.06812201671576,-118.9322637724791,2
34.2476177481241,-118.25113567274668,3
34.702026602796685,-118.14096186451098,3
33.883581910117286,-118.15640380931023,3
34.16576051152338,-118.35803563662817,4
33.420848022603174,-118.20003676511763,1
33.21501532849044,-117.71329431707672,3
34.347871031523596,-118.11009304086312,3
34.05025389722317,-118.37437894875109,3
34.464679441429446,-118.4187692359836,2
33.571508988860586,-118.30314832518721,2
34.23416574883506,-117.67084101335928,4
34.706286244190345,-118.30785524833418,2
34.19909696292504,-118.25062802058225,4
34.14900352695687,-118.4125097498277,3
34.05519462828852,-117.85905582489532,3
33.50239149000593,-117.55775696083937,3
34.526650527498624,-118.08598543269902,3
33.838399826068226,-118.2147294836751,2
34.228769139734055,-118.23082600838902,3
33.505137992700064,-119.07820737607501,3
33.639389117422276,-117.98289719750032,2
34.55448058972778,-118.19674175440146,2
33.930644198864755,-118.09378028226875,1
34.560846416614886,-118.49271176792931,4
34.02481926932952,-118.37825990764199,1
33.40753577946475,-118.38755872777611,3
34.3644236599061,-117.88613195557444,2
33.84573768878553,-118.37626594281109,2
34.29674108473096,-117.51476888726158,3
34.06102380363903,-118.09289815334473,1
33.51210862022,-118.69018893099852,3
34.1097031678797,-118.28869120263819,3
34.82087809975348,-118.47178629275474,3
34.22474526048006,-119.01173386443702,2
34.032068786448086,-117.68388517096018,4
34.428570190684916,-117.997600110223,3
34.12593396282109,-118.05707743873525,4
34.125536980591974,-118.1858087188951,2
33.67013118974431,-118.72740614904235,3
34.13404680902636,-118.41296599884441,4
34.41460519574593,-117.9490767288256,4
33.75957824676499,-118.61162701042387,2
34.55077353743643,-119.12981926068778,2
34.02010289154921,-118.32318710272332,2
33.74148067096151,-118.29331514390964,2
34.40137122692209,-118.19625280425485,2
33.95182201749161,-117.98871847476991,2
34.31803021062014,-118.02053796571909,4
33.95008447870951,-118.15313056816463,1
34.031260849764536,-117.82526401416966,3
34.224946071517,-118.77533942328466,2
34.1540139701565,-118.06709636493292,2
33.35376387684189,-118.02441157283208,1
33.65976469096696,-118.67754680012808,2
34.377493494676784,-118.76970471303883,3
34.00595219388446,-118.50477974426646,4
33.86889404403,-118.47523950488035,2
33.57669909465989,-117.98000318777416,2
33.67429228755345,-118.45878857429189,2
33.34457047601332,-118.54342198139842,4
34.01675174845446,-118.4577718078431,3
33.84274684679663,-117.85217868304603,3
33.71389423815514,-118.23913481896807,3
34.028356801191215,-118.30643785887493,3
34.17958972079846,-118.28220192454538,1
34.78481927627348,-117.79147888298571,2
33.523040803152874,-118.50591010431114,4
34.45798336515518,-117.78327209817097,3
34.39278554635528,-118.17002629537748,3
33.779517541218155,-118.29984678369138,3
34.12333258410511,-117.36838482572301,2
33.892028362731836,-118.61317382142951,3
34.11719100314656,-118.36749001584846,3
34.580395854691595,-118.67505093370741,2
34.26416218142096,-117.91033831031234,3
34.2302129306317,-117.65248387322191,4
33.901591738015874,-117.65922702650838,2
33.532780167276485,-117.8153179363989,2
33.97923612631086,-118.3128671637286,2
34.474512854202366,-118.37153434212145,3
33.51769125019362,-118.82860942037293,2
33.68291872113816,-117.53114426268638,3
34.096393707681926,-118.07955767264804,4
33.707570825303456,-118.41588491670433,2
33.77481679350967,-117.77888008885456,4
33.90394049639514,-118.58416758086601,4
33.574233908533444,-118.10138228802207,2
33.71125735382427,-118.3041201970018,2
34.298399770875555,-118.0201630010419,4
33.594620576219164,-118.26595073871515,4
33.4929447529268,-118.75152476188893,1
33.831691257163136,-118.21724826956549,1
34.308384425878444,-117.87659755034363,2
33.98327736720109,-118.25392574204889,4
33.88959662265953,-117.97240970744383,2
34.06772557913046,-118.60963531998593,3
33.44120239849912,-118.25289127764445,3
34.22534697882126,-118.46227865928101,1
34.18640226099127,-117.98225670596335,3
33.9089420340665,-118.23267795320831,2
34.40427357912875,-118.00217421328219,4
33.65757636536644,-117.86300135084475,2
34.44696814763875,-118.00163349870752,3
34.106272782958335,-118.14810854799723,3
33.93440659354264,-118.593074290479,2
34.04524422762109,-118.24467513873341,1
34.01465733196617,-118.43028164070554,2
34.4792990137462,-118.36412238484648,2
33.67536230538514,-118.37478695276259,3
33.78531826629869,-118.5866739511738,3
34.414906012225366,-118.9287685061969,2
33.84376277268565,-118.47755006691472,3
34.36738657706606,-118.17601719182655,3
34.64700259405305,-118.71556196589962,3
33.91157174057043,-118.23821121723493,2
34.29067681430136,-117.57860605149116,2
33.64840770153105,-117.88563020566173,2
34.316356654323734,-117.66846047180782,3
34.12199839509537,-118.10680524307355,2
34.21776339875608,-117.83507156195475,2
33.82624977478761,-118.49708765566373,1
33.47082080455149,-118.4692190934577,3
34.22833822266232,-119.20239907214813,2
33.330008896632194,-117.8285490840852,2
33.941127327715115,-117.70458660706305,2
34.38161365324699,-118.43731203587154,2
34.11936420755556,-118.33258309723904,3
34.73411992567643,-118.50755173979184,2
34.41098820340362,-118.10977125698288,2
33.82333556408605,-117.84997360914387,3
34.061759682948,-118.85367019085837,2
34.035620254109446,-118.10039651427522,2
33.49843813282885,-118.3405351201017,4
33.723060379230475,-118.20401196281166,2
33.85593368255705,-118.083052099414,2
33.33952282400042,-118.30957085357049,1
34.068822713888075,-118.27995539869202,2
33.965024854371435,-118.31855630864413,3
33.46668713454095,-117.9040893293741,3
34.19367450284707,-118.09713401395538,3
34.30275546064183,-118.16649576179192,2
34.13166206760271,-118.68853310238231,2
33.93877613867686,-118.3762029101246,3
34.259204753113146,-117.9291657938813,4
34.29027712616684,-118.23050619940663,2
34.15979124940189,-118.0128639856438,2
33.76358571234783,-117.62542086988533,2
34.149010267928915,-117.88018787577691,1
34.47061822778892,-118.2110945818051,2
33.84337982948589,-118.42254620956851,2
34.78647876869635,-119.13744235861957,3
33.868229173105114,-118.3026347228655,3
34.06354245466905,-118.3578043735359,2
33.81683004139778,-118.10707183196162,1
34.13034479257209,-118.29756682944114,3
33.44242240757765,-118.35583477080289,2
33.861085370414145,-118.86648962567753,3
33.669957579878,-118.57268874020252,2
34.0995684217623,-118.07687213571981,3
34.40025658142812,-117.64313232910357,2
34.27830216549009,-118.27783388431098,1
33.22211922369939,-118.12896612424906,2
34.766924378524756,-117.91033264506652,2
34.1555479792173,-118.52751287767009,2
33.780425300827446,-118.1153150848501,3
34.10719477164683,-118.50287153721627,2
34.11386643787594,-117.94101144652815,1
33.81880294906695,-118.1907089332169,3
34.121470833569724,-118.1392418651065,3
33.83958469933289,-118.51760950909652,4
33.91067330255849,-117.99623867413622,3
33.812002302485716,-117.51405047756914,2
33.550765048591124,-118.59646909339988,3
34.103242764575384,-118.36261565267664,4
34.257054802780715,-118.16263738404118,3
34.23240925862673,-117.96845782580147,2
34.33917383842233,-118.43954119985132,2
34.1657190735052,-119.23526060154997,2
33.86574607562408,-117.7679836770426,3
34.346082352550916,-117.97752285814555,3
33.577068861055324,-118.85373163567034,3
33.73696501612063,-118.45634907712285,1
33.714729975001866,-117.69483614966543,3
34.43021962069876,-117.73697125353975,3
34.382175979949025,-117.91517599206237,2
34.22275683296575,-118.30533935188596,3
34.42737545282413,-118.21465440341562,2
33.7444510261558,-118.28952403179414,4
34.174208291951345,-117.84881607585591,3
34.00838895006589,-118.55024484227329,3
34.34860873635972,-118.52572987920948,3
34.01187151860673,-117.89010389460739,4
33.91746998905647,-118.25922650942906,2
34.241517981496344,-117.76123642559116,2
34.35885920851693,-118.47872927244319,3
33.81827918180362,-118.26287242611859,2
34.03082351502667,-118.56654454469539,2
33.68174577822542,-118.24112306150175,4
33.17787864387747,-118.76119142794958,3
34.122360870994804,-118.41437169733425,2
34.26531687468912,-118.74638885272485,2
34.14392338318035,-118.00082686838306,2
33.36985339878597,-117.99289373108412,2
33.929402699473236,-118.84929195566953,2
33.27577828398212,-117.7768399890748,3
34.53159538767896,-117.36960470575306,2
33.67208089625867,-118.22759776464228,2
34.491591263310966,-118.46808999107863,2
34.38325437528945,-117.25518429314894,4
33.736993376612375,-118.70533897440588,2
33.65572526705629,-118.23666273659582,1
34.17482957573522,-118.18083220457883,1
33.75668658698592,-117.77289833284166,3
34.08806962475537,-118.11779135870563,3
33.88321034321758,-118.41822186352596,2
33.42879455493703,-118.57661452963579,2
33.27153619330644,-118.36333763708615,1
34.13153948697311,-118.59612457633081,3
33.85565478878428,-118.22696113807537,3
33.858618564080054,-118.44116866295117,2
34.29575234368282,-118.76661322765142,2
34.462904796821356,-117.80439897406879,2
33.95680934752337,-118.41788538320017,2
33.93299045258155,-118.68754788174137,3
34.22725006158986,-118.30259069707064,2
33.577272550605144,-118.21976995191132,2
34.13030356916169,-118.85496335395267,2
34.24536009013775,-118.12762331650599,4
34.290280572946166,-118.61020514904159,4
33.374336554124135,-117.64483991678323,2
33.78572565556687,-118.06031382077315,2
33.74480786151179,-118.38366499653827,2
34.08716043404323,-118.50450871961108,2
34.22046060291879,-118.28043869764727,1
34.57604864260609,-118.02922324044586,3
33.87896208187117,-118.25262294500483,3
33.87804962559177,-118.3197055824979,4
34.45458520660756,-118.22327039821374,2
34.15600192848561,-118.45505062593294,3
34.49587802891579,-118.36382207439507,3
34.15325480105344,-118.97372735361675,2
33.64720918345036,-117.90289581920167,2
33.585605075827765,-118.13912077688738,2
33.50917071282937,-118.51440954541171,2
34.28391814216546,-117.57914275652567,2
34.468208888080454,-118.21324423186267,3
34.699476749485235,-118.60635025019133,2
34.347286866313134,-117.94384190248535,4
34.459193502137246,-118.10438312422177,2
33.84919428357121,-118.10559700508053,4
33.64745446413965,-118.39271446162806,2
34.34972776634614,-118.08602649667769,3
34.19838826328379,-118.33531540157739,2
34.08980553101931,-118.04912049192396,2
34.187780018221545,-118.91043055890373,4
34.16531491886037,-118.39555571204272,2
34.501535900948745,-117.64094571576713,3
34.505444954685935,-118.5121736093901,3
34.24267712331912,-118.45504340412262,2
34.348231005397025,-118.4004864684575,2
34.23212189334867,-118.66888214756104,3
33.890790593787884,-119.0165982716799,1
34.3169976362196,-118.32440523948327,3
33.56412672589926,-118.19614920157143,4
34.42106204330356,-118.26207677398853,1
33.63411697108189,-118.29440749668177,2
34.15223115037816,-118.22863569520237,3
33.756396114550846,-117.88570548495724,2
34.245886144076046,-118.31035616507523,2
34.04032617092523,-118.44462890198055,2
33.49403541464283,-118.34209391971083,3
34.19944487085647,-118.04092863408513,2
33.849927728108554,-117.74949059250987,2
34.360601352284675,-118.46355030870922,3
34.05266399105704,-118.2090731745399,2
34.19059734488581,-118.12527489532242,2
33.717050865744675,-118.5911023023551,4
33.84593371900042,-118.23655399147549,3
33.89167647736462,-118.75668585006974,3
34.35204586808489,-118.8628676063088,2
34.63928198073192,-118.11533875723771,3
33.770389886889994,-118.37805615946577,1
34.42909685063019,-118.17290185733258,2
33.292812903796005,-118.24996324195293,2
33.634233709617696,-118.58544001703234,2
33.71662754033463,-118.25953900568753,3
33.57882195869575,-118.6752854567552,2
33.497944063574344,-117.75685967469951,3
34.19674961924823,-118.71828962070099,3
33.97727630579525,-118.31222484483901,3
34.184991889161786,-118.60849505581655,2
34.293865440142525,-118.04405258932373,3
34.14516594761039,-118.35970097994853,2
34.28241711165263,-118.42523335186743,1
34.02786369981521,-117.94507945923196,4
33.63675231409299,-118.23339929291286,2
34.42243496328728,-118.06287444392241,1
33.846010753526606,-118.58716407778111,4
33.72474129543315,-118.73538593037463,2
33.98992874346846,-118.20617721328595,3
33.73271617824622,-118.35529622442316,2
33.9060993663037,-118.02444786464112,2
34.17261887254721,-118.27166795843189,2
34.17411960873614,-118.17192363126789,2
33.73795947675103,-118.81188388547945,2
33.881503119467936,-117.58274707113502,3
34.428216551669585,-118.30118469476122,3
34.225940041206876,-117.99954456038128,4
34.77847276377199,-118.53633208457687,1
34.465244860809534,-118.13589653422393,3
34.45270257399598,-118.69969566723367,3
33.56644600734047,-118.08547625660911,4
34.3195511230717,-118.36829092953505,1
34.03361261940608,-118.23348332362255,3
33.85935636876161,-117.99940908945447,4
34.11100536918639,-118.6750891089271,2
34.38302403711402,-118.48327210571448,4
34.22749105685147,-118.08363650161964,1
33.744734169530275,-117.50932248390865,3
34.31206061975742,-118.29202881713152,4
33.829044360273414,-118.03680235872663,3
34.1280390916375,-118.28114001445047,2
33.946027476383,-117.5639140418353,1
33.97559681189253,-118.85522758343784,4
34.320385041264174,-118.21058263436574,2
33.68813219806444,-118.81264041174673,1
34.733018275996926,-119.12100004968785,3
33.41481987574693,-118.13958828140876,2
33.8430163108608,-118.19487577134839,2
34.18177416147961,-118.34339292820978,2
34.25670995825236,-118.28086793151392,1
34.0170334977999,-117.15929519807506,3
34.03211325394946,-118.334061298311,3
34.195892529864665,-118.06515647356248,3
33.97132568288981,-118.47097768686486,3
34.539813440277214,-118.14036859873579,4
34.34597218998106,-118.32708178626947,3
34.35768852285197,-118.38738146895541,1
33.714045146820354,-117.60708551372988,3
34.024414051458,-117.83168526288549,2
33.947036917947756,-118.19583867341028,3
33.70023951850869,-119.05017417758039,3
34.17825746438102,-118.3700532281384,2
33.86402398477706,-117.29764035245823,4
34.281591340447584,-118.3244315833239,2
33.67763295298698,-117.85757384978122,3
34.65386421449464,-117.7390201593166,1
33.73848356949278,-118.16706262945041,4
34.12895581802015,-118.53833757115386,2
34.329350758635826,-119.09605931612401,1
33.85247584942996,-118.00424287698686,2
34.350564025201535,-118.52886460098824,2
33.62198574076985,-118.18204734183931,2
34.560441194713896,-118.68113711885628,3
34.05715224273801,-118.33653313916457,2
33.84345600721089,-118.23189833078463,1
33.9474863796504,-118.1496922466345,2
34.33532174428745,-118.63388776557335,3
33.847640647852344,-117.82478116793354,3
33.789924808702025,-118.4526131746562,3
33.97466219084569,-118.82976431115864,3
33.64026326053051,-118.28185819698722,2
34.68939036777964,-118.23166864184074,1
33.853961893074846,-118.18749369838989,2
34.34326587516314,-117.76695365871022,3
34.12551452927672,-118.32645709285755,4
33.707613082331314,-118.28556686852907,2
34.050115851775544,-118.62981453343158,1
34.32660097275876,-117.95650627398923,2
33.98630853271979,-118.17919182757267,2
34.46978953104786,-118.39070970455296,3
34.40973038747365,-118.91033614271292,1
34.373820199130414,-117.73815573173073,4
33.891320129704454,-118.67338798755962,2
33.674255143276476,-118.4506473032794,4
33.83744433812302,-118.1182794211234,3
34.12088432923335,-118.66249527501584,3
34.24322534973632,-118.7664284223886,3
33.29215000833384,-118.98708165394524,3
34.04936037943589,-117.99135106648303,3
34.10753122886312,-118.43451518565422,3
33.95505951028956,-117.21915546763434,3
34.50414584365556,-118.59172427297081,4
34.199823025987804,-118.56620785820013,3
34.51076716782831,-118.4415875395999,3
33.97661381787742,-118.15860287070153,4
34.38031712237742,-118.40827116857486,2
34.62447323808463,-118.02938372509912,1
34.51129270724543,-118.58620593649603,2
33.66995044229994,-118.72725710146226,3
33.96341337286017,-118.87307515879318,3
33.93139235309257,-119.02195095877802,2
34.22343908727672,-118.42502415681628,3
34.29242374425509,-118.34904310933763,3
33.758587564090995,-118.46470295961912,1
34.07594347987093,-117.8085079709845,3
33.34522543374535,-117.81388942663716,3
34.55688075203066,-118.36088104560558,2
33.87286901576316,-118.87157238961719,3
34.071752378945575,-118.44204678781928,3
33.94382260010418,-118.45363748787098,2
34.45330965125469,-118.47369723679732,2
33.05907274551092,-118.4879016163644,4
34.04638638018593,-118.47241201350369,2
34.0151634348758,-118.37898956556423,2
33.89342726434291,-118.46613938458545,2
34.656379290972474,-118.17078712198105,3
33.74163468940048,-118.1175709494333,3
34.32232866203248,-118.56242578051388,3
34.176888476047125,-117.79882713589754,1
34.49373173838743,-118.58672180564422,4
33.81868382032787,-118.80993021483538,2
33.79566088530668,-118.11042767502224,2
34.43582446761709,-118.52979284704502,2
34.20106245791554,-118.13124798523492,2
33.511471928663134,-119.08498401038518,4
33.863443244937855,-117.75634042048092,4
34.18743392884682,-118.00839730718586,2
34.345417477541304,-118.76886679220705,4
33.814469271382464,-118.7612719933462,3
33.03221040356407,-117.65840693356587,4
34.23532811500796,-118.50178296622428,2
33.625087758519605,-118.53566469705642,3
33.34613142065716,-119.03681823295226,2
33.06088592625555,-118.36647237196055,3
34.33709330106921,-118.32340186519252,1
34.097216107641735,-117.99327741613068,3
33.97322026675071,-118.73337744986458,2
34.53835852703696,-118.77580037728421,2
34.275263639058075,-118.08586307782824,3
34.61790501495267,-117.89134447507053,4
33.56474258474155,-118.79360332289126,3
34.04010728161611,-117.8651700697951,4
33.486350318768196,-118.23056035547961,2
33.97191618385059,-117.86156813132388,3
33.96518445118166,-118.26827712653117,2
34.27151477304207,-119.12649727112078,1
34.06814735839966,-118.29688858381061,3
34.27039249839797,-117.87264966346505,3
34.29840404659861,-118.55651110667931,3
34.8064250370841,-118.37948773911761,3
33.94184617064985,-118.30534672624285,3
33.722842054766765,-119.25852985795397,1
34.138329265360746,-117.65872834859688,2
33.77140199050116,-118.55918148796401,3
34.57088626895278,-118.06669259863452,2
33.953073686369166,-118.27404539765188,1
33.8542482712441,-117.80353333027423,2
33.88723949759711,-118.10158035715017,3
34.303646098215076,-118.32592349503234,2
33.99698855586898,-118.55643028238175,3
33.827616612954365,-117.96445225451626,3
34.63507317116824,-118.89940445638412,2
33.752540555768384,-118.01763835290345,3
34.064648125911546,-118.6283656630442,3
34.28050715306358,-117.80540071831518,3
33.481232711354025,-118.18724516006806,3
34.22029117549207,-118.01825668125247,1
33.682912313581845,-118.21500391516135,3
34.3401739732919,-118.85703198329935,2
33.71527214582836,-118.54495520718837,4
34.2946691611471,-118.00836373183601,3
34.43924157320315,-118.18537046392406,3
34.35370278397148,-117.83035353314303,2
34.14016082688333,-118.10255390293699,2
33.9712446699746,-118.58204566174594,2
33.8504531482828,-118.52232244820223,2
34.56706214178598,-118.20767891331687,2
33.807376672941324,-119.05361542310004,3
33.6892268742505,-117.65799534003196,2
34.28507912726149,-118.08908864226785,4
33.77355211888472,-117.8142378910329,2
33.71967777588686,-118.79691137928322,4
33.54693850824058,-117.80810219387567,4
33.883181556188816,-117.46267538114029,3
34.02324974163623,-118.70600742438207,3
34.13728210468124,-117.97370937178368,2
34.385157185504816,-118.24331151935945,3
34.236614273283024,-118.78425184688689,2
33.98539472315639,-118.07119060985185,2
33.982831513267094,-117.95193887830693,3
34.23075511412031,-118.4540942934341,2
34.497599557025,-117.83562921791068,3
34.09640996981912,-118.82706719237622,2
33.888004201026355,-118.76686465125738,2
33.70469689962006,-118.19589091154394,1
33.54637815745572,-118.23481515270971,1
34.285394385215234,-118.49450072094844,2
34.25449248327384,-117.96034194740984,1
34.25427723378733,-118.05788699002443,2
34.00716919377678,-117.9433513251731,3
34.54462716106211,-118.2867977523733,1
33.882758526895316,-118.03279690620758,3
34.38654423302252,-118.39967760606051,2
34.03863998675366,-117.5248634584697,4
33.83927723236223,-118.5280910195427,2
34.25958560756121,-117.5068458996896,2
34.1955726415394,-118.23148921851872,3
34.17714046574342,-118.72512881134907,2
34.08064744771967,-117.764872227329,3
34.03893742139911,-118.19963451406177,2
34.88813019750465,-117.94580656556693,4
34.46668982581866,-117.8153504285101,2
34.305189413244925,-118.12541555604925,2
34.09132970537119,-118.45098429568449,3
34.40470502020883,-117.90220031781577,2
34.233498171737004,-118.2434355723909,3
34.061371663470915,-118.00364976348706,2
33.945952486156926,-118.99750570082702,3
34.02387893181806,-118.08725639904655,2
32.942550992442676,-118.46720503880077,3
34.125910293754174,-117.66504162698752,3
33.88123337196137,-118.02561942823883,2
34.60963449939901,-118.15974978895275,2
34.058970424784114,-118.07349150232743,2
33.636062803162766,-118.59315429850686,4
34.034741946055156,-117.67556015831518,2
33.68605762022812,-117.5467203535541,2
34.217892595499364,-118.10618027130813,1
34.15403157751882,-117.68705875099923,2
34.38744387088789,-118.44290186953539,3
33.7753913729069,-118.52268974817875,4
34.06410283367985,-118.22937633794488,3
33.574442371600675,-118.09147063657124,3
34.297723173673646,-118.38159533843509,3
34.23380491315404,-118.05548113337103,1
34.22573175735965,-118.13646368127431,2
34.05276666097493,-118.59310737135188,3
34.19737051177608,-118.06212244389191,4
34.613718687908005,-117.94146511511747,4
33.9524170100353,-118.18368573884337,2
34.10072581429853,-117.84027316385841,2
33.672055795286504,-118.66979132772394,2
33.74830866344058,-118.07991735225386,4
34.08643465258265,-118.65329824723888,4
34.43857674134566,-118.63362847538158,3
33.96250171151195,-118.46452579180823,2
33.969629214740756,-118.573421064251,3
33.90979016442347,-118.43549853655941,2
33.86503516520449,-118.31865260874892,2
34.155440009498086,-117.95069592978402,3
33.528159824187476,-118.356105663547,1
34.50052885183335,-118.79866899736936,2
33.819302195654686,-117.8446762537267,4
34.304866219903346,-118.53668154676527,3
33.607700490912144,-118.26425214948662,2
34.28629404569118,-118.08741222257075,3
34.28738061273507,-118.17383635355903,2
34.18667072520206,-117.86073715836748,3
33.70415001737007,-118.07604889981253,3
34.13954186635932,-118.54515835289399,3
33.638130335342964,-117.48120323910292,3
33.963732860716334,-118.17568328783162,2
34.412494585334365,-118.29526907931753,2
34.33104567447476,-117.90632610193056,2
34.05751402988915,-118.15639216892448,2
33.71101769842701,-118.10397013247123,3
34.278155699260964,-117.37143560048976,2
34.05898343319431,-118.33999249988928,2
33.24008954061935,-118.3549163129061,2
34.32612043921078,-118.20289752079564,4
34.04371850814561,-117.86866942254665,2
34.47305793679408,-118.77098691056665,3
33.668855318405015,-118.93164456201679,2
32.9403536653814,-118.44919034471705,1
34.14987935042081,-118.81557303567075,2
34.15424728683869,-118.39239097163397,3
33.46046493033774,-118.06782510635475,3
33.70972515894669,-118.5554621022433,4
35.01652621030196,-118.74308930187347,2
33.94523628504617,-118.21943199339964,1
34.30803564173168,-117.94180978038469,4
33.824469060421066,-118.83694070348082,2
33.320593985401395,-117.95661866059291,3
33.99260961362143,-117.95764282869159,3
33.95923840389986,-117.90977021424519,2
33.91224261646607,-117.81723192479491,3
34.01207570757276,-117.47299512636914,2
34.144693895075974,-118.36833221701667,2
33.99965906706117,-118.20534994697276,2
33.60979784121842,-118.38945345163681,3
34.22236467704668,-118.24300810433547,2
33.36991988563715,-117.7071943255273,3
33.33457488995053,-118.71445506937573,4
34.31091317314555,-118.54506738525795,3
34.229657095247376,-117.7616866722234,3
34.032111622224086,-117.88668722258427,2
33.56379302333573,-118.37079607638599,2
33.804431170764076,-117.94465929960775,2
33.960238638309725,-118.12427445512779,3
33.49363711099906,-117.71860388684966,4
33.79353996969187,-118.21762164216064,4
34.28051561836184,-117.8847287601446,4
34.55175687750123,-117.31899583132758,4
33.905397836569506,-118.0343652957334,2
34.31697092401063,-118.2264351419718,3
33.38227897529438,-117.99084355517266,4
34.283007934389765,-118.37154830037136,2
33.77081805484538,-117.40791130306634,4
34.15977096584779,-118.18067513680641,2
33.965486653616104,-118.33922666207893,3
34.514344903424345,-118.53619115175702,3
33.74614752308103,-117.85967293293776,4
34.27186220414664,-117.9401844055103,2
33.95437238784621,-118.41777402999493,3
33.99679308269662,-118.04194202920715,3
33.98785113739427,-118.77169458887451,2
33.75621441342706,-118.1789602987244,3
34.047265361932666,-118.08523527677316,3
34.03027312225736,-117.64613456665428,3
34.13663408694235,-118.51348658095505,2
34.0817768009925,-118.69112342008081,2
34.331498092364285,-118.55709978632377,3
34.37542801561658,-118.71149897511023,2
33.684481837360266,-117.77586992478436,2
34.35627037520677,-117.70167624674158,4
33.63698225051155,-118.13162419771791,3
34.2579495608482,-117.8162467690102,3
34.269108574646005,-118.19681456679692,2
33.38323908791812,-118.27698907669527,2
34.08474273628529,-118.36026316666882,2
33.88822636032389,-118.35233684698215,2
33.786632159722615,-118.78543054470816,3
34.524998315744654,-118.15121083273743,3
33.8234123007769,-118.25781686857492,2
33.76996807480868,-117.98282374657275,2
34.07869322900178,-118.2109667762465,2
34.292156411204445,-118.30064629554919,2
34.002622994896456,-118.54861756050268,2
34.460429690984235,-118.21844636711239,4
34.23804148168743,-117.98531696921435,3
33.289826038094,-118.64386864687935,3
33.86688656277255,-118.21308418621174,2
33.855555265226904,-118.16213496696469,4
34.219976333700295,-118.4950226742664,3
33.13351403026906,-118.4494497067178,3
34.9443533980512,-118.16298620293183,2
34.23805913321297,-118.64039735640242,4
34.104306881371194,-118.12122669966271,3
34.4657487007467,-118.55707403078073,4
34.87247891848442,-117.87170120743838,2
34.35696132560594,-117.4254602891141,2
34.384284583765066,-118.54496488059564,2
34.097941508562535,-118.05672724816887,2
34.00266598632157,-118.49805966670871,4
33.885671594598286,-117.87936603917078,1
33.76306080289991,-118.68654044317982,1
33.81174506510518,-118.07549463455031,2
33.57950541247995,-118.54924613841128,2
34.02564499226024,-118.31614460618444,2
33.462566347970764,-118.60455884630156,3
34.119020783450296,-117.95587733518649,3
34.03948428718518,-118.53664312405385,1
34.10362735443534,-118.05051250923387,2
33.869453950493,-118.36413430989182,2
35.129101129563175,-118.28376533012961,2
34.52824056506311,-118.19198543240996,3
33.61661012497034,-118.5103386350806,3
34.133703830599416,-118.1700715102607,3
33.83939784997194,-117.70808290247597,3
33.69713209565241,-118.51603317504146,1
33.58317477510662,-117.83356644985416,4
34.20347584176574,-117.71936582827928,3
33.81371691772565,-118.52935424615983,4
34.39093910840882,-118.7529691117817,1
34.40002377508565,-118.13801368493989,4
34.53307003482401,-118.43529263296841,3
33.753864631874066,-117.58968887329296,3
34.218577963742206,-118.23151736082507,1
34.273558975824805,-118.52446979281231,3
33.88623763871361,-118.6452058288541,4
33.78207981491249,-117.86223326431822,3
34.61553223302159,-118.44361439092947,3
34.13182355650622,-118.22835992018885,4
34.27478871274911,-117.90916903921064,2
33.76447339586022,-118.41319042317579,3
33.62545043671723,-118.25977509005907,2
33.85289257892776,-118.24949894343789,4
34.0087925144135,-118.00453642096937,1
33.67972299761393,-118.03693948257138,3
34.048754316972364,-118.3207398059392,3
33.46122318417602,-118.22142282847622,3
33.660183402135544,-118.37382265403322,3
34.28701893689691,-118.76086434242181,4
34.263526682097265,-118.15353969991065,4
33.9150431321146,-117.58143288370843,1
33.69598249182307,-118.55300169924188,2
33.692608756965896,-118.51426039836095,1
33.92155611392054,-118.54845472007531,2
34.27778147207585,-117.99009287744691,3
34.37708599197051,-118.08673009103126,4
33.87841389258131,-118.29918819234577,3
33.64847765090533,-118.56500667157364,2
34.14594527325322,-118.21136812292603,1
33.763962760280954,-118.79131774456754,3
33.87081157639858,-118.19350070159989,3
34.51604663165296,-117.93866646486923,2
34.341690399998015,-118.68161969782179,4
34.107491009288005,-118.78008139689038,4
33.607028349610545,-117.6908967379068,2
34.12618879861473,-118.4578158738266,4
34.424130051775634,-117.84611825391967,2
33.92072821698206,-118.29759918281924,3
34.52508993149535,-118.30038418592947,2
34.50466085133137,-118.09025555517618,2
34.634506491250214,-118.55309959986126,4
34.159035094285976,-118.19732599977652,2
34.257787094932105,-118.37722129518843,3
34.54716555091588,-118.70587270519177,2
34.20878787797414,-118.12558127384577,1
33.87676806227343,-118.33585773240728,2
33.89521000721525,-118.29865868995566,2
34.13569423382081,-118.66725633019496,3
33.60050350231882,-117.68670987128303,2
34.00205937962253,-117.93685003476486,3
34.43599149138059,-117.9062454405398,3
33.285261152092154,-118.35060564585459,3
34.58926873562808,-118.8489140113262,2
34.44503097654611,-117.56017891612868,4
33.89128238445933,-118.26508412780206,2
34.24238678975513,-118.50577992860703,2
34.053301704417215,-118.09781944893092,2
34.48269662895354,-117.83520772419885,2
34.39613909996948,-118.25176769462992,1
33.56217524688594,-117.79619869122122,3
34.25774184471246,-117.8646500215191,2
33.98023025122486,-118.62043341559072,2
34.08119139968134,-118.47952653698083,3
33.79733983466056,-117.90856199285209,2
34.66404797419229,-119.19311439733366,2
34.4162216369659,-118.29600949260775,2
33.79328009260946,-118.74449092056864,3
33.58508628758142,-118.41049383050174,2
33.91721457915775,-118.34828703116023,2
34.204275926131956,-118.36908553226763,3
34.136272045381176,-118.43699143823942,3
34.490796488668884,-118.6277002773701,3
34.3286719027633,-117.44153105661347,3
34.391549159013515,-117.59008829854353,1
34.166599390213655,-118.65042303708971,2
33.565945444426156,-117.68995913704376,2
33.98370551409858,-118.3835129216655,2
34.42323140896803,-118.19848438433391,2
34.034166975016376,-118.26584588596393,2
34.22828162901831,-118.4746120244389,3
33.94063808966385,-117.89935167973785,3
33.69176585301035,-118.19963971429817,2
34.00902957758386,-118.41049299812674,3
34.16036660506143,-118.70030630533017,2
33.82270929818849,-118.5564582548017,2
33.96970106430017,-118.81818304046074,3
33.72338786530491,-118.23942175805469,1
34.44393572114743,-118.66253295729955,1
33.949140484844186,-118.33664617938149,2
34.56066444079416,-117.76416435123637,4
34.58726174768932,-117.82394514947745,3
34.02383391234739,-118.25499691293592,1
33.699242943608425,-118.2741796541501,3
33.32213574279333,-117.58574390770265,3
33.53698702444062,-118.06143535787446,3
33.571357811285466,-118.35843226095679,3
34.53466436961153,-118.74280634099216,2
34.09273860552943,-118.10584437364234,2
34.1885615834322,-117.953436679596,3
33.2750526468727,-118.46477803357978,3
33.63291174977396,-118.14177903570169,3
34.3626779217562,-118.37095065322026,3
34.152570939333906,-118.30811133971966,4
34.00067815246004,-119.11443772014682,4
34.24989482551004,-118.32132349130065,4
34.62472923214754,-117.90442074415718,3
33.97483513776203,-118.4646908944483,4
34.07647943093033,-118.22531577112464,1
34.11960892155596,-118.50828274734218,2
34.88943837234589,-118.11754541329753,2
33.31742530745334,-118.31948311913766,3
34.29132805517608,-118.5724345392387,3
34.01201921293433,-117.77730698631721,3
34.25057010416446,-117.91857379526373,2
33.82211960610184,-118.45541736737486,2
34.03506223919954,-118.06947409170378,3
34.301193702812924,-118.05560579901287,2
35.14171857036534,-118.01889456774609,2
34.33501266629072,-118.83668956359828,2
33.75537704068932,-117.89138771063858,2
33.90388411129205,-118.443094637024,3
33.89350506206565,-118.36893977670445,2
33.423724889579496,-117.32044138670894,3
33.9366684329045,-118.13804431674765,1
34.30869017863761,-118.37891286640651,3
33.60621875832312,-119.01555303046457,2
34.41916892786771,-117.75728255311878,3
34.22292118737952,-118.71452338478302,3
33.79521833731014,-118.59490361622483,2
34.002664626931754,-118.35967330468075,4
34.61161263267436,-117.7479558729049,3
34.30894173472705,-117.97306600466699,2
34.05527427921435,-118.2989431284441,2
33.96901083906366,-118.13579777772641,4
34.07901317465808,-118.4538349925049,3
33.873082754720194,-118.19482120865213,2
33.315537672998346,-118.21803213932766,2
34.76696226868715,-117.90463053651153,3
34.10656374971979,-117.90518765714637,3
34.19155154279289,-118.07080791622803,3
34.03193228754308,-118.37052164514114,2
33.79490911974639,-117.98406219696346,3
33.98712643166793,-118.27588896317107,2
33.49241183323199,-118.6223700290496,2
34.849180274318655,-118.38485072716884,3
33.62012080055216,-118.21411555567549,4
33.691011800653484,-117.92512447571734,2
33.89810927846476,-118.307934860255,2
34.50302650369833,-118.66691954893386,3
34.057278149741926,-118.22384041084612,3
33.61955247138934,-118.2039903859802,3
34.49121842626507,-118.17865682988403,3
34.30805021937492,-117.92174496941595,1
34.240652235025756,-117.88707686596854,4
34.302706984409795,-118.45167380533358,3
34.890226665203855,-118.45935021031714,4
34.81698321326264,-118.60776954883443,3
33.811849629948846,-117.99911451540184,4
34.6205597474839,-117.73661296208181,2
34.186308866415615,-118.35397867476813,2
34.22688353564821,-118.32820069765376,4
33.45990520892484,-117.73032610508537,2
33.99256498211413,-118.06675475137475,1
33.7677117433822,-118.09101750331963,3
34.34202058521266,-118.66052077709081,3
34.427078175140984,-118.00614517575221,2
33.32612977714429,-118.56889771917842,4
34.04448779759851,-118.64060706507723,3
34.444851526677986,-118.36507005186836,3
33.98686236319029,-118.44872745320704,3
34.30737227575083,-118.32125989303476,2
34.17510791366948,-118.74804357208373,2
34.17178108118342,-117.90811429273631,2
33.95723975767609,-117.84900979691925,3
33.6263967185525,-118.92526986594929,3
33.65966444840124,-117.90123976801671,3
34.30047338005936,-118.52738502043758,3
34.059010389431606,-117.94375856205603,3
34.00372071438747,-118.26765627243324,3
33.90383848518717,-118.23362855257166,2
33.94538390408174,-118.30848417729743,1
34.41861912807085,-117.81945477851828,4
33.93486457134619,-118.67755580438376,1
33.58282735034445,-118.03095588144275,2
34.31247812143906,-117.85823444228866,3
33.980493167647346,-117.99298097181087,2
34.063188552936474,-117.43005537998681,4
34.61485240723983,-118.42883136695364,2
34.04500380492732,-117.90864331209227,1
34.15341428559155,-118.2808317223695,2
33.63957677804559,-117.81200787327657,3
33.97531569167716,-118.24639114850248,2
34.26553411582301,-118.37945652365187,3
33.50781919315556,-117.78657472864494,4
34.1224957825905,-118.41574667865663,4
34.08747687542568,-118.7381540156152,2
34.0666506094556,-118.42459640911085,2
34.415205614530386,-118.02703846869402,3
34.16925348019698,-117.75648643694453,4
34.56952516442475,-118.20480471864623,4
33.70444366954209,-117.7823310264681,2
34.09977359852642,-118.71906122251715,3
34.081763375236484,-118.39884221268628,2
33.67796092718572,-118.34470129100394,1
34.38690325073197,-118.28379579961539,1
34.865835657048486,-118.21426696411244,2
34.04624787393066,-118.00188116491273,2
34.22895738089582,-118.39938239335967,1
34.08178146653536,-118.19503995956642,3
33.802445365532485,-118.25949301161342,2
33.41493390276929,-118.5677614663619,3
33.80517928091662,-118.28348334117851,2
33.565014566666896,-118.293980835464,2
34.64863572732069,-118.30147819775107,2
34.01191160712686,-118.23258419019649,2
33.93112823483349,-118.21721426078531,3
34.36340383867573,-118.39500331268756,2
33.65958711400044,-117.79824984311006,3
33.783797586698405,-118.65301822022106,2
34.07602529423701,-118.49603953796446,3
34.41226914699822,-117.27071273152175,3
34.22778976580908,-118.60699697424623,2
34.139113799880555,-118.71751413614842,2
34.0795412073326,-117.98663313924958,1
34.19228254943437,-118.97069194882086,3
34.122778516795236,-118.32604586849035,2
33.691709703828074,-117.49266127622323,3
34.0683277275716,-118.7844275727537,3
33.676408969378784,-118.93738757000855,4
34.08057889001529,-118.76841342068519,3
33.88397322047911,-117.92927415107856,3
34.940983567974,-117.85002814800497,2
34.0382369656869,-118.42310607894248,4
33.56071615180844,-118.00457565859963,3
34.00523692626307,-117.75711063537081,2
34.23397556097326,-117.61812875494957,3
34.63787738115338,-118.32991734841295,2
33.84589166002145,-119.0492151011845,3
33.498350209091726,-118.53100762284339,3
34.33809295400084,-118.39308146822735,2
33.56899045293512,-118.33432857880244,3
33.89954559547238,-118.30945079035305,2
33.96203283007115,-117.85208689072427,2
34.02782829134496,-117.79765005065936,2
34.29340755997602,-118.30378577887367,3
33.812928001199765,-117.85923029338187,2
33.956394761741635,-118.11851852167912,1
34.047205376467716,-118.2211229094981,3
34.10455928513157,-117.92640954501152,2
34.08643951114777,-118.21841178311674,2
34.2048020213279,-117.52346608801578,2
34.347543828374604,-118.7471439083781,2
34.189621940477835,-118.42400981468221,2
34.21095493322822,-118.28798161393388,1
33.498421891638735,-118.0898915583397,4
34.06977969470799,-117.79991382951393,3
34.22002764180056,-118.25223949853266,2
34.307329418099656,-118.74148037732718,2
33.80987722901817,-117.94882013624076,2
33.82153625378897,-117.97946443185032,3
33.85126476365074,-118.9233505307828,2
34.23994486496197,-118.24503144678478,2
34.414058369223476,-118.8002496407381,4
33.90958896244794,-118.47632788412572,2
34.369986809769465,-118.55968312443699,2
34.09541793320761,-117.9604573556153,4
34.008699977993146,-118.20280943903974,3
33.97821551956371,-118.69365685026462,2
34.313513977610754,-117.93567691296494,3
34.16615223587547,-118.74553203837495,1
34.848738899676675,-118.12816017333517,3
33.753921374950934,-118.52860373425204,2
34.23353559571049,-118.37168697888569,3
33.86697964656597,-118.06720523818657,4
33.747949554553976,-118.06119271032917,4
34.04839650203776,-117.77576082425541,4
34.10027336779246,-118.272488794885,3
35.073560744271035,-118.13644219796284,2
33.98774896451088,-118.39690806284152,2
33.65663744468036,-118.18000354108203,3
34.147753751123034,-118.08987988319703,4
33.32607598685877,-118.27810844660904,2
34.02001512608851,-118.87501266943238,4
34.057808848803305,-118.1276851862842,3
34.330310134030825,-118.1161034829256,4
34.392967787299746,-118.48176071672178,4
33.875950633382296,-118.69323546262538,2
33.999485094879525,-117.72714229732361,2
33.784057709286266,-118.07169407118697,2
33.65737810581731,-118.3238783608226,2
34.160663172783224,-118.64166150910162,3
33.60644505799119,-118.53133518994747,3
33.90708058479985,-117.78779336112483,4
33.70388911403526,-118.1955183206962,3
34.24458911520159,-118.43640547345025,1
34.68270053474327,-118.06530876907138,2
33.59664420601883,-118.52873936560621,1
33.40364353098585,-117.71840493940188,2
34.008489590127475,-117.77021981278615,3
34.05769422858521,-118.40700092492098,1
34.128730757365055,-118.4637345864608,2
33.89598781966798,-119.1600466195423,2
33.9819762454111,-118.76225327004298,3
34.18082864368921,-118.71251442123521,2
34.41635081242569,-118.19638338065442,2
33.3679329303886,-118.35788179655448,2
33.92307119633899,-118.71456742059534,4
34.12703307787937,-118.3421074148626,2
33.73090836338624,-118.06683199832344,3
34.658109371118556,-118.05895622752955,3
33.82980654191994,-118.9085845983006,3
34.03774755954745,-118.28859221816934,4
34.2468077338948,-118.72786927194007,2
33.84525032391934,-117.9280949560009,2
33.40589943326845,-117.96924875427628,1
33.90217091557921,-118.55800952921356,3
34.41250419457446,-118.51181582084014,2
33.9342867056252,-118.4051434676744,2
33.755947994489354,-119.03217768815597,3
34.37618527332595,-118.1261111392958,3
33.93642878639193,-118.33919559121905,1
33.87364371522242,-117.90413872110125,3
34.10450963138216,-118.6281432262869,3
34.32196257336658,-118.46039303188748,2
34.88579973610639,-118.77098384031369,2
34.341732637680096,-118.59520169722299,3
34.45814398823592,-118.65739369862388,3
33.87511183035425,-117.89510921240375,2
33.69314616291068,-118.48809164706299,2
34.074015972366695,-118.20023851033939,3
34.08970947034086,-118.37696719135164,4
33.67472054052239,-118.68801284310449,3
33.99084691453359,-118.30260514811008,1
34.19196116060169,-118.03401383384775,2
34.17833768825633,-118.66641578739018,4
34.228700748684496,-117.96051052324403,1
34.1540376555481,-118.5411023225172,4
33.87474696925548,-118.4127443741255,4
33.8723347806729,-118.05796090694649,1
33.63256701070214,-118.47590265502683,4
34.67687126371478,-118.23054879923245,2
34.05690762761675,-118.35384179007583,3
33.9735014304718,-118.19842119765367,2
33.727122771491636,-119.07695868693322,2
35.07968026581472,-118.88408863532284,3
33.676535188721985,-118.02811154788361,3
33.90210322603787,-117.88068650802283,1
34.19774289270012,-118.56237034623604,3
34.262274538010494,-118.3291099232599,2
34.387476219325485,-118.1405482614842,2
34.68486297771924,-118.00107383941946,2
34.22935517941125,-118.9533870450848,2
33.682589220011664,-118.55381408644243,2
33.962269206207374,-118.36010278294746,2
34.15994133037986,-117.99760093096738,2
34.776079114527036,-117.36924933069749,1
33.56296808255149,-118.3235020043834,2
34.47310177682883,-118.7361421117364,4
34.11517002934124,-118.10290617297954,2
34.34544068733032,-117.78135147366075,4
34.01650184917742,-118.20589505765717,3
33.75734857945579,-118.56102699080401,3
34.31500547279047,-117.908402120482,3
34.28125085948697,-118.01145903352555,3
34.3924199380089,-118.60282829546847,2
34.04754337761748,-118.11020103386298,3
33.842262291838054,-117.8946570513194,3
33.50662455174165,-117.8300384851044,3
34.33898064384879,-118.26695714135832,3
34.20056131885539,-118.36902780616276,1
33.714176078497616,-117.81415416227156,3
33.863699214346184,-118.66725617604331,3
33.888834415816994,-118.09019724817765,2
33.533155448806156,-118.72320931957755,2
33.7660111611882,-117.87081830470915,3
33.655359375117776,-118.3340159304639,4
33.907832345839225,-117.79969586752338,2
33.793655875584655,-118.07170553527557,3
33.482748277696636,-118.67182708052168,2
34.760106580699315,-117.74508029377297,2
34.49058925586023,-117.7007641567503,1
33.779543202468005,-117.93489972759028,1
34.147547488828764,-118.51025575276267,2
34.19831278143745,-118.3508048840251,2
34.469080049170714,-118.192800473908,3
33.76568824066897,-118.489998639766,3
34.434437374393845,-117.65137869963789,1
33.86043314352757,-118.19318573489589,2
33.584648158540986,-119.18987181648758,2
34.30564779576007,-118.12492546553533,3
34.50396544844285,-118.36555508888607,2
34.95796814073574,-118.26992429464146,2
33.63229615721843,-118.372716778025,4
34.29682188977827,-117.96123375418766,3
33.90876956467226,-117.85180927750632,2
34.32637554868341,-118.14463139320948,2
33.53752865706906,-118.36245891549837,2
33.6102305785055,-118.25816802168322,3
33.78064381189173,-118.23684013419783,3
34.07983741598383,-118.5245505139527,2
33.82782155671158,-118.04107497300008,3
34.282869020369695,-118.08268518664885,2
34.41161311639027,-117.70454556607817,2
34.26205213943587,-117.80432757689904,2
34.6187756738813,-118.48368622115655,2
34.19773932030937,-117.95659556892187,2
33.62628615138094,-118.57653368408307,2
34.529381779738415,-118.0001237646707,2
33.8403953175379,-118.42451496956605,1
34.37084647488995,-118.60183862818145,3
34.60300697579429,-118.14568413005591,2
34.21204080375564,-119.17979849485396,1
33.528544415392375,-118.85654145104183,3
33.730825741721574,-118.305822159321,3
34.51516056340979,-118.2148453816778,3
33.993007060025015,-118.37296156955537,2
34.080050737229755,-118.79650270455116,2
34.317788545657265,-118.52996214474848,3
34.29591300172811,-118.10677673546692,3
34.14977993433491,-118.04007638028008,2
33.979166070072836,-118.24937809115859,4
33.94276604399367,-117.83880817663706,2
34.352464588851966,-118.10461104178927,4
34.245949335873725,-118.50530947888538,4
33.962144999783774,-118.34187571869407,3
34.4309393095476,-118.73470315502276,4
34.00703805970458,-118.281548646637,3
33.75411823898296,-117.85446478327253,2
33.786560255383826,-118.00384847035116,2
33.709640707291584,-117.7529967359283,1
33.956856494188706,-118.34970983532965,2
34.48400349741767,-117.77256507192001,3
33.77041668663932,-118.31135647925679,2
34.11816651635633,-117.72864522110054,2
33.822358729030405,-118.25134986160475,3
33.961091835554996,-117.9961690191685,4
33.52368557580516,-117.72741067249156,1
33.97501161979521,-118.31139967000342,2
33.98440311706826,-118.16726385435955,2
34.241300780412494,-117.79259780117779,3
34.13034831963938,-118.29025110737552,2
33.632762756266786,-118.70601229887716,3
34.43166938541524,-117.49364753089529,2
34.1258060640777,-118.408117562518,2
34.12163773101212,-118.18813538217186,4
34.0489861763152,-117.83909766569211,1
33.87098489347222,-118.45667286630592,2
34.12843081891205,-118.59645376962774,1
34.218655952575006,-118.15489194612881,2
33.440786508029056,-118.87127673926933,3
33.863633706928866,-118.34446712690378,2
33.962968560358746,-118.1579364674896,2
34.141859711993,-118.33818316388881,2
34.469858852074495,-118.78390783011501,3
33.782090714891126,-117.6857377153286,3
33.877913353613756,-118.20746164611779,3
33.8728130612737,-117.7427967587834,3
33.77166534346341,-118.33471268756315,2
33.93068472671071,-118.55170419359177,2
34.32198077699579,-118.1494866779107,2
33.68335757662248,-118.31922549421488,2
34.20193503830352,-118.65591651029698,2
33.456534219493584,-117.72927550942438,3
33.855731701245226,-118.4614945780129,3
33.9368787449237,-118.88779323467845,4
34.63840088551992,-117.77884188111494,2
33.95601919333656,-118.42020430553443,3
33.28176478429218,-118.45643836241547,3
33.35258888259856,-118.8615856554605,3
34.06411035522134,-117.63437047969106,2
34.267019799526466,-118.6950182055234,2
34.183609550169535,-118.22324268175302,1
34.11084953703035,-117.92428288711085,2
34.458990859126985,-118.09609907344893,3
33.863343072742005,-118.26457900919728,1
34.36541869460939,-118.8392830504006,2
33.48099479024075,-118.52710369251855,3
33.73546825847168,-118.17796988168512,3
33.419735511773865,-118.51921092449545,2
33.95600414476557,-118.17252418900044,3
34.03600857395678,-118.00508980691471,2
34.09213552227928,-117.90682398996996,2
34.0738591735105,-118.67286277523445,2
33.7275563342159,-117.47487388075737,3
33.98561570445538,-117.97508222940606,4
33.52809366598799,-118.24429995378418,1
34.529330141296285,-117.86236219592318,3
33.9459308744857,-117.4158072798,2
33.881089858334704,-118.74725203536991,3
34.60832911495543,-118.32254192487198,1
33.61741371325777,-119.07615108095567,2
33.65824451008881,-118.1762719635732,3
33.668522886296,-118.1158120153262,3
34.02844501640518,-118.25740674040497,2
34.203271070373155,-118.47278674984942,2
34.31108641384124,-118.96103008066592,2
34.95239836112324,-118.11296321080589,2
33.26489864102973,-117.73429793062964,3
34.265257456193545,-118.4505564595067,4
33.857204299599715,-118.0896790248419,2
33.846954697888926,-118.79255050969702,2
33.835279755111145,-118.08367542770762,3
33.73413061521721,-118.38138380421063,2
34.641783692111204,-118.51054628271102,3
34.347004064454865,-118.50982727442565,2
34.06031859249508,-118.38146405371155,3
34.52505551337045,-118.10984833950762,3
33.522814862145395,-118.70295712041843,3
33.58645320403417,-118.38269036604875,3
33.28991129373186,-118.2582151222997,2
33.80740491095685,-118.62836372858615,3
34.10879448434666,-117.61486717941375,3
34.088200502276315,-118.54242341802147,2
34.104469668870955,-118.47800291977173,2
33.55833010912687,-118.58610778243788,1
34.33330415991491,-117.61423196950166,2
34.13606963138365,-118.05018316999019,2
34.3087689985131,-118.57150720218527,3
33.38973323784348,-117.85651895439902,2
34.16122180057923,-118.1734554569989,4
33.63648216602886,-118.15366130261098,2
33.91313686160702,-118.36426702306336,2
34.239227714522734,-118.50599559543494,2
34.08408276218957,-118.1254818653309,2
33.754161007077236,-118.43448053049846,2
34.05439560466455,-117.60783552964872,2
33.51616263966472,-118.6879518868351,2
34.4547935885644,-117.70604512950078,3
33.98035059317631,-118.28266159707924,3
34.44369248048936,-118.13901999309262,2
33.86791390951638,-117.9520947816797,3
33.8689484040577,-118.46428725325156,3
33.78473462467675,-117.94121306535548,2
34.35886087609258,-119.19134034938341,4
33.80389909493503,-118.49569633662769,3
34.27780840134531,-118.56712198256938,2
33.91834166081575,-118.68242710433012,2
33.360612845037934,-118.31893419332764,2
33.85259007627474,-118.10868751113641,2
33.639512124973,-117.99776900052525,3
34.06406595328882,-118.15939313497987,2
33.63555729251393,-118.47669271271275,3
34.37629128525011,-118.1145442467612,3
34.02032344887644,-118.2002000068022,3
33.99004140183444,-117.9160803412224,3
34.281762248225654,-117.97177215397397,1
34.389567426926554,-118.23303325512778,2
34.04516543688062,-118.55773855215645,3
33.78227989515775,-118.47223255454124,1
33.431310634360756,-118.43612627587332,1
33.812082585037686,-118.35404321687069,4
33.836175713673214,-118.14988235034359,3
34.0896701085473,-117.99338896345519,2
33.93139859160169,-118.26159154255538,3
34.292976540218,-118.23805632423483,3
33.83765585505526,-118.19354279325,2
34.03223559160147,-118.42426685959633,1
34.46659560511891,-118.56758729017504,4
34.17183882488424,-118.85810326405876,2
34.031186860409,-118.48700227532692,2
42.42965653332569,-87.27724347488436,1
41.86137026236533,-87.62161517486953,3
41.62372905175816,-87.93234934686751,2
41.57093392509799,-87.07346693736365,3
41.99455176535482,-87.89244354471413,1
41.411498197032984,-88.3865113049746,2
41.79153241263626,-87.46936384651502,4
41.99473068724651,-88.01647113577454,3
42.33280243719169,-87.2837869222753,4
42.1117418281295,-87.7631981938357,4
41.62817720870624,-87.41850036580954,2
42.290546761147304,-87.13927487870674,2
41.77326973685839,-88.05290060261726,4
41.44560394228271,-87.82787799581234,4
41.817885524257086,-87.65628487542998,3
42.381459220401,-87.09165703833798,3
41.935934017522726,-87.86023395127916,3
41.88248265251543,-87.83787629358216,2
42.451124075646,-87.46245079855547,3
41.37712580353095,-87.8318300539987,3
41.42814031008153,-87.57641594098584,3
41.312553735161615,-88.17283809733885,1
42.008526865268024,-86.8547845201052,2
41.936372594490294,-88.1014982306083,2
42.41805772854792,-87.74241344639658,2
41.96331627699787,-87.64116836254473,4
41.73664499418225,-86.96035915297513,1
41.87872820550734,-88.09349602332647,2
41.91929759646134,-86.93550355258245,2
41.292983554335144,-87.36478811261429,3
42.82671607551722,-87.48381663645186,3
42.060054856335675,-87.97442179045629,2
41.95160290780791,-87.42990056528667,2
42.093407394497504,-87.88302031784693,2
42.126393843205314,-87.18646856138056,3
41.82890628007415,-87.96967171018771,2
41.65716560231576,-87.66940547305963,4
42.0879077402126,-87.82414558080461,2
42.013098794186014,-87.97543303684945,1
41.59463846531871,-87.37033806408223,3
42.37476246397855,-87.44238943840664,2
41.980773212713046,-87.20664643038465,3
42.133536776793676,-88.25275628787286,2
42.36527231068798,-87.25734025418063,3
41.885761087407694,-86.75289288312509,3
41.989033202444446,-87.78787438121194,4
42.16160953347715,-86.96649798576186,2
41.624398620669986,-87.72190644522094,2
41.8970180819961,-88.11014340814646,2
41.9220420053279,-87.73677135484238,4
41.54347950691081,-87.26292861131365,4
42.68927287603586,-87.92316176881604,1
41.385547294777666,-87.83991853065227,2
41.4237636337095,-87.42206119869739,2
42.33807930149626,-87.6287289591415,2
42.12774318777879,-87.42518196662964,2
41.51901231388173,-87.54655966073459,2
42.0906511552856,-87.46193113815696,3
42.39184765574906,-87.78110541503334,4
41.86750792984106,-87.54869417028937,4
42.787688015026106,-87.95438055199358,2
41.27467836619619,-87.17884823212381,3
42.12093820885069,-87.85179615088606,4
42.28638491767735,-87.23470337935771,2
42.19007036556184,-87.71156243634401,3
41.806575495674025,-87.55910034623494,2
41.7764454812961,-87.80303759281175,2
42.033550809880545,-87.9853984009088,2
42.16361407032823,-88.24046613566186,1
42.08896570269883,-87.99916345550736,3
42.24212026177769,-87.74316809862557,2
41.52149551502664,-87.5556422874099,2
41.79838015730673,-87.27616724035086,2
41.54909442375669,-87.7858151109289,4
41.742960528369856,-87.93848626749352,2
42.233427312135014,-88.13475017510095,3
41.91589437225383,-87.46177773373357,3
42.790500707102424,-87.14568191963474,2
41.9457922285164,-87.1865844062153,2
41.89899215820291,-87.38132353814846,3
41.91526402180408,-87.40630983895635,2
41.654866957499024,-87.03563167710173,2
41.85785718566785,-87.51357148850411,3
42.27282580948908,-87.40365461339154,2
41.91798973384472,-87.7420743516482,2
41.60038909454079,-88.10651517979917,2
41.55432038283248,-87.86914711517485,2
41.72052933791696,-87.63300566348713,3
41.90395220204381,-87.60852511962455,3
42.29585528741669,-86.95559995080062,3
41.408928975521754,-87.60135299134313,3
41.76616080273894,-87.21720479459103,2
41.928608506802284,-87.78207703455172,2
41.2363029813297,-87.73888656001783,2
41.58634060096176,-88.0949526730282,2
41.64013901109234,-87.8896148045068,4
41.59951036915233,-87.44535651302269,3
41.94526134075758,-87.62715393686206,2
41.82190413667438,-87.29977148303597,1
41.68374986408964,-87.56636111807923,1
42.02788691929342,-87.75315880607322,2
42.48117615117619,-86.87789609767457,2
42.451839780859615,-87.66266624904956,3
41.205129879778184,-87.22274966060314,4
42.080075264342305,-87.77022322229064,3
41.81579184847766,-87.38144018221575,2
41.93240437000288,-87.30499451929691,2
41.73870093826011,-87.55682781029854,3
41.91925602046052,-88.45386902294382,3
41.93109258862521,-87.62341163870036,3
41.67546688492788,-87.19913898328402,4
41.56437135826119,-87.4451817084403,3
41.721056511083184,-87.47375639366976,3
41.96009074255987,-88.23258992688514,2
42.0877487195895,-87.88195927473627,3
42.176772142069055,-87.485824829097,2
41.70513349192658,-87.48616585312459,2
41.97744559855596,-87.20466662695348,3
42.21497590718366,-87.68050336430113,2
42.28605821330045,-87.48776156966417,1
41.85750850105397,-87.62406901532405,1
41.80077389627114,-87.97522995777555,1
41.944993481842744,-88.41932696588316,1
41.47570238448591,-87.47894660775448,2
41.81033667113758,-87.56891847705552,2
42.1387052394656,-87.84616126473506,2
42.1027814953053,-88.19651056978056,4
41.78350633847264,-87.40939116995695,2
41.95430137038051,-87.72287202596844,2
41.589472380898265,-87.43489384717115,3
42.12432225187876,-86.9773830143559,4
41.85086249735224,-88.37930080811189,3
41.78151699190636,-87.87466028304583,2
41.75149665736732,-87.70308146465918,3
41.856087146585054,-87.12061083904868,3
41.72134282427382,-88.20254105672227,3
42.1084500626009,-86.95224864101179,3
41.73975075819434,-87.58225043445181,4
42.435637433609585,-87.66340023160686,4
42.390923676218485,-87.69912091712662,3
41.56605977855093,-87.78249206126301,2
41.90249649430025,-87.2629591342558,3
41.650370182532335,-88.00378226392885,3
41.76377335288399,-87.50890503642465,1
42.57894961367568,-87.76426358299744,4
41.770450004009476,-87.89654670697993,2
42.004179112977106,-86.72470868851065,2
42.0675624529029,-87.48313224283629,4
41.52787971963087,-87.4151570593686,2
41.57881658395678,-87.23157812676597,2
41.455992170007164,-88.12727248086149,2
41.56801024313578,-87.01649783180729,2
40.88058946173899,-88.50793501247328,2
42.06870384027777,-87.89886824351349,2
42.59706784443963,-87.79046108561262,2
41.929837258662786,-87.42619682226032,4
41.38240589923079,-87.55324860685049,4
41.653128265985025,-87.68818515924444,2
41.71749310424126,-87.63399907061971,3
41.521945327975324,-87.9721080582329,1
42.17916392343831,-88.15383133806947,1
42.16169101553137,-87.37552093218238,2
41.473691872163826,-87.38700286061234,4
42.13187836555663,-87.07522696869503,4
42.41248443225204,-87.90630598388533,2
42.54399537183035,-87.38731467639468,2
42.88092420808009,-87.72909735492766,2
41.562402572694886,-87.21313375518228,3
42.866577149238324,-87.27211302816265,3
41.75412776402193,-87.55587671027145,2
41.670737090616825,-87.7486355548331,3
41.99257533120725,-87.2934737374871,2
41.67437853306745,-87.40338341686021,4
42.01776544922629,-87.86935414073017,3
41.41607298429195,-88.0945295357178,2
41.794536589277804,-87.73078651523863,3
42.32805378202659,-87.09940516462812,3
41.8581285479991,-87.22852949444344,2
41.927658525358964,-88.0191146143847,2
42.04444051165106,-88.03851509556497,4
42.28783157026118,-87.18366065261219,2
41.2987713507337,-88.02727256666525,1
42.082683418143105,-87.4515466367253,2
41.784251301265385,-87.84542492536772,3
41.936423263359146,-87.06383427641741,3
42.249082559416834,-87.89944867969827,4
41.46013467200586,-87.22962346442796,3
41.52367444549492,-87.56509947107888,2
41.20069951410017,-87.541531801018,3
41.685894370382684,-88.31940800347299,3
42.34375132053259,-88.40081967362201,1
41.83589448403429,-87.70699807909357,2
41.40905628652083,-87.54338287780419,1
41.70811243939874,-88.02361923970821,3
41.35734840377829,-88.01084269366672,4
41.4842848643941,-87.43328457956086,3
42.014186618592305,-87.43280093184,4
41.46724433579289,-87.67800937113577,1
42.26752200682116,-87.35672939758487,4
41.853207898209384,-88.04077080350206,3
41.90805814638059,-87.75437722098044,2
41.78066946133724,-87.05304283797572,4
42.14859674349031,-87.60588725452106,2
42.15220596072196,-87.58559061989455,4
41.99536902316926,-86.82271869491129,4
42.07577618706768,-88.11956975804708,3
41.803868615527854,-87.35104937167526,3
42.06787105241817,-87.04740480206716,2
41.75984277858417,-87.7435002742745,3
41.87888106775684,-87.32892922460081,2
41.7819746877218,-87.97350682402381,3
41.71807351123829,-87.87015633844858,3
41.63691087079738,-87.49506175438333,4
42.041791536350615,-87.35030166441129,1
42.336812069484715,-87.23747222065782,3
42.28798569008435,-87.08042999457118,4
41.4383021324191,-87.65340629549432,3
42.32932106799241,-87.2120358856896,2
41.766744524433726,-87.7496066952072,1
42.08835655530096,-87.31406804094411,1
41.56092463378348,-87.55717892075174,3
41.92779296985591,-87.47381273252132,3
41.98790311401392,-87.48157224409229,4
41.35848832282812,-88.19144675342923,2
42.09099350822047,-88.02324265060128,2
42.34917725274342,-87.59391049606387,3
41.81697321901143,-88.22034767787441,3
42.35415884578981,-87.33887611388009,4
41.81170727729166,-87.32475541179916,3
42.17545458586632,-87.51529030649277,2
41.10160051191712,-88.02219690446528,3
42.724672222759715,-87.14675137139602,4
42.40151038583504,-86.91677627609857,2
41.778481073511216,-87.57832311039391,2
41.18786884067467,-87.45111261754207,2
41.97890992890692,-87.55919147082139,1
41.37272605852419,-87.44417078385042,3
42.03379873814512,-87.67164556481924,2
42.0221480017075,-87.64189748394533,2
41.548608890849295,-87.31279883982593,2
42.27043845826503,-86.80883154333625,3
42.160051145982166,-88.11982493204061,2
42.219638168051,-87.66613436954104,3
41.88120019628412,-88.04296116983123,1
41.382666576580206,-87.07259128549838,2
42.220355295273905,-87.83550828926197,2
41.78347001030247,-88.13492027782503,2
41.391676949882566,-87.406434550403,2
42.35131377809102,-87.01929110983991,1
42.61289263217588,-87.39754074600374,4
41.863663154857285,-87.55812074295133,3
42.633792404111155,-87.4866006770284,2
41.91006015501397,-87.13460576801106,1
41.74494043354178,-87.93576974450495,4
41.65743954103509,-87.66894648643022,3
42.451078842797465,-87.78824155197835,2
41.605049641514285,-88.0385528575521,3
42.13544425849125,-87.74473134079588,3
41.68239265772928,-87.24209761640614,3
41.716992633098975,-87.43148924806255,2
42.238687392889354,-87.40429132496213,2
41.74508710379873,-87.57853353592134,1
41.7364216172029,-87.446636676045,4
42.274581644011185,-87.91000661982184,3
42.43718905262757,-87.73812846007453,2
42.10374143114949,-87.56259851706096,4
41.64893057853162,-87.53266944939134,4
41.69938702524585,-87.51773425077735,4
41.906070342309015,-87.67821734870573,4
41.990425521673984,-87.76189819039561,4
41.53234693145108,-86.5245800509345,2
42.13116327885295,-87.31242445447366,3
41.90802966537386,-87.48519838341659,3
41.277602088476655,-87.71142297437224,2
41.55297573113875,-87.78772658943036,1
41.70165496422192,-87.67558020780444,4
41.85259980890564,-87.52730990474467,2
42.5393475784264,-88.28795244042207,4
41.961459957148875,-88.17908635838114,1
41.583829838535486,-87.85270883612864,1
41.95532078150751,-87.5573011971275,2
41.75486928839115,-87.71354560150316,2
41.99176538383674,-87.11245757086519,3
42.08129869046247,-88.14863887544853,3
42.301330726528384,-87.89277091436118,1
41.869599726515496,-87.09776789065312,2
42.45173618465994,-87.5839082363637,2
42.19590793188767,-87.3201050960196,2
41.63049615931574,-86.9118635698557,3
42.65154948301197,-87.87263154626564,2
41.992548079644536,-87.66456001822722,1
41.58580642360972,-87.7251494153258,2
42.45661956793065,-88.31390755156914,1
42.60532215481946,-87.7384388813146,2
41.86654115769816,-87.32142823441677,2
41.701822408868544,-87.44059366036572,4
41.81776876489122,-87.4131208907142,4
42.1282561046312,-87.76122814322383,3
42.32534982926068,-87.85943403260198,2
42.077770565802254,-87.18556051483549,2
41.913703122965124,-87.80386100122519,3
42.40240411960655,-87.52687128642238,3
41.76860723443197,-87.57263286176287,4
42.23892176842842,-87.11819904431002,2
41.77727802057706,-87.28980567481467,1
42.028958035303816,-88.08314051723349,3
41.838353102323346,-88.04544360837127,3
41.85855173607152,-87.4271815636758,3
41.74601471888823,-87.65231817658271,3
42.348798910913246,-87.78911012438382,4
41.621575886662015,-87.27433024060194,3
41.61901871160796,-87.56418921626889,4
42.62044774804579,-87.6114399145887,4
42.22034664762902,-87.35685997573573,3
41.04331020545744,-87.76108814823026,2
41.68025944127636,-87.0808183550846,2
41.24390373185329,-87.90561666813156,3
41.54535825730466,-87.39987482678028,2
40.77961986681809,-87.12795850646906,4
41.83015364780712,-88.11185342124524,2
41.478420363293544,-87.74996731154836,2
41.899066839878756,-87.23002741249006,3
41.30930755939112,-87.22476440829415,1
41.90711914861022,-87.68982346013588,2
41.73287930265789,-87.8869348827869,2
42.40378353781601,-87.29522246218424,3
42.37207490161097,-87.21555781409644,2
42.152970961053605,-88.03743217197935,4
41.76378517676858,-88.05116977713824,2
42.57298313834111,-87.55096016130574,4
41.33453765275607,-87.40952377829989,2
41.38685447965272,-87.73447417983053,2
41.84877591503883,-87.39204716300618,2
42.667013338122395,-87.87834781239309,1
41.80728138259547,-88.36994275967581,3
41.81396416487676,-87.7781653753164,2
41.37343137536087,-87.60766874872041,2
42.20917535484464,-87.72634398596377,3
42.211711689015274,-88.03531114228082,2
42.15427632048997,-88.26527714155759,2
41.65787276450342,-87.80973108152877,3
41.63075263106945,-87.31562047992259,4
41.42550721235826,-87.19013089620522,2
41.90745537561633,-87.21410031555155,2
41.49995743475253,-87.915368337302,4
41.466004223162756,-88.03359721327062,1
41.729808249081266,-87.45597788475703,4
41.70689533868553,-87.40751499594073,1
41.68980751491232,-87.48974063817982,4
42.041355608894094,-88.33472214598322,2
41.9057667307526,-87.93320960470922,4
41.77724538932111,-87.64019107660009,2
41.94215452490902,-87.45927363187936,3
41.53106553561338,-87.36124242308914,1
41.91494751836839,-87.57931126720129,2
41.93081087249563,-87.51402566771162,3
41.35203359922488,-87.60009708957362,3
42.22659281402963,-87.38983321902353,4
41.56959820317056,-87.52029702197818,2
41.90970842972226,-87.60679181898345,4
42.285644109187345,-87.72372907969809,2
42.20208686519986,-87.60134800123514,4
41.8901166859991,-87.46019301740625,4
41.75122534899128,-87.53618361388568,2
42.20972916800145,-87.49651075357916,4
42.11424324223302,-87.1598473485271,3
41.66167224298456,-87.5369926270387,2
41.59988722354941,-87.8569494821656,3
41.15277568640641,-87.32053762490204,1
41.93201114458926,-88.10796941818413,3
41.84915578924356,-88.00829468325875,2
42.275766981124896,-87.51225345734798,1
42.00376928271813,-87.4490611662747,2
42.345080217960444,-88.0655679282264,3
41.634022520229344,-87.76378611834537,4
42.27645261583867,-87.84192934127688,4
41.692979267313376,-87.80013671300856,2
42.1502586216273,-87.29954077830448,1
41.36753456261426,-87.38252308775847,3
41.960397354778166,-87.6364927629488,3
41.18345922049394,-87.82088667449023,2
41.78460187992039,-88.10217738457705,2
42.03222389785727,-87.13273527142633,3
41.69576100706912,-87.42256013490028,2
41.51044682993542,-87.87713418642561,3
42.17424146425358,-87.37794017583128,3
41.84188802355358,-87.65437826720112,4
41.70675027353927,-87.73028832670182,3
41.892763572404,-87.47747596509865,2
42.80093419968096,-87.88932438746946,4
42.281825997423546,-87.75011478182854,3
42.28500078386575,-87.58728862753016,2
42.03054121164733,-87.80460791750983,3
41.936369845402005,-87.39562017640637,2
41.03947119908436,-86.97562672371261,3
41.64045687873791,-87.89380434641251,2
41.70989895537914,-88.21259385370642,3
41.22188777758337,-88.3304090586167,1
41.4730044734246,-87.68246384952324,2
41.18480723517708,-87.86190760654416,4
41.86468665750592,-87.55704882462652,3
42.16466808979709,-87.58339081479087,2
42.26547108151852,-88.19092589631494,2
42.02327456172774,-88.2650093403185,2
41.5409112805805,-87.52622336587886,3
41.20187719451802,-87.58239990784801,3
41.263195955209476,-87.77883629942829,3
41.43395609796093,-88.2098002547963,3
41.566999105687515,-87.46481305803226,3
41.82218802570295,-87.18463515910162,2
41.523142523655565,-87.53250614592338,2
41.996741562783896,-87.92641586169778,3
41.79680427402019,-87.6142067420501,4
41.88179099910936,-88.10793992832679,3
42.277187693434925,-87.25951375015643,3
41.46501889302987,-87.60115448291467,3
42.024646602402335,-88.24865491911363,4
41.87320937003338,-87.73503602615529,2
41.76137980166061,-87.46764447141803,2
42.18793971230309,-87.74636666734143,4
42.18575495409495,-87.72636350250406,4
41.546828221404056,-88.05834077246655,2
41.81434379564973,-87.43151065452142,2
41.976524088904426,-87.8567642200067,2
41.7825476381921,-88.38455588195177,2
42.08285746630073,-87.75974007973464,4
41.976517206268596,-87.28639759955038,2
42.519496434124605,-87.76522530630999,4
41.34250230242458,-87.02150525520678,2
41.83524740358841,-87.47966121800802,3
41.560124120970734,-87.51123464320187,1
42.08953760940367,-87.67473939307116,3
41.31208983848406,-87.6537001727175,3
41.999309448578714,-87.72199827229183,3
41.657583049028084,-87.73559428722889,1
41.62114334685765,-87.4439964932765,2
41.37182562876076,-87.9573409304267,1
41.71532341882965,-88.0063628400535,2
42.257675185601826,-88.02291826780639,3
41.86928396076468,-86.913820908313,3
42.09778814625607,-87.4441799844153,3
42.4607246376882,-87.52322772941196,3
41.970414454687905,-87.9999301346027,2
41.682520149778185,-87.41163019476382,2
42.04163827531398,-87.67059997125867,2
41.68759634879,-87.5548408706039,3
41.70155206084599,-87.97161711055224,3
41.34613752013336,-87.57370589990386,2
42.20229012187954,-87.77814173837227,2
41.7429990985227,-87.89776390496057,4
41.94183438603555,-87.37286278246746,3
41.51551332498768,-88.1679977329855,3
42.03068167040042,-87.43212830749005,2
41.611420566652725,-87.39022985325646,2
41.82850194740436,-87.93767528644294,4
42.1853391109337,-87.91691496139637,3
42.154865759281385,-87.70785898844325,2
41.870389474619074,-87.53108732633822,3
41.25925413855265,-87.68329924713498,3
42.925583699521226,-87.47805313893285,2
42.4891506395956,-87.01275712161191,2
42.13103618871091,-87.8075008692024,2
41.61447867644316,-88.2301129897462,2
41.83834274340432,-87.34072674593928,3
41.68790284957822,-87.04063989842537,2
42.32044957868374,-87.4923310729321,3
41.969976011798146,-88.01051203637378,4
41.60364264957406,-87.67316232713232,1
41.71333571530633,-88.02128321947407,2
42.27051584989947,-87.40480057711297,3
42.43813424638717,-88.10275164094446,3
42.41301604722019,-87.73484507538987,3
42.14306122276889,-87.98131823920286,2
41.78968129591908,-87.58541136020277,2
40.74357016113481,-87.75801958699822,3
41.982106008332885,-87.56793326386241,4
41.87745993440457,-87.62197730576177,2
41.927093733712475,-87.97513065970344,4
41.896964071461625,-87.41039302776484,2
41.4139082433178,-87.6468679781451,4
42.073192994897916,-87.97578515275306,3
42.09937570991115,-86.84547570532797,2
42.11691857372088,-87.463049441649,3
42.20940195125069,-87.68344119368976,2
42.08951807572257,-87.13447841565437,2
41.73458970596138,-86.98516453671469,2
41.85330710322937,-87.68067229780986,2
41.90999370353869,-87.50821087974784,2
41.91579480718732,-87.97560098630103,3
42.227476179590106,-87.6813174627688,3
42.103384063557876,-87.69947189381595,2
42.60517020384949,-87.56511053823242,4
42.65036414295964,-87.51333383247704,3
41.90597735391488,-87.43386004291018,4
40.53527055803922,-87.54662507029502,3
42.310991363144545,-88.05355991932021,2
41.68896828135453,-87.95826348700939,2
41.59758062735915,-87.82104266681229,3
41.738644153753725,-87.72858420717313,1
41.72177493361489,-87.26202899833477,1
42.09239443353689,-88.03682864539853,2
41.33229747730582,-87.75489526685975,2
41.500897738972945,-87.29624667562508,2
41.9982054939691,-87.73475711607382,2
42.09613041064466,-87.46865452255501,2
42.10263957572761,-87.67863971502477,3
41.602637302373346,-87.53992585993635,3
41.53570702275682,-87.70976539033335,2
41.70077780817423,-87.39632708454508,1
41.962055463299656,-88.17056974259225,1
42.3980170792454,-87.75695920293599,2
41.16149698498024,-87.525999563157,2
41.800844935064575,-87.44300666319783,2
41.411662545641185,-87.10726658203616,3
41.299815062926285,-87.76665863340295,3
42.21653482587069,-87.11198138334869,2
42.06871860107477,-87.86045833933089,2
42.03540173058155,-87.16477375595937,3
42.20045904390585,-87.34368650565557,4
41.71019838613186,-87.94951050287128,3
41.72667686928327,-87.52233626696187,3
42.643105715852904,-87.64773254243627,2
41.791800131009154,-87.41084539221376,2
42.135396239568934,-87.70794505595165,4
41.880333539337165,-87.73733617898161,1
41.23120951447256,-87.150616896033,4
41.16247984866956,-87.66435231305948,3
41.675455523021036,-87.34055218653289,3
42.2477354380845,-87.70867301976547,1
42.154002079822604,-87.04646785927036,3
42.198027007478416,-87.86721712026743,2
41.532633837372295,-87.84475023593652,2
42.44365537154281,-87.09621898660944,2
41.54038734493477,-87.78553123681334,4
41.952588539534496,-87.06942399284246,3
41.8744766985323,-87.31765579714182,2
41.8172441628899,-87.6839273972963,1
42.346607248403465,-88.264452715206,3
41.631311317941915,-87.63656140649515,3
41.40573816050083,-87.5942294812633,3
41.88509842017225,-87.22127379334347,3
41.738160642999716,-87.07384348831596,2
43.06018402167893,-87.86954551270031,3
42.11487761675399,-87.34938638260414,2
41.734830798673485,-87.36190924539532,4
41.508460950784524,-87.25410555415635,3
41.21999905630093,-87.45525853075256,2
41.5192733199919,-88.30967419183662,2
41.9183296201157,-87.68419785138472,3
42.377665028058175,-88.03429765122092,2
42.270691199835774,-87.70071202052132,2
41.958283191076234,-87.28679851735313,3
41.76499131700413,-87.52299720744377,2
41.972184324744255,-87.2279681967609,3
41.6965767008804,-87.51018612775026,2
42.47952739851736,-88.08421407888412,3
41.81188343655373,-88.51209645230045,1
41.84788174961365,-87.57771693341215,1
41.10256215124277,-87.70467426322291,4
41.809697803717036,-87.97173100878366,3
42.17086944828773,-88.22501953737799,2
41.50439709803651,-87.88696012471546,2
41.615347882927516,-87.69787201970267,3
42.155548856206785,-87.39674276170277,3
41.361269971768685,-87.5637791214512,4
42.24833035263968,-87.06697646348955,4
41.691849638439415,-87.99226141961589,3
41.74210112282808,-87.3214293877799,2
41.484742558206044,-87.61324543990494,2
42.010416191149766,-87.3866658065585,3
42.73905519476028,-87.78258020214294,2
42.151624033811224,-87.25471186913829,2
41.57560015832082,-87.52647133457917,1
42.27556720492202,-87.86760574472122,1
41.76726215892302,-87.63400841011962,2
42.35916974349965,-87.71364455062799,2
42.16043674075753,-87.45858757727677,3
40.8480004520849,-88.04272186228108,2
41.52667212846574,-87.64007309574049,2
42.20863482799239,-87.49144246157273,1
41.93118004525076,-87.61824184248245,3
41.519785418302256,-87.15837056446385,2
41.65634366957717,-87.35889202907514,3
41.21091718296872,-87.63241827885926,4
41.847169349365764,-87.55395881587582,2
42.65184140410552,-87.5263170569813,2
42.15982668675632,-87.48864513854161,2
42.64474595041595,-88.26878029848261,4
42.18693898142649,-87.73533420351927,3
42.23771777017345,-88.14935367386771,4
42.56902754071076,-87.18240166838919,2
42.01014214076978,-87.65109733200103,4
41.812570437472594,-87.69746933238787,2
42.239530130817705,-87.31592093378838,1
42.38694408299266,-87.48198632089255,4
41.71011237505073,-88.02482208003272,4
41.625550821180994,-87.65461687688459,1
41.92669961135081,-87.74710844062923,2
42.169124603426084,-88.24038651101212,1
42.15743186703155,-87.87139668163303,2
41.379641339934345,-87.69403911270577,2
42.54716212347216,-87.67003282602215,4
41.653692274711105,-88.14858099828706,3
41.785327251089,-87.22671704593338,3
41.56217097400427,-87.665536070612,3
42.82251509257799,-87.6166564231688,3
41.962824734600794,-87.48957542658106,3
41.58025872176145,-87.90562668886629,3
42.18047324248686,-87.47007540940356,2
42.147297522758514,-87.75827612610637,3
41.812395541747044,-87.94360493922652,3
42.17231234947419,-87.42909337732561,3
41.5892478137092,-87.10771414941937,4
41.70557860376776,-87.37610971927997,2
41.17452417090188,-87.30675785220085,3
41.41471712052316,-87.81202071229681,1
42.510770781984746,-88.18896690520896,3
42.452600019702814,-87.10825186726505,2
41.90112602702714,-86.91071978870833,1
42.46012600651645,-87.08981762918062,2
41.8220739296871,-87.74732507864292,3
41.79290639410124,-88.0339220185551,2
41.89787872696295,-88.00278894423685,4
41.834377441636754,-88.21910639866492,1
41.80278128675394,-87.66738251644352,4
42.27828933750234,-87.06781271467115,3
41.93064747888467,-87.67938192115528,2
42.127468617551834,-87.5239869848781,2
42.23908318384707,-87.14834106249353,3
42.01396502847916,-87.77123335914135,3
41.53850503593212,-86.91736399014815,3
41.40459693886259,-86.9325669573759,2
41.93017322218256,-87.67568896853817,2
41.81816029331127,-87.83193699240672,4
41.90868700012204,-87.38576668376339,2
41.872481086263,-87.7514337298816,2
42.782350781058305,-88.03459432597357,2
41.412520810525535,-87.18136647126695,3
41.18161880556261,-87.20404341445303,3
41.994431891731864,-87.57537093868275,2
41.74635210589413,-88.07180266380486,1
41.988723754405484,-88.06013418792608,1
42.082459057799404,-87.5922697490533,2
42.32753664331262,-87.80475486207676,2
41.350570962865625,-87.74918252624957,4
41.68324873575,-87.272112895729,2
42.028166440608274,-87.3731872389021,2
42.14776225849053,-87.14745006182584,4
42.64580734260094,-87.97651812818204,2
42.21259638988986,-87.74991704904035,3
41.85822399143981,-87.36415640658896,1
41.566447486470075,-87.47297258064549,2
41.68059855154835,-87.09346686609433,4
41.67065401196501,-87.48261215293358,3
42.10743176997982,-86.98296181356307,2
41.968049105955046,-87.4407937693969,3
41.41482265020524,-87.25804139334397,4
41.72553448581835,-87.74303023137456,2
42.185241643708004,-87.6247994758406,3
42.00118182424092,-87.31096945865619,4
42.07712561560447,-87.06525764029243,2
42.012122598520044,-87.37456706774124,3
42.44735075711311,-87.65891012017713,3
41.96071507233853,-87.14773273966509,3
41.74299202074526,-88.39699252969797,2
41.557585735603254,-88.12758207552741,2
41.9654633103734,-87.39122802171606,3
41.02385359482872,-87.62486207531141,2
41.813598849358556,-87.41787022210654,2
41.80605604902753,-87.60725736714882,2
41.40053520123396,-87.42996900688864,1
41.553206956470405,-87.91484098734762,4
42.16148013555189,-87.43012986987212,2
41.95884911217624,-87.28175491512735,4
41.91372591679757,-87.20260728862407,2
41.985321636876215,-86.92505599687296,3
41.910519655782124,-87.54436554477417,2
42.313101897000415,-87.5339311196035,3
41.92130021359628,-88.16291036246085,3
41.36772541016344,-87.81579399039845,2
42.448645487706045,-87.69737872590231,4
42.0077190935651,-87.26218815670327,2
41.67186119422173,-87.84365039343137,3
41.439409398596744,-87.3510809930879,4
42.01666997733532,-87.63036760093719,4
41.83708979825897,-87.69180884029016,4
42.42905137511135,-87.54268711080336,2
41.75703245176661,-87.7667047302885,2
41.58501672361114,-87.77996303683244,2
42.19162867638258,-88.22647506702654,3
42.201948662450896,-87.71658397256476,3
41.937127978663575,-87.79778885115206,2
42.11482496668622,-87.81039334627218,3
41.86490950774022,-87.48389442809349,2
41.95995278535324,-87.39927881652332,2
42.285846808897375,-87.5485319233752,3
42.09696141690753,-87.28140468334269,2
41.81885394658359,-87.42835332595938,3
42.351426891074155,-87.73306966643197,2
41.050400619522975,-87.79179970000004,3
42.59632565899768,-87.5203122171316,1
41.281014316788244,-87.42898151153433,2
41.6586175113297,-87.14055449253898,3
41.86377886268173,-87.21288943427096,4
41.826831765245146,-87.81931555227752,2
42.2303438640093,-87.66550219804455,2
41.50785718348642,-87.39494376827878,3
41.96936838611907,-87.25600077767936,2
41.67572576562309,-87.30116068595332,3
41.9813993427681,-87.65215724149097,3
41.85542970907075,-88.06870792834998,2
41.91062747843905,-87.97942773168596,2
41.68562630863748,-87.53437826998821,3
41.699577617466375,-87.51002104720148,2
41.9786453799096,-88.01433778070204,3
42.20840042701462,-87.61420063618876,1
41.66870223303076,-87.40887147505988,3
41.574031359399484,-88.03272933012751,2
42.092811057985145,-87.24305097936846,3
41.866723637429814,-87.76193590199594,2
42.168774346895084,-87.18963541059817,2
41.5610709753201,-87.81650835602157,3
41.2552963761018,-87.98911891900947,1
41.691548571360784,-87.7901479464446,2
41.609876586757245,-87.66310184307706,2
41.850524059971896,-87.76576796737002,2
41.655204175005366,-87.7054004975506,4
42.13745593296776,-87.51291219761333,3
41.77724740815212,-87.68971277942875,1
41.93076607457087,-87.65293933788321,3
41.933272095454335,-88.22802923972091,3
41.94633428234427,-87.49270569439634,4
41.869654811340766,-87.66102115419208,2
42.05681024164361,-87.06619745683099,3
41.59962070316097,-87.95864780853888,3
42.367896274328864,-88.26270336497484,2
41.79531191582102,-87.41347602712449,2
41.41905780173546,-87.50851554359045,2
41.943925674947124,-87.9827515571859,3
41.580186831143386,-88.16521213425143,2
42.11096708707811,-87.0917111442605,4
42.651461951614834,-87.13486136328763,2
41.60279976795476,-88.50040986554716,3
41.994430316628396,-87.79017806023978,4
41.26367304395338,-87.04733278082564,3
42.03696683030447,-87.79642189522225,4
41.56810017007011,-87.80151428190933,3
41.659407883547935,-87.72876576467029,2
41.49264972855607,-88.02211394081885,3
42.13435292911916,-88.22647151047983,2
29.218750572052294,-95.93784123670125,2
29.8317803501306,-95.79451217605352,2
29.827946374620527,-94.98568026002638,2
30.347159236670134,-95.77997687522812,2
29.21265913729538,-96.0064678553559,3
29.550089488451167,-94.71581548417441,2
30.04833884930095,-95.85763617675597,3
29.87776103973906,-95.30535821058514,3
29.823506767968126,-95.3456201825465,2
29.42575250396451,-96.35351991081633,1
29.553613578168,-95.46336095810874,4
30.19616435287814,-95.2128553626823,1
29.742371782186126,-95.2457917164684,2
29.891775893650568,-95.05356776066877,1
29.72008408492823,-95.50542196021689,3
29.346320069662582,-95.12042344526775,3
30.08723364912625,-95.61106517382802,4
29.936531334586373,-95.86346359574446,4
30.567372893078517,-95.82400493148843,2
29.40494651712231,-95.8815386593184,2
30.04830052242017,-95.01644491123808,2
29.30135961188705,-95.8999007281705,2
29.815471298685576,-95.27388640577274,2
30.10217730617211,-95.46287346792535,2
29.03515270936623,-95.40572700070771,2
29.688673634015437,-94.89253744668011,2
29.563276593085085,-95.52324957852534,2
29.514714945596708,-95.15573945345761,4
29.895224428290774,-95.3566528270166,3
30.15263999724791,-95.42300661697145,4
29.713752449669798,-94.56481080646473,2
29.832320249646006,-95.87426961100037,2
29.80040806357074,-94.91860385759689,2
29.761031227224745,-95.14005770207851,2
29.379130076800763,-95.53763374812112,2
30.148355610603012,-94.79953851889543,4
29.863718378855594,-96.01663853933599,4
29.898608521500904,-95.55241833005468,1
29.47812162984105,-95.79276877149418,2
29.599672860703766,-95.22557078729498,2
29.698753030801228,-95.75937243541551,2
29.223456357292903,-95.21822761864054,2
29.16958798618081,-95.43505274553755,2
29.550138224276502,-95.53757387992962,2
29.943282268254837,-95.23377346388834,2
29.53180191352452,-95.46381756837832,2
29.403818180843253,-95.75082219507067,1
29.475260021366815,-94.38931945362775,2
29.601030151899142,-95.5403085140602,4
29.636549363012964,-96.14596317805321,2
30.518332508272294,-95.66453454140249,4
30.129517219970563,-95.81334684093045,3
30.119070939298606,-95.08064903438581,4
30.169403127495684,-95.25722156914294,3
29.41081269573308,-95.23025051937337,3
29.332572384754467,-95.49930786304303,4
29.37299539796308,-95.46757258646993,1
30.227477146668242,-95.49962588626268,2
29.56888287389113,-95.39821761444742,4
29.32242533621625,-95.0774332976223,3
29.609551329923065,-95.25217360562313,4
29.67688806389988,-95.1947605096327,3
29.8543446457931,-95.19495438211278,4
29.848232857249215,-95.06024514691639,3
29.470536802644272,-95.26894748546091,3
30.0003797373798,-95.24420317456237,3
29.536682263187444,-94.9537178155824,4
29.705703282153234,-95.60256607130108,3
30.000770924676175,-95.66930990298303,3
29.53576250861948,-95.7848725597154,3
29.561127001746602,-95.30577990273291,2
29.967483817392598,-96.0186062844267,1
29.460193388188245,-95.20804606637911,4
29.625722791738575,-95.40801758307519,3
29.954909762315012,-94.97267610506263,2
30.479332354502592,-95.60497105866274,2
29.97229157666696,-95.44096139989612,3
29.925823917046504,-94.97702883334732,3
29.946180554285455,-94.88570252362764,3
29.384783404076533,-95.60785332801314,3
29.800858858537968,-95.3061765685945,2
29.74998172908226,-95.26675335781059,2
29.872954589130465,-95.23902130803259,1
29.801177818366554,-95.46170148076047,3
29.89329488709599,-94.92131581065672,1
29.65138648178528,-96.03119621926754,3
29.78091312108013,-95.51719558218038,3
29.330660001880055,-95.21302424352946,3
29.64843245269898,-95.20977131581773,4
30.247191741861826,-94.89633433928483,1
29.87198291886989,-94.95042111237954,3
29.753077636915922,-95.46973956885752,1
30.424043146689023,-94.9148450647643,1
29.284107757594622,-95.6197146103221,2
29.372090555593825,-95.04398941602285,1
30.359848993946695,-94.73611713255265,3
29.77648632761713,-94.94456956260076,3
29.675495937298574,-95.33278036576655,1
29.340678486216525,-95.48592257012024,1
29.917093693238254,-95.90480695369075,3
29.95096095433461,-95.26111112673003,3
29.37732697370779,-95.76012602978982,2
29.71130354505735,-95.64739713226487,3
29.64296945878843,-95.78656103025783,3
29.84999200124657,-95.53093731642983,3
29.368662415222776,-95.37958929507045,2
30.198581609079607,-95.274034896592,3
30.080938323559163,-95.57997732239488,3
29.633288554443514,-94.99555070276169,3
29.68465345092657,-95.44267184029648,3
29.712652247402836,-95.64550285164293,4
29.487992006447726,-95.2905977064648,2
29.60519970361774,-94.68255650825967,4
29.665805371313887,-95.2524938017127,3
30.324903929747496,-95.49679946958076,3
30.091716407915655,-95.90441147464155,1
30.087529147567817,-95.44659431234022,2
29.889873964551537,-95.28757515621916,3
29.36933554687407,-95.50545331193945,3
29.745878113397918,-95.95268462338434,1
30.100070960864684,-95.6674978863262,3
29.32000737972145,-94.86071153868929,1
29.983193622405643,-94.86789964869433,4
30.57331322884197,-95.6801237092216,4
30.132035826096406,-95.1343351244802,1
30.255310197446697,-95.78230047466955,4
29.836818562654756,-94.87828930130176,4
30.099176182067747,-95.28396745323701,2
29.50915137497609,-95.03742547548421,3
30.03895233431943,-95.9700826715139,2
29.989435846921268,-95.13262701432629,3
29.861868910913184,-95.37248592228957,2
30.221002596901474,-95.0716248252232,2
29.571825306753414,-95.04959627066575,2
29.69492986923422,-95.34677535868384,2
29.793811714475403,-95.58009037368357,3
29.40003616011871,-95.09690633623717,2
29.83982618033009,-95.39085407479179,2
29.158774355466154,-95.67527473373467,4
30.126834087049875,-95.69185328101018,2
29.77672307829809,-95.88680754570933,3
29.578087483633684,-95.54840190584707,4
29.46836923569671,-94.98385778387397,4
29.678297339633286,-95.3075595701031,2
30.001290898770346,-95.55521869707306,2
29.952108642558148,-95.08810042163697,4
29.51346171845254,-95.66116681760319,2
29.46428611458033,-95.33642740398352,2
29.990314547211877,-95.43267063045393,2
29.50757840838474,-95.09710428104407,2
29.781368420927826,-95.92182992982183,3
29.8037141248835,-95.66736921103512,3
29.869621746104357,-95.94318598068308,4
30.060794650563654,-95.46065885263324,3
29.318362972096438,-94.94580037372864,2
29.09149423615883,-95.54670652337873,1
29.56179345157008,-95.54853937836847,4
30.390934942741264,-95.06469645153555,2
30.468160935030582,-94.99580765454064,2
30.40131199744806,-95.40079987354407,4
29.69285652128376,-95.13014980108254,3
29.13665972130531,-95.74673408930728,2
28.940336314421856,-94.8875089831261,4
29.545486643457707,-94.61775279712202,4
29.691074229447725,-95.18737447308395,1
30.215618890369587,-96.09931606746997,4
30.064131910839855,-95.56518059183922,2
29.839991777647068,-95.15531113741574,3
29.4489543301706,-95.51731904900822,4
29.42412715461429,-94.92453050601246,4
29.849344690475004,-95.16394495744744,2
30.004367842593904,-95.61706642526802,2
29.897558441785954,-95.35850731623006,1
29.398290714137673,-95.68264162722367,3
29.988133670077232,-95.43370470744435,1
29.909468838485495,-95.56390763415139,2
29.385666757833437,-94.95863336991843,1
29.485887660394912,-94.62919578010914,2
30.00137359109655,-95.8707159166325,1
29.67832236269894,-96.04292570017341,3
30.31660155557276,-95.45561034764798,2
29.935795246622604,-95.90124549459004,2
29.590079084133755,-95.35362593871518,4
29.756828039863173,-95.10767236016792,3
29.7825841874232,-94.8468503359566,2
29.505463390365403,-95.29931190444965,1
29.440994130637833,-95.43740432869735,3
30.005886462833324,-96.06223472080057,2
30.056245653964734,-95.36063519778497,3
29.971723514343537,-95.34484945880769,2
30.290761333013332,-95.14616511502554,2
29.57077936739594,-95.61777083553518,2
30.346394768124895,-95.52206841008255,3
29.445077608506047,-95.88710078935647,4
29.40596005282103,-96.17175248240942,1
29.144414391247764,-95.75777398177887,3
29.604371640160615,-95.91941403498855,1
29.58409718210969,-95.25195069660279,2
29.944478048089127,-95.5511469198334,4
29.84576182956716,-95.55818299552618,2
29.342859320143305,-95.71434456616132,4
29.622945816550963,-96.50119790137936,3
29.630388292619312,-94.84189123793836,4
29.13880621356334,-95.71989468297187,3
29.41706864554532,-95.51414702444747,2
29.49061522928507,-95.87901225785126,2
30.26216875693733,-95.02962437979578,2
29.827407750585074,-95.31959987203693,2
29.992159063881626,-95.65902784984306,2
29.235877575997776,-95.5070803639704,2
30.178375069054898,-94.7824370272563,4
30.215785722058435,-95.39533930115844,2
29.06097926149938,-95.43340673816556,3
29.513539146629455,-95.69928352014874,4
29.93391795055543,-96.0329034026653,4
29.985935958738363,-95.42581353575277,2
29.522926844329472,-95.25588021068639,2
29.65347518793122,-94.98494543748531,2
29.5513166286342,-96.15677378707488,2
29.79904631643114,-95.76358371445806,2
30.17941248601167,-95.57305938169476,3
29.49053524500058,-95.37101829700062,2
30.110687174218945,-95.42056179203495,3
29.48681477467859,-95.41239103999054,4
29.46373047562609,-95.22696637950052,1
30.046908116420127,-95.6859525887727,2
30.083077732302666,-95.0428504952182,3
30.05839347786693,-95.21809164540518,2
29.29987090712365,-95.48174129244482,3
29.597317157674784,-94.80948220283888,2
30.048446007201164,-94.82505438754988,4
29.774939644197364,-95.04328662568217,2
29.38460750383089,-96.42629486969872,2
29.920811278693904,-94.81716921754871,3
29.510217459352987,-95.09163451713482,2
30.388483696937275,-94.66755697680047,2
30.30109451184639,-94.93668739289326,2
29.97183409922445,-94.81738006287594,2
30.236752346669423,-95.06227080243687,3
29.783076972543185,-94.89775738047408,3
30.028303123031257,-94.67185669074294,3
30.277602103355726,-95.29400584156762,3
29.84632453862801,-95.92008069042734,2
29.671084489970003,-95.4774113150053,2
29.16378231463801,-95.23331904021579,3
29.73130326599748,-95.34358934546995,4
30.04859811459681,-95.80609668815579,2
30.091371699648672,-95.94067366881823,2
29.936927773001443,-95.62920693402219,2
29.57094531676322,-95.08709115540555,3
29.068512450868344,-94.81668108021196,3
29.587074715698343,-95.0490013351778,1
29.65387929513112,-94.99970044951004,3
29.650874861483494,-95.39808545060724,1
29.976894724942273,-95.97952886019709,2
30.455386743855193,-95.52912720330895,3
29.803635220644384,-95.46036754415533,2
29.68454387379524,-95.54376837039248,2
29.66967236544857,-95.35065679711887,4
29.8039346684177,-95.21530308403746,4
29.47049718387806,-95.07124468411477,3
29.80246949556112,-95.46714195252821,2
29.91818431771613,-96.0361157919756,2
29.83379012225107,-95.5388072017519,4
29.920539676901676,-95.3545013610528,3
29.91221166327199,-94.94181722725331,4
29.140236161213746,-95.56853274476444,2
29.98330455543839,-95.19040973006021,2
29.525544804018143,-95.26826923512759,4
29.376856292948617,-95.35443481340681,3
29.373841860250753,-95.04411333823639,2
29.912139563665384,-95.6010944188634,2
29.682498775471302,-95.57111525737523,2
29.171710925605108,-95.37396528808297,1
29.9277132353173,-95.59385127678279,2
29.25653715422041,-95.19199569813088,2
29.809337475481374,-95.61941730652815,3
29.84387462398557,-95.2905935272892,2
30.070351978593266,-95.40486046907536,4
30.383989675263397,-95.29457591232816,2
29.282763285934813,-95.53070948827207,3
29.742034150377933,-95.4884809030844,1
29.663682646734525,-95.33619675620103,3
29.91221239008634,-95.29907392284353,4
29.83588406982677,-95.3712706703869,3
29.637008815042183,-94.77292317522041,3
29.606084233986202,-95.71655792155944,2
29.369642200685583,-95.39227132823345,3
30.106151553842277,-95.92057015774094,4
29.921121463559835,-95.23957148246642,4
30.081618869228297,-95.76013628773188,2
29.65176135223357,-95.4672085895568,4
29.53050758595695,-95.50002251386596,2
29.38298972667977,-95.27148810568958,2
29.88602115430923,-95.56327682114082,1
29.39647237141512,-95.5781569941929,2
30.407432074138292,-94.86725023756993,3
29.302725096617298,-95.27020162333392,4
29.856181041724376,-95.56616779820779,3
30.308799147524827,-95.45759178513393,3
29.970081415742335,-94.79392576670524,3
29.821885799372122,-95.45210770738788,3
29.421430723563336,-95.61104681810333,2
29.276780784001303,-95.60954865254423,3
30.029917538121154,-95.56199426834635,3
30.28755153427123,-95.57787420284934,3
29.60680250333264,-95.81767674692223,3
29.361728472334278,-95.76327003393143,4
28.900040699307844,-95.66006213102648,2
29.417132304718113,-95.16275014354142,2
29.720620105125338,-95.5032330505455,3
30.320093134292858,-95.44230659118291,2
29.995996792281538,-94.92526919116078,4
29.867179891647364,-94.91654749752155,2
29.620358118544605,-95.4685437300982,2
29.556291998960415,-95.59060222873919,4
30.252376659127787,-95.67235060978574,2
29.83065848926544,-95.12732848060212,3
29.02448975782764,-95.4414475317328,2
29.524661123235965,-95.50507321161298,2
29.46002438887993,-95.65458260129815,3
29.569207596787887,-95.63918324315398,2
29.957418731099782,-95.25777963297736,4
29.722794291372015,-95.83020339306054,3
29.733497107548718,-95.02159595717421,2
30.220115606463832,-95.55664562533522,3
29.51663861857466,-95.42217258048812,3
30.412869834060572,-95.8377422853492,2
29.52544234302012,-95.37412807838483,2
29.791619368814402,-95.4847123299417,2
29.661978741609033,-95.38732820959976,3
29.803596696725336,-94.85470188557333,3
29.916007198275597,-95.30760568397342,3
29.912242334031106,-95.64793071445104,3
29.496808934282797,-95.6187619686913,3
29.36737986289335,-95.16150408493017,3
30.636510126817,-94.9152573481523,3
29.591005481139806,-95.27112869273714,2
30.005124353535194,-95.12875053940583,4
29.19772554131688,-95.15639179683215,3
29.662535548033365,-94.87312745532486,3
29.715880215606145,-96.05215656045411,3
29.92588527447474,-95.13627337124342,2
28.807541050652823,-95.02549238463375,3
29.818549214577416,-95.83835329714745,2
29.357990490621237,-95.67978386440224,3
29.873920998918223,-95.66757396201986,2
29.397684781106644,-95.62487656873208,3
29.460981056426046,-95.53840096782743,3
29.664630336362357,-95.28488901543076,3
29.39208468563888,-95.06681387209142,2
29.593962943642627,-94.99133906478102,4
29.34271848100984,-95.66303807140872,3
29.118790341905445,-95.66544604954605,3
30.116684968350278,-94.90926235599431,2
29.306782957511626,-95.14343962260347,3
29.697861689337206,-95.34079730534584,2
30.023911878522824,-95.20413216355576,3
29.545169564119387,-95.380231323648,2
29.471591935089062,-95.18619536093334,3
29.839583331033598,-95.48742334377701,3
30.151676837954504,-95.27571827294626,2
29.351139657219736,-95.89849111762932,2
29.7078482587939,-95.6105245031889,4
29.154026891761436,-95.60675391187662,2
29.622779648711234,-95.50083651162242,3
29.77237163958833,-95.69407963917291,2
29.461281375385727,-95.55654026903808,1
29.60045285816117,-95.89984492183935,2
29.267520631092392,-95.17775483326179,3
29.78737751398352,-95.39867973161898,2
30.129892987109102,-95.9666226627216,4
29.37639964558034,-95.66199046869133,3
29.542464881706668,-95.25198950035323,1
29.936291186258963,-95.55985768123503,3
30.184631751762957,-95.61372951104833,2
29.237783565726875,-95.39590743695283,3
29.70132534190442,-95.24954086268762,2
29.859495787811834,-95.87252335996371,2
29.724680263279904,-95.17725503157374,3
28.89352277659302,-95.64990264856257,4
29.93578150325807,-95.37607478888742,2
30.292167722881725,-95.38219704924202,3
29.801231612909326,-95.55427314138392,2
29.399512881347007,-95.72808091114575,3
29.580805463772503,-95.4697902918323,3
30.379869573679457,-94.80093439182367,2
30.078886889301195,-95.84638626066227,2
29.984409316434515,-94.7774904433133,2
29.885144404237032,-95.46070240987679,2
29.52900201073316,-95.35742000401898,2
29.69020008677048,-95.75014878398466,3
29.73312704251252,-95.63974429583712,4
29.952751010622556,-95.5458183775133,1
30.288521612993417,-95.73579323980726,3
30.151818347877594,-95.4429212850798,3
29.263615475471386,-95.51225556213237,4
29.838798239115366,-94.72202660014749,3
30.018267170808766,-95.77789096498816,3
29.977001115550625,-95.33385831913799,2
29.540168182814405,-95.28305380133436,2
30.78033822551893,-95.74441219202814,1
29.31342040318411,-95.12941037659151,2
29.381284043666884,-95.50921445450857,1
29.842158278441552,-96.24213637805407,3
30.50128106923735,-95.1388526357634,2
29.467731802253542,-95.76072930943583,3
29.667360072023552,-95.73652123114869,2
30.137452785555492,-95.12903427098766,4
29.754148245789295,-95.49130651884646,4
29.643288650914396,-95.04857974730697,2
29.958371515660353,-94.94624186662213,2
29.855781296580357,-95.5955249611128,3
30.121053574972876,-95.09215812641574,1
30.212414111172876,-95.6342112804875,2
29.867851071001876,-94.58820942900374,2
29.86250645388241,-95.61233495158592,4
29.835338843800148,-95.010669395664,4
29.93159569482725,-95.07447349094144,3
29.779709723255014,-95.25916926226188,3
29.7601870311872,-95.60449010649583,4
30.179219492289537,-95.4227891221795,4
30.291040663124267,-96.1235558395306,4
29.2327564693783,-95.2912529865662,2
29.7639074031092,-95.24743463414006,2
29.519356948294167,-95.32307520332851,3
29.651559986729875,-96.41045715995239,3
29.901280673407364,-95.81277275578144,1
29.994703430039866,-95.63163184399703,1
29.72115574473603,-95.26771937338383,4
29.09073088284702,-95.26853138302495,4
29.422634046798336,-95.42937832718991,2
30.07417488457006,-95.14746406218862,4
28.801250752287775,-95.72898483135602,3
30.1759995030887,-95.1562177480071,3
29.94283049672559,-95.20364026330604,2
30.22106162853551,-95.23765584350673,2
29.690900784591665,-95.43351415087997,2
29.038908101591986,-94.72903966130906,2
29.911026924527274,-95.19718150902854,3
30.20652859341342,-95.70871755213874,2
30.084052631929698,-95.2828930834924,4
29.528457980779187,-95.10643081802402,2
29.790766376411927,-95.5756380096235,2
29.573907305927026,-94.98855471357412,3
29.47365673753372,-95.2360882029994,3
30.094785999912947,-96.18966741818286,2
29.341263691057193,-95.26491480793172,3
29.447564249296438,-95.51191020404445,3
29.373991028284667,-95.1817870649104,3
29.238813366845335,-95.03932480591186,3
29.81164500214491,-95.30149328350036,1
30.166926066968692,-94.78696171811936,3
29.69569313531416,-95.43234740959723,4
29.233388269802543,-95.15111376193114,1
30.05438058890971,-95.08807009922693,2
30.35039561391224,-95.40387108911246,4
29.534215186548693,-95.09722899220777,2
29.5929060066488,-95.57793554550676,2
29.94088122052919,-95.51769894665742,4
30.32805581172477,-95.82917104161771,2
29.578458048996172,-95.28530680927048,1
29.29404257665063,-95.25596191345097,4
29.981396512195342,-94.95705789449727,4
30.040073825599805,-95.09290099847544,2
29.76254600765233,-95.4694784448266,3
29.565053359119894,-95.782162890567,3
30.108432555847216,-95.21830235911801,3
29.945212601591788,-94.98103638965488,2
29.49144756908378,-95.10548525916862,1
29.777583155956986,-94.99023286629995,2
29.287302363791376,-95.44396133591938,4
30.000461659753274,-95.53311663886147,4
29.668618250716,-95.62771547328113,4
29.607901208665343,-95.38936376331476,4
29.748893930196648,-95.39730677858908,3
29.77450769476559,-95.29746283001131,2
30.073625521547946,-95.41505410996243,3
29.96728168596383,-95.41656970540437,3
29.70565675242252,-95.64164291854024,3
30.027683852401648,-95.04023334525698,1
29.900658038792066,-95.3430186782147,4
29.61109012729989,-95.43085537699984,2
29.71674864461723,-95.63140023863723,2
29.70852198890491,-95.83596958863687,3
29.937241470110973,-94.91201253260773,3
29.631942084847427,-95.17567645215387,2
29.62375678475243,-95.9381712448995,3
30.449465058301886,-95.10270019475162,2
30.089307418611487,-95.04693159041841,2
29.494189767451203,-95.32626835719468,2
29.96022934787977,-94.81046118648688,3
29.80182252297931,-95.29394812525699,4
29.897442911341034,-95.86568823478221,3
29.80846946359779,-95.24199084963308,4
30.176774925919833,-95.28408594440054,2
29.881367120628006,-95.58095389707235,1
29.738668955625,-95.1690544070929,3
30.125166701944057,-95.9534828431668,2
29.842049764380757,-95.02310161039502,3
29.802917502765172,-95.6771425962619,3
29.870307910870142,-95.71453114379096,4
29.727636841821774,-95.40963867030761,2
29.763629447548414,-95.21825947518472,2
29.555056893933344,-95.3124265777423,3
29.497491473131642,-95.62973070802033,2
29.410900364731148,-95.54693125191716,3
29.273205849621025,-95.76636482158212,2
29.452498923515407,-95.44843796557045,2
29.699406537936575,-94.99354257492118,2
29.796491153855975,-95.37129202817536,1
29.665446202898327,-95.06900501083419,3
28.935903778455426,-94.86040953179582,2
30.31150522521682,-95.57560648166293,1
30.140668043011633,-95.43510063856938,2
29.916415947925994,-94.60988249862812,2
30.428021735393646,-94.86427980580702,2
29.418322558880703,-95.95514158403432,2
30.421068792219103,-95.23429808937868,3
29.42257507313731,-95.3696040026811,3
29.843958273851975,-95.08054141119943,3
29.31455693620303,-95.63054256861977,3
29.76554293344053,-95.66366293021423,2
29.895558274299436,-95.60642475035276,3
29.706258384102906,-95.56997499116945,3
30.01025710543155,-95.08443654161684,2
29.79505505732054,-95.78322041060211,3
29.577554845067873,-95.58771486498576,2
29.562015338769182,-95.9959543366755,2
30.044219820415496,-95.01730876180567,3
29.53159028956756,-94.9249394651991,2
30.08079103966973,-95.48427570080233,2
30.188349127491175,-95.47408227768463,2
29.176350148178855,-95.21117233420098,2
30.156924235555362,-94.85373129741761,2
30.481547944455645,-95.22678623835263,3
29.848601316420677,-95.61393967986629,3
29.97007946485319,-95.93638790019526,3
30.123351863529205,-95.76009419193223,2
29.66398118968734,-95.34417319239064,4
29.824198078238254,-95.59916463312028,3
29.300430164631912,-95.30156130290324,2
29.808922259985657,-95.56332340568268,3
29.93473919847559,-95.74015125095305,3
29.941057058024263,-95.78176107100857,3
30.133298653259153,-94.82297592171936,2
29.489219237652566,-95.05865428778573,2
29.573987635164276,-94.76411871686021,4
30.423827571096975,-95.18081718473572,3
29.7077850691827,-95.5202969930152,3
29.830411825559317,-94.90663067712852,3
29.736946485396174,-95.38137380047662,3
29.47281171079324,-95.29250538039838,2
30.32863522381213,-95.38478853267642,3
29.57570450582779,-96.4012164767494,2
29.365850066702574,-94.8081427456968,3
29.60264090294404,-95.19794861891478,3
29.059802899396065,-95.25436192869601,1
29.532449387255888,-95.39142162179469,3
29.421554990751687,-95.31260026286485,2
29.976500020824563,-95.57884762754618,2
29.524705016154044,-95.15399722669245,2
30.0711313774526,-95.8272844205397,2
30.249869397574262,-95.3046760486353,2
30.03381136770066,-95.17324928530012,2
29.685014098898975,-95.43933419683802,3
29.80979007384696,-95.23999627263514,3
29.22665527094958,-95.71676703728198,3
29.713577219617566,-95.70783936981358,1
29.459246536176607,-95.28694900764076,4
30.003414233402257,-95.13230762088263,3
30.660863336235565,-96.0260029794256,1
29.935337572590832,-95.18709277771123,3
29.06350094786587,-95.55992052513172,2
29.63396943247997,-95.43728213055759,3
29.803271823881058,-95.83863127324776,2
29.79097509884109,-95.66786603406534,2
29.504615406036937,-95.03165613606438,4
29.84625210992293,-95.35829781910692,2
29.325524707078216,-95.50377244059834,1
29.429681947060228,-95.41057092342086,4
29.986429174561298,-95.19857586136749,4
29.40491786919206,-95.21562692634284,3
29.94877406192229,-95.39605945013888,2
29.28108767887038,-94.98726431118617,1
30.37808905932711,-95.03013807708267,3
29.48940552715858,-95.22511978980435,1
29.682116699868796,-95.35068587598147,1
29.876114641381644,-95.13973761670816,3
29.562527516624616,-95.25980640236958,2
29.810592086374957,-94.99851997486792,1
29.961774853582046,-95.05495351814159,2
30.09661463137622,-95.7261888654962,2
30.037424102590535,-95.7498871097596,2
29.700266337669063,-95.61523734054143,1
29.70907887908474,-95.02815145847657,2
30.582587995308764,-95.92150814886993,3
30.092861173887254,-95.2316349138122,3
29.437761720287927,-95.24290991811746,2
29.795395857317942,-94.96287317945983,3
29.643099901427632,-95.30668145826763,1
29.71303301812691,-95.83992328670436,1
29.33007669480217,-95.70557423622684,2
29.61622686796492,-95.78349843266423,3
30.39444452061787,-95.5580803882166,3
29.963076705306428,-95.43381554859837,3
28.88849350714699,-95.77770453417737,2
30.186253222374283,-94.8550683032717,2
30.141770333018208,-95.83364848018336,3
29.634650143492756,-94.89866380164813,2
30.011442240324126,-94.95499293899623,3
29.45961027621398,-95.05539410760883,3
29.595810499306776,-95.61261831262387,3
30.28489122623445,-95.24994219228809,4
29.665294486045603,-95.81687989674272,4
29.105993918315754,-95.05098253773818,3
29.738243872026533,-95.39569467353769,3
29.732894062479975,-95.51306207510534,2
30.179828999280712,-95.79811069632969,4
29.765417747761518,-96.23692714152016,2
29.6128461909959,-95.73328929996251,2
30.126169650830924,-94.98032063153548,2
29.80267658137539,-95.51079169996618,2
29.497892061452,-95.42906509999027,3
30.164649146189568,-95.14035597459905,3
29.82818161758088,-94.7378158926593,2
29.761424088337805,-94.90604837076903,1
29.82266793699408,-95.71011725133566,4
29.38566607000419,-96.04969970000309,3
29.57572117833758,-94.54393500931496,3
29.761653910641474,-94.5756529359192,2
29.69226770674136,-95.30384124124974,3
30.20574993398581,-95.81447088595364,2
29.836492048454453,-95.03267071313712,2
30.05961637292274,-95.40759429010441,2
29.763688374101548,-95.40934339308731,2
30.130100969311144,-95.0567394049132,2
29.899534714800605,-95.25276883859435,4
29.765097169885962,-95.78483521885524,1
29.755750918864344,-95.48345967727869,2
29.426346480798163,-95.13839647496853,2
29.93782050204771,-95.19121172215824,2
29.746328342912268,-95.27809419897453,3
29.58470281393658,-95.04310196593345,2
30.147661619784227,-95.49640094573604,3
29.32282439093682,-95.30726557867332,2
29.61252643659865,-96.55125268506215,3
30.120101562072836,-95.52717756784499,3
29.87083302932209,-95.10243398199852,4
29.743649375321535,-95.506438063491,3
29.848251240102552,-95.53297958710098,3
29.823194959867095,-95.73430853312118,2
29.229568108799928,-95.0186219375448,3
29.638158340128214,-95.1778378542608,3
30.326182579079813,-95.08090489076191,4
29.52963655282799,-95.97397488668526,2
29.648994645063485,-95.42595751514297,2
29.570832732841787,-95.4678388527125,3
29.729944671838652,-95.46800009730948,2
29.556307009036495,-95.58540964030128,2
29.93075952575532,-95.49093649512301,2
29.829459694301594,-95.07242432605267,3
30.031141665287457,-96.03929797367174,4
29.392570591833863,-94.74774683118935,2
29.641280830990983,-95.20045560624074,2
29.681397078935753,-95.38461616348107,2
29.919876418531008,-95.05240804876948,1
29.48277258097754,-95.87794216080896,3
30.08087883149042,-95.60244531680286,3
30.175645456681163,-95.4121764013367,2
29.414294678327547,-94.89185387034874,3
29.58859448678725,-95.3860738033943,3
29.57422397209777,-95.21228086508519,2
30.681735171637126,-95.57615264857765,2
29.609934963177242,-95.19940527586138,4
30.34756890475465,-94.78276614245894,2
29.317078801712686,-95.02136565791406,3
29.414022161842475,-95.39830959572225,2
29.52008841385313,-95.13337820345708,3
29.46440874099372,-95.16766906588748,3
29.666635443044527,-95.19249431490596,3
29.512327629047476,-94.98061632369885,4
29.4736304425429,-94.98323280365689,4
30.165865198765665,-95.41430550890621,3
30.18872776787961,-95.14514232848278,2
30.092653774431362,-95.50388322240593,2
29.943799634454514,-95.69287533871045,3
29.792860073022844,-95.46412281449639,3
29.58643925826693,-95.39649735310886,2
29.42679487333572,-95.9513533462123,1
29.88744849620144,-95.06868360420414,3
29.34962936260862,-96.33836389791084,2
29.412527674788613,-94.41961407117978,2
30.163919639671683,-94.84414230317128,3
30.42562716460273,-95.46115305346031,3
29.89805329835827,-95.36650077380267,1
30.147660003303127,-95.26375984424445,2
29.674353088894605,-95.57600613579612,2
29.29221403486931,-95.30238329834457,2
29.974660066516506,-95.42019999219558,3
29.959651263144522,-95.40279545103084,3
29.785483993858087,-95.30628862778177,2
29.67556858966321,-95.8295347294239,1
30.097173702503383,-95.35595059655323,2
29.415393438300384,-95.31259328868389,4
29.48957679738827,-95.32470263252543,2
29.407562722633852,-95.44534076440266,4
29.79014053692254,-94.97154977841072,3
29.37963744576176,-95.49357839420854,3
29.520915236819665,-95.29023593261188,3
29.51338555322048,-94.91574586312606,2
29.669187083683116,-95.39758164900711,3
29.23981894375861,-95.29473785638635,2
29.790921747213044,-95.40353462271021,3
30.19695627773264,-94.93672057225274,1
29.807821980310866,-95.4600035965552,3
30.299862400680464,-94.92062589794912,1
30.227299365056925,-95.40605576312647,4
30.03260726653675,-95.6706109032068,2
29.786540044922912,-95.13201939029905,3
29.768275135885904,-95.47643374181447,2
30.027729920327143,-95.15262468531529,2
29.623315286673588,-96.3250915347233,3
29.101517736986388,-95.36797815833677,4
29.932601418936038,-95.53066185456511,1
29.36452597952276,-95.74194054028594,4
29.423650570133365,-95.56343435064393,3
29.760478381798528,-95.57059610050243,3
29.727106292856288,-95.3865950281977,2
29.26617353778953,-95.84836426144973,2
29.8183220474466,-95.2591041769091,4
30.09854888130137,-94.89162482517797,2
29.365480450406977,-95.27147502606826,3
30.205769165797065,-95.08665398676985,1
29.21434021120452,-94.98670314088517,2
30.501463450529833,-94.93702867073553,3
29.616458849330783,-94.71525145751254,3
29.811365948889414,-95.54452069939657,3
29.098188249630017,-95.62126939480639,2
29.738652376735743,-95.09558702308634,2
29.84036876220137,-95.12190682311991,2
29.73024326356518,-95.09831364513451,2
29.56332162303167,-94.7085511410124,4
29.429102418515264,-95.36582053192052,3
30.156084316838058,-95.22064520412383,1
29.771182497249285,-95.71293588801922,4
30.29966333178087,-94.62243760660841,2
29.57613117582178,-95.48759072242319,3
29.608221857319723,-95.47767557485629,2
30.045857985608656,-95.49116246185288,3
37.65015050781623,-123.23697574396928,4
37.24108509716823,-122.26923615135135,2
37.70672363255087,-122.46200803882427,2
37.668041796268504,-122.53707130783336,2
37.87961991813111,-122.34248467062095,4
37.55664109188358,-122.9211473730379,4
37.80407087284129,-121.74415550118255,3
37.65821698053732,-122.45536861152065,3
37.658875214095175,-122.47044555154027,3
37.80302681408706,-122.75728867354651,3
37.78908302981095,-122.41101876614276,3
38.04131091366808,-121.93396403840435,3
37.73267493805456,-122.05682932669879,3
37.652440127806955,-122.1203467871008,2
37.71161739421947,-122.22816036691646,3
37.524767559105655,-122.5448898846469,2
37.64893111725167,-122.92695710846284,2
38.48580554957563,-122.48976357015331,3
37.45546243375645,-122.50195501258678,3
37.677370283142245,-122.05232194611506,4
37.63927896785561,-122.31111334513906,2
37.68838993571446,-121.85509096523376,3
37.658966241892564,-122.00027901098663,2
37.87263403542735,-122.57917346332643,4
37.17633871451287,-123.04769521881695,1
38.137910015386204,-121.93444866812048,3
37.996303979874774,-121.94361517186924,3
37.339894944877905,-122.89757405681577,2
36.980722954466664,-121.89116599306037,4
37.43292474885051,-122.28565899029262,4
37.68996673850051,-122.36316007565601,2
38.67800216454177,-121.85422586101343,1
37.965039937741,-121.94876018936928,2
37.142243622786495,-122.19143416680167,2
37.53352057328467,-122.2537740269658,4
37.756275647304456,-122.20366199831437,4
37.863689244004334,-122.55942010185888,1
37.31473789889135,-122.4386855074063,2
37.72765342020803,-122.73521100410808,3
37.52372630183631,-122.53596392150861,1
37.38858450308919,-122.54772185753413,2
37.86575847634464,-122.64175687936758,2
38.04575701070499,-122.37153872407303,3
38.06926444693657,-122.5327932977452,3
37.97593522289686,-122.2436178478768,3
37.60082066340091,-122.98721221465281,2
38.02499241651223,-122.45907417793755,3
37.883069053336506,-122.37335692593787,3
37.821779659033204,-122.5281202339429,4
37.560807407404376,-122.47973744493322,2
37.60099335543047,-122.97423610375544,4
37.800760427643596,-122.29463301336567,4
38.62885606344493,-122.19273790610153,2
37.88033486803199,-122.24666194702868,2
37.5609840242124,-122.05584552919524,4
37.483563694260695,-122.34886463797612,3
37.602781685570335,-122.25186158677216,4
38.536952706642175,-122.36476824154009,3
37.63516017391892,-122.17875724814262,3
38.092304687113604,-122.97143037264624,2
37.64332511408503,-122.7321533387923,2
37.866314589447875,-121.86398512003841,4
38.052010845903055,-123.28055253773367,2
37.57473400256653,-122.46846227543887,1
37.55051092104653,-122.00910376413717,3
38.35550439305937,-122.4520412329396,3
38.119507513213534,-122.56115387500775,2
38.05163531154176,-122.37410241311464,2
38.05044670259302,-122.54299206300085,2
37.93575142090887,-122.40860267753507,1
38.481121534611276,-122.65858336278204,3
37.79026790565701,-122.03136395301549,2
37.976941828520324,-121.92125727762702,4
37.2670804749921,-122.46608661273906,3
37.48616375969307,-122.90467129724193,3
37.35461335005774,-122.60274510960969,2
38.220822254230654,-122.48379603103604,3
36.88151094679274,-122.24246139308387,2
37.634091492036546,-122.77220462810973,2
36.727102689068786,-122.68860681152475,3
37.48394923658134,-122.24066335174942,2
37.60306786759385,-122.09078190878616,3
38.259604882827915,-122.63695791580973,2
37.91371977872751,-122.88602596888285,2
37.48330046683486,-121.26995862954924,4
38.14798730190614,-122.14524351701894,3
37.78114128908542,-122.51285131661845,3
37.78804840054754,-122.1152390535642,3
37.353964972279805,-122.46295982040004,2
37.428395200133906,-122.11589508881494,3
37.486115945019066,-122.36361238077832,1
37.79116144560397,-122.38745483564135,3
37.80216000444324,-122.45915365388078,3
38.31533243223342,-122.92598346671208,4
37.90966930877824,-121.7410667852124,3
36.82725200721477,-122.74893687209371,2
37.86682469575509,-122.8954082517087,3
37.26739427534137,-122.49390095896473,1
37.43681017638596,-122.75591513472867,2
37.49064068489579,-122.43749947669609,1
37.5427315867707,-122.17868265300338,3
37.293597712785896,-122.07104398481476,1
37.846118701208304,-122.1342442474324,2
37.281119200218164,-122.52637121917499,4
37.89973366253745,-122.40204286031845,3
38.55783987697157,-122.27664233218587,1
37.30962432937308,-123.03462559837972,2
37.675321393481276,-122.21969535495805,3
36.89168992312064,-122.92945475065434,4
37.669572647460456,-121.70527869038273,1
37.99985100342102,-122.56098027962459,3
38.02712373097505,-122.4841063120181,3
37.801977305599436,-122.68879748473324,3
38.08614219866564,-122.63988951114949,4
38.66601908757998,-121.62346725079986,3
38.37420664060316,-122.09027060898184,4
37.59201767470663,-122.96162085580174,2
37.26701360473665,-121.89292548476017,3
37.632747004199175,-122.0017652037005,3
37.44345603203393,-122.51782436180089,2
37.93287164175263,-122.31205607028956,3
37.361482261199676,-122.42463042779737,2
37.749412148593386,-121.72899703344358,2
38.06820491908771,-122.69810156614723,2
37.73965644451399,-122.3682962865785,3
37.44369016203827,-122.56925086584748,4
38.186084920155,-122.92096414161624,2
37.117256669336165,-121.65232661073075,3
37.66017173044289,-122.83294830268584,2
37.76031899181653,-122.34235478437927,4
37.78046803043987,-123.02864521223312,3
37.83807361962733,-122.55907468873508,3
37.98855393693332,-122.27171091249829,3
37.76250739633413,-122.70805689282582,2
37.64607960124972,-122.21401935224252,3
37.63224372936911,-122.51356438216082,4
37.56086946928658,-122.01337112066048,1
38.050540163514405,-121.94278368033092,3
37.54861503218322,-122.6247606662555,4
38.07126988815289,-122.39254349921247,2
37.78154967879096,-122.35519102073471,4
37.592460817600355,-122.20262774659786,4
37.99134252551045,-122.4143663013145,3
37.52029112634691,-122.35282616423,2
37.998264414254876,-122.50459226617829,2
37.84935414241713,-122.37906604655979,1
37.56618635881783,-121.96512093226269,3
37.9599221853671,-122.19327086557584,3
37.96620640399102,-122.17396052619482,3
38.18003186203349,-122.16632538655254,2
38.11305145434326,-122.47323307225835,1
37.9468459072542,-122.30781053474716,3
37.380243167076934,-122.79921078741751,3
38.63190544586092,-121.97531732028907,4
37.28363432612487,-123.39343615132012,3
38.10714211099881,-122.44990193731739,3
37.92584933591021,-122.0200864079974,3
37.363950169631615,-122.89675377677027,3
37.73139467139253,-122.2794770288341,2
37.74733648981438,-122.65766825630266,4
38.23185395053368,-122.5484811428161,3
37.52524118490193,-122.08832066377619,2
37.68321924775148,-122.3500800759402,1
36.957275638242564,-123.13142455375953,2
38.382066977593254,-122.76114893890606,3
37.40023611494298,-122.07803249278894,2
37.889318802483714,-122.26227004863244,2
37.73940725959735,-121.8075525496165,3
37.740599661625836,-121.83047334209535,2
38.05835169470481,-122.53918579555138,3
38.359841861106275,-121.54326676822568,2
37.8629227844797,-122.41083211555183,3
38.00417730617069,-122.75633398704315,2
37.89001203785447,-122.6411739530687,2
38.13103599837572,-123.20925378685129,2
37.612879267179785,-121.85694334711275,3
38.151286694045744,-121.86123330383464,3
38.16357495297659,-122.77482760358465,2
38.15378795303902,-122.49915950093366,3
37.54384824643223,-122.3859373595606,2
37.715981828016986,-122.75552356824974,4
37.85871344607315,-123.03368571094491,4
37.29510528430985,-122.49302516132191,3
38.33312207283011,-122.53177780031073,3
37.77060321327424,-122.55534393434607,3
37.874274760661656,-122.34144937808966,3
37.57294844609548,-121.9190681195159,3
37.31049285422154,-122.5254824518921,4
37.563489540083836,-122.35974495044752,3
37.851621465671755,-122.16499531668927,3
38.010600084463796,-122.22544997572054,3
37.831527039210954,-122.63444823355674,3
37.89625340568468,-122.38566800691008,3
37.65694076886152,-122.22776106294083,2
37.9485869981859,-122.81432296812876,2
38.293891503235066,-121.97716134622122,2
38.021576304853646,-121.91834388317505,3
38.05823966088853,-122.67237308940557,2
37.87780573975732,-122.35161549357814,4
37.24879572564014,-122.19460261016513,3
37.40926671427907,-122.61036495471505,3
37.93410653023235,-122.25083515400917,2
37.77107133181397,-122.36226053079774,3
37.92884501026549,-122.93317136217358,3
38.361648196245426,-122.2586935394075,3
38.02901259973027,-122.80444984569486,2
38.21551017200999,-122.09067900191828,3
37.80803848631476,-122.65432387629686,3
37.492374512880446,-122.4758499017814,3
37.75464684427498,-121.93910238029369,4
37.493236865198305,-122.2456664237149,4
38.32030323487036,-122.79721587185108,4
38.05153687678742,-122.77462079977967,3
37.9570793738199,-122.6291559760183,4
38.20748012077984,-122.28127457082516,3
37.06788025491687,-122.29399506477353,2
37.980748282969934,-122.714485806632,2
37.31617397549347,-122.82792331996502,2
37.77236050553702,-122.32084580821996,1
37.665802342636475,-122.48305102302655,2
38.006507814233935,-121.66437443939328,1
37.85476555113634,-122.40658872020292,3
38.245691010764126,-121.7844115103049,2
37.564235993673584,-122.82903425933651,2
38.02309003637165,-122.9700245288466,3
37.83167812591459,-122.81142979638393,3
37.20254840547496,-122.00320457649129,4
37.45338423951694,-121.80476444360725,3
37.72244268826724,-122.69316280888341,2
38.16420235746211,-122.58059811041583,2
37.937203070144996,-122.82854331857438,2
37.36627471164175,-123.05347394649144,2
37.725789320183495,-122.16795590577817,2
38.48113225707756,-122.34134289396324,4
37.8138281671943,-122.41572920606414,1
37.660336048724666,-122.90941978800718,2
37.94700887426468,-121.84541516135997,2
38.04208757785369,-122.5955748583173,3
37.615241078381985,-122.23263075131423,2
37.95080117103001,-122.92849649183565,2
37.65978867616522,-122.48608381636701,2
38.02666466064031,-122.31741894031649,2
37.83429260528995,-122.30492367368134,2
37.94358873946852,-122.36527300986718,3
37.509185758841376,-122.24631712778293,1
37.4874497655745,-122.81508215961153,3
38.10582405663079,-122.35031958809611,3
37.74711126651508,-122.37958481078189,3
37.874662159734775,-122.33831456053173,2
37.66766160051972,-122.39407917393828,2
38.089454370904775,-122.86502447086968,1
37.56216650698962,-122.88062991323814,3
37.7274395660347,-123.1943938650596,3
38.049997484446095,-122.13326292155415,2
38.18543869470749,-122.12971987159267,3
37.59158424814066,-122.12415739807226,3
38.460789393684564,-122.31202351313848,3
37.88453459279277,-123.16599172620134,2
37.40987510836695,-122.77874867212483,3
37.90406821700649,-122.3597546038424,1
37.64085027493079,-122.37196869902287,3
37.926823970514114,-122.4973618746032,2
37.75990031331889,-122.29027897898212,2
37.80089579156655,-122.41532190231015,4
37.455842318194854,-122.37713033705703,3
38.12142143075073,-122.6430728664912,2
37.37025542149714,-122.07569615485744,1
37.386832286608254,-122.57017006303813,3
37.903476122201624,-122.88512717905722,4
38.33589548651229,-122.68924965448655,3
37.65149241602746,-122.5413631669767,4
38.02024031294639,-122.0714990240709,2
38.150569061902246,-122.43419379945217,3
38.060039553052924,-122.48455187663798,3
37.66597709878921,-122.85643219866691,3
37.393033648982076,-122.14448109355965,1
37.002258352015026,-122.64758325390818,3
37.682905825188165,-122.45440975062947,3
38.18723057899676,-121.90133592309134,3
37.381441905333325,-122.24133283413273,3
38.01997344663157,-122.9892889167003,3
37.44234661448185,-123.03872858272337,3
37.8120254017354,-122.44190865754173,2
38.02262706495426,-122.84385921520618,2
37.54407659710655,-122.19240863832844,3
37.83456963824392,-122.40460792726225,4
37.62961803214614,-122.36151533084164,1
38.02170203062836,-122.66676011357482,3
37.85726100896962,-121.80991572064966,2
37.79467768605024,-121.42449219519634,2
38.3203224860497,-122.51690465331485,3
38.006707149828905,-122.29583626305475,3
37.5332768468558,-122.38530392992749,1
37.744847634720784,-122.51029040220438,3
37.74833542522212,-122.71062466370647,3
37.80301185041883,-122.79913879561816,4
38.65847824681263,-122.81685904293393,2
37.90469816244885,-122.2775659910578,3
37.06233410046333,-122.60128606737126,2
37.584920359899066,-123.32180249754919,2
37.09856976937647,-122.26369962279058,3
37.65947061003396,-122.43279144886245,3
37.07934141959575,-121.9480644495096,1
37.46984333512605,-122.28880716101814,4
37.242647464628064,-122.9369357587086,3
37.90935606228862,-123.19978682425548,3
37.77508877692011,-122.67121533451828,3
37.88093680762456,-122.63818759724278,2
37.738307014001016,-122.08929427964993,3
37.286895787428456,-122.42250482630135,2
37.95463247923916,-122.02260902566552,4
38.44767859609431,-122.88309156949592,2
37.91812440251229,-122.08155746546684,2
37.625826390238856,-122.16705379629917,3
37.2750764883631,-123.12578193900092,2
37.457076560234015,-121.95648375555872,2
37.93346387980022,-122.38668952788177,2
38.15049130937978,-122.28218442364602,4
37.8662031611527,-122.72211363934994,3
38.0548605513971,-121.9730635454773,2
38.02258738540954,-122.8344483152336,2
37.95218703698507,-122.12816779356912,2
37.544434241658564,-122.13218738343195,3
37.835773229191304,-122.76035859986027,3
37.47796776864126,-121.7252192402021,2
37.781000133535336,-122.33836503192387,2
37.89070223587342,-122.19053758640514,2
38.3624743325854,-122.9538922783675,2
37.31649380897133,-121.678194498947,2
37.94342767084696,-122.84799492907878,3
38.29333280706826,-122.06068974853191,2
38.04049671804358,-122.76757010127609,3
38.06643090498876,-122.63604608099668,3
37.980593215653734,-122.14333608464008,2
38.2293170714214,-122.05975655021369,3
37.39428264116067,-122.86434948718993,3
37.28982566691042,-122.03773474083005,2
37.772683050837166,-122.05365682670337,3
37.0184932637499,-122.74768369309571,2
38.20562603146231,-121.8598733422431,4
38.202150318423406,-122.92930016988682,3
37.62322730572042,-122.63807040397216,3
37.645130291168826,-122.2517490815678,4
37.74957838369727,-122.71814819964591,3
37.79310722765387,-122.32706332001223,3
37.819410871718006,-122.33502337241885,3
37.970281237407406,-122.48487599447294,2
37.71448077644703,-122.1280598114933,3
38.10501765621723,-122.49932627743017,1
37.93098172199386,-122.33836062591516,1
37.56246279394458,-122.01813484287923,3
38.24218943373144,-122.14265982649096,1
37.29951005485713,-122.14429394821502,2
37.74264196621249,-122.82161286077587,3
38.11332109037642,-122.23572259857454,1
37.521824413280754,-122.72687457683932,2
37.8832444763685,-122.8678952429223,3
37.96506885894967,-122.44449722119974,3
37.47371664620657,-122.73590331532806,3
37.74953279814209,-122.142683798406,3
37.720123659426775,-122.13431258910663,3
37.5817917518587,-123.08531918275101,3
38.58048619821778,-122.7093058888519,2
37.50781277629409,-122.93032533517129,3
38.12662560292376,-122.58132024680751,4
37.6374196440916,-122.2600885155459,2
37.394577333890155,-122.50420083436244,2
37.81088498510427,-122.6258157342335,1
38.00208268453563,-121.9643382156154,3
38.09707835127299,-123.2261000104087,1
38.32169278872928,-121.98649483726862,3
38.80573620147729,-122.60990090260442,3
37.86257997131446,-122.44673815353947,3
37.542817739161116,-122.60397716820204,2
37.933406014378214,-121.8793891630613,3
37.68172546735773,-122.85024247388183,2
38.09898814544828,-122.41529227059732,3
37.320892496272,-122.234796471849,3
38.603817089840156,-122.9832509687598,2
38.07451683317143,-122.74136435965615,4
37.18549859377134,-122.47126248672437,2
37.52673988418976,-122.72973276213953,4
38.06052836543988,-122.7048571199267,1
38.18662041966001,-122.54185193207675,2
37.329616830468815,-122.19204653392383,2
38.02445904765153,-122.53935122190735,1
37.09333104456833,-122.04195083193447,3
37.74363244708513,-122.76861522393077,3
38.164116394736126,-122.85757279116571,3
37.58186949446396,-121.7451791079976,2
37.2474771953017,-122.64968534468292,2
37.82607517873215,-122.87821920247525,3
37.56324839667759,-123.02911887962014,2
37.99524542812304,-122.04311379116687,3
37.46503574872368,-122.53885658013101,3
37.504477088621414,-122.50819840727324,2
37.06754918769332,-122.47512059905532,3
37.83438064886802,-122.06486999036558,3
37.718583271603194,-122.48223544189158,3
37.35896536524098,-121.59898117740858,2
37.842729549818486,-122.37258379908101,2
38.13437460522545,-122.04777533156458,2
37.69945121980337,-122.13756604973345,2
37.868758432437694,-122.43215656209031,2
37.87055893735481,-122.62483984510716,3
37.35338456048736,-122.3032126250017,3
38.49470503724766,-122.24086544407746,3
37.610102559457204,-122.61980511684428,2
38.004540670651096,-122.36118139691726,4
38.04412534703017,-121.98672825760914,2
37.72604170550949,-121.6949182913256,3
37.98727825877087,-122.12037073787769,4
37.86093672763574,-121.7674341097669,3
37.27872608497041,-122.63968097392225,4
37.65860455456247,-122.17374121177924,3
37.56050718417608,-121.95091817199655,2
37.61328923552886,-122.7331166665402,2
37.31849888775718,-122.58935653921574,2
38.169151800861115,-121.81113333335766,1
38.3355974291147,-122.76068459952542,3
38.117201041599444,-122.88879551142949,2
38.2195852284515,-121.88460644922617,3
37.654277807047144,-122.00053287125684,2
37.55221010775489,-122.26815791460568,2
37.502394533615906,-122.43539876412603,4
38.00032272303503,-122.57288357696174,2
37.854372068600455,-122.32071789416683,3
37.74787240094055,-121.86646756490946,3
38.22820199046837,-122.33590185585027,2
37.91662947383537,-121.66096425646356,3
37.4813698268678,-122.73367969497407,2
37.53658190980251,-122.42628826401489,3
38.01359765473895,-122.54997053368237,3
38.139506498429114,-122.79919954010681,2
37.96798808128959,-122.47297930655337,3
38.43881106175523,-122.27333474441885,2
38.347152508006,-122.23591943701679,3
37.92926254219777,-121.6597417373694,4
37.48139676918148,-122.25683638559676,4
37.316404370893885,-122.01685211871214,3
37.639316389244854,-122.39626701379535,2
38.03852470624566,-121.83208053984158,4
38.41422647775918,-121.57994275004417,2
37.921006462043785,-122.23352020415841,3
38.18395297798094,-122.76683065540804,2
37.68904237983427,-122.611481757972,4
37.99286919382965,-122.32072299387819,3
38.06307489031701,-122.25962568766226,3
37.08204200345162,-122.17495120296546,1
37.63019641916822,-122.25833081156948,3
38.10729513449726,-122.41695527931041,3
37.8709639174728,-122.64206945442074,3
37.356119733147175,-122.27900160855752,2
36.924357168495426,-121.77015442488177,2
37.6468767391443,-122.06242498810028,2
37.749845007487146,-122.23225361762732,2
37.46552696756008,-122.05905157666203,2
37.8249797279598,-122.5492724101153,2
37.95213536153152,-122.59729280112916,2
38.009640509754185,-122.68112478652809,2
36.95032837627369,-122.4632503179693,1
37.31490021576716,-122.56710206384817,4
37.668282073075844,-121.99650384077175,3
37.975160595863116,-122.58576319618876,2
37.946131904742515,-122.70035260067871,3
37.94005448175684,-121.73949798740928,3
37.640703720310874,-122.57738133087847,4
37.66022829694152,-122.36566503996238,2
37.519984756052395,-122.26143701133981,2
38.04376794483705,-122.81724259162227,4
37.45272892429115,-121.98698068067392,2
38.07241273831635,-122.19640833585606,1
37.84764863334818,-121.87396559584172,2
37.7591344325407,-122.65712767802633,1
37.54505136007824,-122.38470597263334,4
37.30046034859256,-122.40562548575203,2
37.548221535267686,-122.32703902697749,4
37.65939759598129,-122.928515162002,4
36.94574149094657,-122.38060726745772,3
37.70582569563287,-122.91866236899831,1
38.09842507880911,-122.29398307508107,1
37.97342626690186,-123.16442719358147,2
37.60122794349047,-123.0674553920017,2
37.79132770444533,-122.13290794924599,3
37.5802424007023,-122.61079345931817,2
37.8269662566675,-122.76515032577127,4
38.313937738310415,-121.97460403262356,3
38.11387458091871,-122.30473082393505,3
37.957178006992464,-122.11416843156317,4
37.6023902806657,-122.47758472531228,2
38.0373784375307,-121.481529957135,2
37.18449306701943,-122.63097985119592,2
37.68657628130319,-121.80882655772403,2
37.979198996938386,-122.44087811403496,3
38.034047424916714,-122.99847863821945,2
38.00935957157551,-122.25040293898816,2
37.878090741223396,-122.30923310349068,4
37.70639625732064,-122.78736263498372,2
37.963191589439276,-122.74217674699715,3
37.4413986357948,-122.42804417507975,1
37.47926295784737,-122.2969882646632,2
37.79650713676111,-123.28413214900779,3
37.83551917494806,-122.05080749161667,4
37.13593468750238,-122.59247429083524,2
37.93420123333233,-122.88551161953936,1
38.04535493227179,-122.09002670699182,2
37.7478501668868,-122.42766629279646,2
38.6059631991494,-121.99374197812621,2
37.53587271278969,-122.26611670795708,3
37.6485194928146,-122.41993007603182,1
37.63662658285548,-122.47285548074305,2
37.74823433604815,-122.25045053380535,3
37.6598463154618,-122.56413594058326,2
37.2825163093883,-122.71780040606127,1
37.583608096317235,-122.20593180707087,4
37.740732756479076,-122.46997074450555,2
38.2049002287217,-122.40765132317584,3
38.54568514568052,-122.03811705734589,2
38.24231586424773,-122.45925681270751,2
37.50351733961459,-122.41413812606037,2
37.53136663628084,-122.62927732900782,2
37.71913499787173,-122.26864102310635,1
38.39949561109876,-122.29696023056196,2
37.71700158173634,-122.1041287038733,4
37.3102723783119,-122.6220950929524,3
37.59948800206644,-122.57963593935656,2
38.0398696006368,-122.14215191029908,3
38.01637909691363,-122.33112544882299,4
37.704824166727924,-122.73657634416745,3
38.01409513574601,-121.96210607629293,2
36.97928972910861,-123.01385769894009,4
37.81124023226145,-122.14490033635768,2
38.076139897479024,-122.86222421259936,2
37.48339785369591,-121.75937401923007,3
37.482181512226305,-122.96000990441696,4
37.12164314653278,-122.01611227184453,4
38.331363458183745,-122.44797202600392,4
37.52284610804245,-122.54771089944356,1
37.85926514725174,-122.35451117023628,4
37.986270964519186,-122.19823488129477,1
38.30412378219951,-122.7359401758158,2
37.72103577910503,-122.704925703809,3
37.58609957217755,-122.19203829721049,2
37.8354736769997,-123.01697003377735,3
38.224328096789804,-122.62388018261723,2
37.71533961400973,-121.3551595660442,4
37.44069582144557,-122.75820453760625,2
37.23563476708963,-122.01766902288408,2
37.34744591538817,-122.62448276904983,4
38.07743702409233,-122.241234199321,1
37.66268143329262,-122.19037550829132,3
37.56226768152776,-122.02426514268596,3
37.524311471885625,-122.48948883938446,3
37.804666051070065,-121.7232903764358,3
37.69109071718205,-122.6256677976048,2
37.67930374969826,-122.33742285524015,4
38.24716337473376,-122.33355307372383,2
38.31320569865157,-122.81208884198229,2
37.21139241448186,-122.51945528924269,1
37.88955745590004,-122.36287027526656,3
37.50299826548252,-122.5706423650953,3
37.68801211014862,-121.56507661209021,4
37.883147434794346,-122.71291828575983,3
37.70044802907418,-122.00660143615085,3
37.85556095821968,-122.11963906539792,4
38.010439572111174,-122.4242517470765,2
37.87800188018912,-122.72222316884829,3
37.548507293541334,-122.68828936213711,3
37.55468013756039,-122.60068855472578,2
37.27100314618369,-123.0444094486812,3
37.47602789586775,-122.77061289902974,2
38.46162392666449,-122.93826678037728,3
37.497698749066664,-121.9483437488878,3
37.35721741564466,-122.20293816266413,4
37.88687475164567,-122.14430906539708,4
37.73627233424785,-122.21330881696032,3
37.706442367102774,-122.36096133183304,3
38.26806608824423,-121.9081618837548,2
37.96709433644543,-122.6331669295061,2
37.58940247390379,-122.38206562062153,4
37.62633342884288,-122.15792941026156,4
37.598994720133014,-122.88182323114964,4
38.08105886755309,-121.3355938863501,2
37.667048329691404,-122.40940198302783,4
37.14729627414105,-122.36970369229854,4
37.75798811244298,-121.97949268891378,2
37.23694089960523,-122.09916563344642,3
38.53938071061422,-122.40607269321123,3
37.43691623015347,-122.37385469666569,3
37.7182473321248,-122.9458519858318,4
37.8652709571454,-122.61416302224748,2
37.67386964376227,-122.23837642434437,3
37.67338935948683,-122.26403750633499,3
37.92253955015631,-121.99199198749857,2
38.3090755855787,-122.46157537037816,4
38.04352817863606,-122.9049502797008,3
38.29237985750074,-122.04954434922851,2
37.40858331216727,-121.91676872883629,2
37.885976921639376,-122.10501439950032,2
37.8292361182204,-122.47667178480012,3
37.89778195208686,-122.0538648818432,4
38.25658118972245,-121.21928133269712,2
37.69762379757278,-122.37909668994583,2
37.632973821706074,-122.87850784228579,2
37.96179327909653,-122.62459976734326,3
37.152529045351955,-122.20048339989359,4
37.69200178280724,-122.98108150881431,3
37.727930808750095,-122.36010892378077,3
37.452774484292576,-122.28628217238943,3
38.144870653974806,-121.88210739106557,1
37.403115888929854,-121.96083180038099,3
37.72734443307267,-122.11679532288687,3
37.87750502886304,-123.17633765368008,3
38.248608046516644,-122.09703140518322,4
37.771205247791706,-122.17247031487891,3
38.102553757944875,-122.32981946802258,3
38.020108389046996,-123.02497774415092,4
37.8181101446592,-122.69127086821547,4
37.39357030710429,-122.82778796933692,3
37.27279669868348,-123.12465295382748,2
37.812176890496715,-122.42042030299517,2
37.584956094134085,-122.69863774250497,3
38.09664138208846,-121.50054304690588,1
38.0359497813345,-122.47847017880326,1
37.71028615194704,-121.96658639544691,1
37.36970047662056,-122.96858465864263,3
37.95365744236255,-122.6049313551017,3
37.4186176938527,-122.38548574338799,2
37.5094376269742,-122.73725388201268,2
37.4321044916247,-122.56717023968166,3
37.72642464232102,-122.49568281718524,2
38.184467316924696,-122.50126779490571,2
37.773135695421765,-121.77010849943763,3
37.61977345765031,-122.28702080009897,3
37.24093477448417,-122.25157130297055,2
37.968143604655445,-122.23052082897922,3
37.50175838792498,-122.204980767932,2
37.816031166705336,-122.4484104443562,3
37.65092348442918,-122.53166123001759,2
38.068262026859806,-122.3610143791686,2
37.71986726279001,-122.01451861788028,3
37.75427577591694,-122.02521663404727,3
37.94491150160941,-122.50353946649093,2
38.512329063792116,-122.15065470686616,2
38.085856425625494,-122.48750463206387,3
37.74388786277799,-122.40754530769766,3
37.776019296715354,-122.58513318354396,2
37.59119918888645,-122.48297579861718,3
37.44240150376811,-121.94993447565761,2
37.58143722452679,-122.38705259843127,3
37.50464786270082,-122.37205112200668,1
38.003578934328566,-122.92592622274029,2
37.39998179974586,-122.52763536767145,1
38.241523696483014,-122.50386021631066,2
38.038116234266596,-122.70960021990518,2
37.782075605278685,-122.41181710590375,2
37.775011514012775,-122.56961380157968,1
37.57985154163491,-122.39140145066474,2
37.86942954397172,-122.37687394656336,3
38.15573236212301,-122.75391402523792,2
37.52879523821047,-122.5589456238691,3
37.23821276887845,-122.3923190010337,2
38.02102638919986,-122.00489519909515,2
37.888428090985336,-122.32954828952148,3
37.38283041949559,-122.6510773129711,4
37.51821302018006,-122.27974833426465,2
37.474213504082456,-121.82175788873738,1
37.52131370583802,-122.09855273459384,3
37.66161103608559,-122.22776571434753,4
37.68160844350174,-122.16544343858118,4
37.54712222072604,-121.91541608549997,2
37.509542663175026,-122.04293062209382,2
37.69482547962822,-122.22103386660882,3
37.83359203720085,-122.04537522314347,3
37.66419621227231,-122.79797788369241,3
38.18043345816946,-122.94519283831909,4
37.952730700047276,-122.36441547227466,3
37.21810395009946,-122.3953617516223,2
37.95820471789485,-122.60976851872964,2
37.986840393904956,-122.1303515655603,3
37.62274276115654,-123.07140225525792,2
37.2515808444439,-122.60657028962022,2
37.7777233657939,-122.58913444070716,1
37.77220197198122,-122.99210562478481,2
37.38232381721338,-121.89624414745575,2
37.266973274309024,-122.89512044403216,3
37.744256258741295,-122.62531902005769,2
37.69332298278221,-122.1016070847682,3
37.62885712213716,-122.19328412979993,2
37.74570624283871,-122.80726114376965,2
37.38892826916289,-122.18052877675878,4
37.622712785496866,-122.31797543246962,4
37.96156376071502,-121.60283755326098,1
37.652410471877054,-122.2780208543761,3
37.18970963487261,-122.46883463737399,2
37.60945770279675,-122.7191756849918,4
37.400344537772604,-122.67988517843445,2
37.86839770376161,-122.70841918341385,2
37.88649309118315,-121.93951541513083,3
37.19432888121989,-122.41311052974423,3
38.04055453970377,-122.22156350660885,2
37.38563479455251,-121.88941334000668,3
38.32061380166883,-123.24486244977261,1
37.75782830742479,-121.97179418235487,4
37.3386622755113,-122.40001108087583,1
37.375204875257566,-122.26713306992583,4
37.89673335212557,-122.70934112761188,2
37.63794503853557,-122.68369353945698,2
37.74107113163365,-122.24830393856546,4
38.339373081443966,-121.58479076988398,4
37.53016457751983,-122.06824034051478,3
37.7958870001935,-121.9764669775035,2
38.271845570580574,-122.48660044459149,3
37.86957971641324,-122.62947147860497,3
37.2125890426247,-122.69268173305264,3
37.95178615410625,-122.59029580364384,3
37.367848999775795,-123.13787385160968,1
38.26728263505654,-122.67312177001206,3
37.48689633825071,-122.61552360462095,3
38.814228327710985,-122.48077536103818,2
38.28848159591469,-122.37328746158845,3
37.49608560063021,-122.29254219598103,3
37.781904831750566,-122.42462388035503,3
38.03867549857171,-122.62290508021997,1
38.04918116597935,-123.10657552514293,3
37.92971769099167,-122.62075801294063,2
38.21315566293814,-122.75975772319045,3
37.73186086867797,-122.25627663810249,3
37.64654881599839,-122.10114941115721,3
37.65349760422639,-122.09090012652902,2
38.07533063119025,-122.15446654235527,3
37.90271336410593,-122.46613400740837,4
37.87684928299159,-122.60208444791655,2
38.05323198724002,-122.68088596378347,4
37.05703165725115,-122.94702462081061,3
37.88342408835631,-122.07225120482225,3
37.851399111105806,-122.48054886327549,2
38.35898282845525,-122.8556191027673,2
37.23989420620772,-122.70867198149858,4
38.31991532133187,-122.7228407097514,2
37.801293195123634,-122.4043414302447,1
37.94604633573102,-122.04578625212525,3
38.36147157566329,-122.54119634235845,2
37.971166443801955,-123.20778673017428,3
37.9150289013119,-122.48561311730562,3
37.85970191503081,-122.47406786503402,4
37.60568265275197,-122.49812208082743,3
37.764928806421366,-122.6390114082665,2
37.52447053185704,-122.34329632174595,2
37.75930158520109,-122.39625060969784,3
